zip,lat,lng
00601,18.18027,-66.75266
00602,18.36075,-67.17541
00603,18.45744,-67.12225
00606,18.16585,-66.93716
00610,18.2911,-67.12243
00611,18.27698,-66.80688
00612,18.41283,-66.7051
00616,18.41878,-66.6679
00617,18.44598,-66.56006
00622,17.98892,-67.1566
00623,18.08429,-67.15336
00624,18.05905,-66.71932
00627,18.41905,-66.86037
00631,18.1852,-66.83169
00637,18.081,-66.94659
00638,18.28462,-66.5137
00641,18.26742,-66.70212
00646,18.43251,-66.28429
00647,17.96667,-66.94266
00650,18.34487,-66.58347
00652,18.45614,-66.60194
00653,17.99413,-66.90266
00656,18.04186,-66.79123
00659,18.41036,-66.79691
00660,18.13412,-67.11399
00662,18.46622,-67.01508
00664,18.21064,-66.59066
00667,18.01246,-67.0417
00669,18.27019,-66.86727
00670,18.23782,-66.98852
00674,18.42229,-66.4891
00676,18.37897,-67.08098
00677,18.33535,-67.23155
00678,18.42949,-66.93016
00680,18.16307,-67.36122
00682,18.22415,-67.15309
00683,18.10926,-67.03803
00685,18.33656,-66.97518
00687,18.31707,-66.42029
00688,18.3807,-66.62496
00690,18.49363,-67.09734
00692,18.40905,-66.33768
00693,18.42633,-66.39811
00694,18.48327,-66.39269
00698,18.07274,-66.85519
00703,18.24739,-66.13143
00704,17.97442,-66.22888
00705,18.1294,-66.26653
00707,18.01752,-65.92127
00714,17.9981,-66.05635
00715,17.99738,-66.56104
00716,17.99942,-66.59868
00717,18.00272,-66.61146
00718,18.23145,-65.76067
00719,18.28879,-66.25316
00720,18.21559,-66.42421
00723,18.03139,-66.01122
00725,18.22052,-66.03962
00727,18.21142,-66.07374
00728,18.00697,-66.65995
00729,18.33524,-65.88677
00730,18.03256,-66.61384
00731,18.09914,-66.63279
00735,18.2525,-65.67534
00736,18.10736,-66.14994
00738,18.31793,-65.66793
00739,18.17543,-66.16198
00740,18.33251,-65.63419
00741,18.16569,-65.75506
00745,18.3466,-65.81382
00751,18.01205,-66.25871
00754,18.1447,-65.97565
00757,17.9933,-66.39056
00765,18.12365,-65.43013
00766,18.13039,-66.4757
00767,18.07033,-65.89618
00769,18.09459,-66.3607
00771,18.18797,-65.86916
00772,18.43048,-65.90377
00773,18.34073,-65.72756
00775,18.31387,-65.28618
00777,18.22365,-65.90904
00778,18.26319,-65.97938
00780,18.09998,-66.57032
00782,18.22501,-66.22452
00783,18.30348,-66.32851
00784,18.00558,-66.13651
00786,18.1357,-66.22881
00791,18.14391,-65.81398
00794,18.19934,-66.31179
00795,18.05128,-66.49485
00802,18.34349,-64.9287
00820,17.7388,-64.70695
00830,18.33857,-64.73802
00840,17.72649,-64.84717
00850,17.72763,-64.79122
00851,17.74757,-64.78737
00901,18.46478,-66.10277
00906,18.46446,-66.09499
00907,18.45287,-66.08381
00909,18.44131,-66.06866
00911,18.45133,-66.05636
00912,18.44503,-66.05995
00913,18.45024,-66.04275
00915,18.43673,-66.04576
00917,18.4208,-66.04989
00918,18.42139,-66.06774
00920,18.41904,-66.09023
00921,18.39206,-66.0871
00923,18.41146,-66.03715
00924,18.39987,-66.01344
00925,18.40028,-66.05058
00926,18.34691,-66.05434
00927,18.38884,-66.07149
00934,18.41372,-66.11998
00949,18.43166,-66.21349
00950,18.46201,-66.23917
00951,18.43175,-66.25628
00952,18.42874,-66.18897
00953,18.36319,-66.24764
00956,18.32121,-66.17185
00957,18.36696,-66.18857
00959,18.3852,-66.15583
00960,18.41674,-66.14365
00961,18.40987,-66.16415
00962,18.43514,-66.13949
00965,18.42853,-66.11175
00966,18.39784,-66.11394
00968,18.40609,-66.10123
00969,18.36696,-66.11
00971,18.32067,-66.11751
00976,18.33903,-65.99286
00979,18.43734,-66.0089
00982,18.40961,-65.99143
00983,18.41788,-65.98104
00985,18.40628,-65.94767
00987,18.34115,-65.94257
01001,42.06262,-72.62521
01002,42.37633,-72.46462
01003,42.39135,-72.52327
01005,42.42117,-72.10655
01007,42.28163,-72.40009
01008,42.18234,-72.95819
01009,42.21133,-72.34189
01010,42.12904,-72.20597
01011,42.30233,-72.96448
01012,42.38495,-72.84675
01013,42.16059,-72.60788
01020,42.17618,-72.56538
01022,42.19721,-72.54249
01026,42.46858,-72.92296
01027,42.29506,-72.74303
01028,42.05967,-72.49899
01029,42.19402,-73.05067
01030,42.06869,-72.67967
01031,42.32782,-72.19191
01032,42.45313,-72.81965
01033,42.26082,-72.50361
01034,42.0826,-72.95611
01035,42.35563,-72.5692
01036,42.0638,-72.4157
01037,42.37063,-72.19466
01038,42.38466,-72.60559
01039,42.41049,-72.69188
01040,42.21251,-72.64109
01050,42.29092,-72.87526
01053,42.35205,-72.71032
01054,42.47381,-72.48768
01056,42.19211,-72.45805
01057,42.09118,-72.32392
01060,42.32218,-72.63126
01062,42.32146,-72.69244
01063,42.31962,-72.63951
01066,42.40742,-72.64032
01068,42.35125,-72.04776
01069,42.18798,-72.30578
01070,42.51958,-72.92504
01071,42.16029,-72.8598
01072,42.46327,-72.41893
01073,42.23084,-72.73856
01074,42.3837,-72.10021
01075,42.25672,-72.57928
01077,42.05441,-72.77851
01079,42.18508,-72.33406
01080,42.18228,-72.36515
01081,42.06232,-72.23085
01082,42.29816,-72.27676
01083,42.20652,-72.19906
01084,42.38589,-72.88165
01085,42.15375,-72.76961
01088,42.38981,-72.6465
01089,42.12532,-72.65025
01092,42.20008,-72.23715
01093,42.44335,-72.65099
01094,42.36481,-72.13548
01095,42.12763,-72.42994
01096,42.40968,-72.77213
01097,42.17722,-72.83175
01098,42.39551,-72.94315
01103,42.10443,-72.58997
01104,42.13326,-72.56733
01105,42.09911,-72.57865
01106,42.04877,-72.57163
01107,42.12116,-72.60642
01108,42.0814,-72.55866
01109,42.11839,-72.54876
01118,42.09476,-72.5253
01119,42.12452,-72.51126
01128,42.09497,-72.48806
01129,42.1211,-72.4877
01144,42.10189,-72.59091
01151,42.15294,-72.50883
01201,42.45614,-73.28114
01220,42.62686,-73.11873
01222,42.06242,-73.32146
01223,42.31118,-73.09835
01224,42.50622,-73.19841
01225,42.56385,-73.1512
01226,42.47954,-73.15329
01229,42.29411,-73.35227
01230,42.18197,-73.34244
01235,42.43181,-73.07336
01236,42.26923,-73.37999
01237,42.5529,-73.25373
01238,42.30072,-73.22553
01240,42.37567,-73.26466
01242,42.3334,-73.24967
01243,42.34752,-73.03467
01244,42.10924,-73.27475
01245,42.19043,-73.21579
01247,42.69813,-73.09264
01253,42.20751,-73.1118
01254,42.37972,-73.36608
01255,42.1068,-73.12213
01256,42.59627,-73.01958
01257,42.0976,-73.37241
01258,42.09396,-73.46616
01259,42.07316,-73.23282
01260,42.26663,-73.2712
01262,42.30433,-73.32013
01264,42.23997,-73.19686
01266,42.30264,-73.39846
01267,42.66593,-73.24209
01270,42.51297,-73.04859
01301,42.62375,-72.60379
01330,42.51772,-72.81556
01331,42.56793,-72.18324
01337,42.69512,-72.57731
01338,42.5814,-72.80309
01339,42.61099,-72.88846
01340,42.68805,-72.73205
01341,42.50734,-72.70221
01342,42.54384,-72.6058
01343,42.66766,-72.98822
01344,42.60756,-72.42916
01346,42.6706,-72.81323
01347,42.56027,-72.51321
01349,42.56656,-72.47045
01350,42.72259,-72.98291
01351,42.54162,-72.52069
01354,42.63282,-72.51136
01355,42.45101,-72.33141
01360,42.67575,-72.446
01364,42.60449,-72.29263
01366,42.48858,-72.18564
01367,42.69674,-72.91387
01368,42.67815,-72.18557
01370,42.59607,-72.72915
01373,42.47292,-72.61516
01375,42.46475,-72.55489
01376,42.59273,-72.54591
01378,42.67711,-72.34057
01379,42.54149,-72.3989
01380,42.58675,-72.40264
01420,42.58559,-71.81693
01430,42.66069,-71.9232
01431,42.67652,-71.82322
01432,42.56351,-71.57059
01434,42.53149,-71.61663
01436,42.60579,-72.08958
01438,42.56028,-72.03583
01440,42.58797,-71.98649
01450,42.61368,-71.56139
01451,42.50005,-71.57754
01452,42.48378,-72.00514
01453,42.51961,-71.76583
01460,42.53503,-71.4891
01462,42.58994,-71.72036
01463,42.67126,-71.60429
01464,42.57411,-71.6475
01468,42.55324,-72.06879
01469,42.66514,-71.69161
01473,42.55122,-71.90266
01474,42.67088,-71.7508
01475,42.66675,-72.04902
01501,42.19689,-71.84549
01503,42.38378,-71.63552
01504,42.0399,-71.53125
01505,42.35633,-71.72123
01506,42.19364,-72.10441
01507,42.13509,-71.96803
01510,42.4119,-71.68883
01515,42.20328,-72.04669
01516,42.0528,-71.75106
01518,42.11342,-72.11632
01519,42.20077,-71.67892
01520,42.33685,-71.85181
01521,42.06012,-72.16592
01522,42.38142,-71.87111
01523,42.48176,-71.68079
01524,42.24919,-71.91989
01525,42.09899,-71.64296
01527,42.19228,-71.77397
01529,42.03906,-71.57767
01531,42.31929,-72.12794
01532,42.32314,-71.64621
01534,42.13991,-71.64433
01535,42.2695,-72.07794
01536,42.23189,-71.69219
01537,42.16177,-71.89217
01540,42.11649,-71.85819
01541,42.45649,-71.88128
01542,42.20241,-71.90995
01543,42.38482,-71.96726
01545,42.28419,-71.71558
01550,42.06039,-72.03377
01560,42.17496,-71.67762
01561,42.44581,-71.68845
01562,42.24715,-71.99189
01564,42.44124,-71.77297
01566,42.1047,-72.07745
01568,42.17694,-71.60516
01569,42.05895,-71.63741
01570,42.05206,-71.8485
01571,42.05501,-71.93519
01581,42.26815,-71.61402
01583,42.37034,-71.78502
01585,42.23762,-72.16311
01588,42.11837,-71.66836
01590,42.13387,-71.75179
01602,42.27219,-71.84946
01603,42.24373,-71.84429
01604,42.25085,-71.7683
01605,42.28979,-71.78802
01606,42.31367,-71.79614
01607,42.22684,-71.79037
01608,42.2621,-71.80145
01609,42.28592,-71.82853
01610,42.24645,-71.80968
01611,42.23945,-71.87702
01612,42.31037,-71.93095
01701,42.32195,-71.43796
01702,42.28242,-71.43428
01718,42.52165,-71.42983
01719,42.48837,-71.51779
01720,42.48397,-71.43809
01721,42.25726,-71.46867
01730,42.4995,-71.27799
01731,42.46422,-71.28202
01740,42.43616,-71.60728
01741,42.53001,-71.35128
01742,42.46221,-71.36504
01745,42.29155,-71.50101
01746,42.19775,-71.44499
01747,42.12477,-71.535
01748,42.2255,-71.53781
01749,42.38868,-71.54648
01752,42.3494,-71.54681
01754,42.4264,-71.45607
01756,42.09301,-71.55146
01757,42.15723,-71.51978
01760,42.28436,-71.34966
01770,42.23416,-71.37532
01772,42.30144,-71.5304
01773,42.42572,-71.31013
01775,42.42983,-71.51146
01776,42.38456,-71.42316
01778,42.3583,-71.35895
01801,42.48694,-71.15415
01803,42.5028,-71.20147
01810,42.64669,-71.16517
01821,42.54999,-71.25206
01824,42.59156,-71.35553
01826,42.68323,-71.30063
01827,42.67643,-71.50052
01830,42.7959,-71.05323
01832,42.79099,-71.13133
01833,42.72409,-70.9821
01834,42.75198,-71.01486
01835,42.75292,-71.08602
01840,42.70695,-71.16014
01841,42.71077,-71.16494
01843,42.68985,-71.16095
01844,42.73426,-71.18858
01845,42.67132,-71.08669
01850,42.65569,-71.30292
01851,42.62915,-71.33674
01852,42.63231,-71.29538
01854,42.64939,-71.34827
01860,42.83858,-71.01194
01862,42.57427,-71.29437
01863,42.63274,-71.39132
01864,42.58156,-71.08759
01867,42.53505,-71.1055
01876,42.61206,-71.22733
01879,42.66626,-71.42911
01880,42.50348,-71.06559
01886,42.58642,-71.44008
01887,42.56091,-71.16541
01890,42.45177,-71.14628
01901,42.46125,-70.94639
01902,42.4712,-70.93983
01904,42.49151,-70.97166
01905,42.46355,-70.9733
01906,42.46922,-71.01299
01907,42.47572,-70.90684
01908,42.42856,-70.92614
01913,42.85297,-70.94459
01915,42.56841,-70.8647
01921,42.6815,-71.01887
01922,42.75862,-70.91758
01923,42.57398,-70.94923
01929,42.63478,-70.77684
01930,42.62605,-70.68966
01937,42.58579,-70.98406
01938,42.68568,-70.83989
01940,42.53523,-71.03695
01944,42.58154,-70.76825
01945,42.49924,-70.86348
01949,42.6043,-71.01641
01950,42.81237,-70.88785
01951,42.77742,-70.85022
01952,42.84655,-70.86163
01960,42.53374,-70.97222
01965,42.56294,-70.82996
01966,42.65432,-70.62227
01969,42.72235,-70.88832
01970,42.51298,-70.90266
01982,42.62669,-70.85789
01983,42.63728,-70.94251
01984,42.60078,-70.8826
01985,42.7939,-70.96906
02019,42.0777,-71.47407
02021,42.17504,-71.12645
02025,42.23603,-70.81906
02026,42.24665,-71.1777
02030,42.2366,-71.28421
02032,42.15489,-71.2155
02035,42.06266,-71.24613
02038,42.08622,-71.41126
02043,42.21678,-70.88494
02045,42.28437,-70.88266
02047,42.14582,-70.69603
02048,42.01626,-71.21868
02050,42.11443,-70.71487
02052,42.1848,-71.30501
02053,42.15352,-71.42906
02054,42.1693,-71.36261
02056,42.11632,-71.32952
02061,42.16075,-70.81772
02062,42.18563,-71.19464
02066,42.20129,-70.76155
02067,42.10778,-71.18183
02071,42.10392,-71.27002
02072,42.1192,-71.10189
02081,42.14689,-71.25916
02090,42.22024,-71.21057
02093,42.05129,-71.35522
02108,42.35657,-71.06516
02109,42.36498,-71.05277
02110,42.35797,-71.05189
02111,42.35067,-71.06054
02113,42.36526,-71.05524
02114,42.36337,-71.06686
02115,42.34046,-71.09481
02116,42.35105,-71.07638
02118,42.33806,-71.07057
02119,42.32405,-71.08522
02120,42.33212,-71.09654
02121,42.3057,-71.08693
02122,42.29427,-71.05185
02124,42.28583,-71.07114
02125,42.31578,-71.0562
02126,42.27588,-71.0918
02127,42.33455,-71.03875
02128,42.37324,-71.01616
02129,42.37975,-71.06167
02130,42.30823,-71.11515
02131,42.28392,-71.12468
02132,42.27931,-71.16072
02133,42.35838,-71.06383
02134,42.35855,-71.12931
02135,42.34989,-71.15417
02136,42.25505,-71.12662
02138,42.37997,-71.13446
02139,42.36224,-71.10253
02140,42.39332,-71.13342
02141,42.37041,-71.08218
02142,42.36295,-71.08189
02143,42.38142,-71.09677
02144,42.40088,-71.122
02145,42.39206,-71.0895
02148,42.43048,-71.05762
02149,42.40643,-71.05446
02150,42.39587,-71.03251
02151,42.41887,-71.004
02152,42.37724,-70.98115
02155,42.42324,-71.10878
02163,42.36717,-71.12509
02169,42.23971,-71.01802
02170,42.26644,-71.01621
02171,42.28709,-71.02604
02176,42.45561,-71.05901
02180,42.47396,-71.09705
02184,42.20386,-71.0022
02186,42.23854,-71.08464
02188,42.20724,-70.95764
02189,42.2111,-70.93135
02190,42.16625,-70.95253
02191,42.24434,-70.94378
02199,42.34748,-71.08199
02203,42.36144,-71.05945
02205,42.34935,-71.05564
02210,42.34815,-71.03942
02215,42.34741,-71.10276
02301,42.07791,-71.04223
02302,42.08792,-70.99864
02322,42.12666,-71.04922
02324,41.97272,-70.97498
02325,41.98875,-70.96449
02330,41.87388,-70.7563
02332,42.04651,-70.71388
02333,42.03521,-70.94235
02338,41.99138,-70.86326
02339,42.12241,-70.85665
02341,42.05604,-70.87251
02343,42.14733,-71.00484
02346,41.88034,-70.87446
02347,41.83101,-70.9594
02350,42.02043,-70.84562
02351,42.11805,-70.95905
02356,42.05519,-71.12071
02357,42.06224,-71.07751
02359,42.06547,-70.8014
02360,41.87817,-70.63089
02364,41.98616,-70.74823
02366,41.84868,-70.6613
02367,41.96345,-70.80975
02368,42.17506,-71.05011
02370,42.1295,-70.91002
02375,42.01954,-71.10381
02379,42.02139,-71.0267
02382,42.08,-70.93993
02420,42.45821,-71.21762
02421,42.438,-71.23922
02445,42.32581,-71.13319
02446,42.3435,-71.12179
02451,42.39859,-71.2573
02452,42.39365,-71.2202
02453,42.36918,-71.24101
02457,42.29777,-71.26887
02458,42.35294,-71.18763
02459,42.31515,-71.19174
02460,42.35206,-71.20835
02461,42.31693,-71.20875
02462,42.33102,-71.25599
02464,42.31274,-71.21981
02465,42.34969,-71.22646
02466,42.34541,-71.24759
02467,42.31725,-71.16096
02468,42.32777,-71.23142
02472,42.37,-71.17713
02474,42.42053,-71.15666
02476,42.41597,-71.17437
02478,42.39602,-71.17955
02481,42.31064,-71.27779
02482,42.29455,-71.29859
02492,42.27615,-71.24387
02493,42.35893,-71.30009
02494,42.29959,-71.2317
02532,41.75111,-70.59713
02534,41.66626,-70.61628
02535,41.34896,-70.74629
02536,41.59706,-70.56677
02537,41.72882,-70.44317
02538,41.77872,-70.65077
02539,41.37994,-70.53227
02540,41.57128,-70.62807
02542,41.70194,-70.54824
02543,41.48731,-70.74525
02553,41.71297,-70.62011
02554,41.28555,-70.08043
02556,41.63903,-70.62521
02557,41.44218,-70.56648
02558,41.74453,-70.65377
02559,41.69237,-70.61374
02561,41.76782,-70.53281
02562,41.78753,-70.52746
02563,41.71995,-70.4818
02564,41.26552,-69.98608
02568,41.44341,-70.61534
02571,41.76184,-70.70138
02575,41.39651,-70.65496
02576,41.77807,-70.76338
02584,41.25753,-70.00522
02601,41.66,-70.29327
02630,41.69674,-70.3052
02631,41.74673,-70.06894
02632,41.66074,-70.34826
02633,41.68949,-69.97397
02635,41.62348,-70.44051
02637,41.70493,-70.27245
02638,41.73225,-70.19459
02639,41.66639,-70.13535
02641,41.75221,-70.15176
02642,41.83976,-69.97711
02643,41.75534,-69.94002
02644,41.68361,-70.51202
02645,41.70352,-70.06215
02646,41.67103,-70.07144
02647,41.63127,-70.30909
02648,41.67237,-70.41545
02649,41.61778,-70.49077
02650,41.7036,-69.96589
02652,42.0428,-70.09276
02653,41.76901,-69.9737
02655,41.62972,-70.39263
02657,42.06139,-70.19813
02659,41.68258,-70.02234
02660,41.70828,-70.15517
02663,41.90576,-69.989
02664,41.67486,-70.19446
02666,41.98817,-70.04603
02667,41.92937,-70.02074
02668,41.70713,-70.36246
02670,41.66,-70.17098
02671,41.66938,-70.11087
02672,41.6357,-70.31878
02673,41.6557,-70.24447
02675,41.70401,-70.22883
02702,41.78452,-71.06112
02703,41.93108,-71.29499
02713,41.42818,-70.89102
02715,41.81681,-71.15064
02717,41.75405,-70.98312
02718,41.86902,-71.01128
02719,41.63945,-70.87322
02720,41.73095,-71.10932
02721,41.67451,-71.14869
02723,41.69237,-71.1309
02724,41.68372,-71.17949
02725,41.71253,-71.18426
02726,41.76073,-71.14444
02738,41.7092,-70.76362
02739,41.6687,-70.81705
02740,41.63802,-70.93839
02743,41.71323,-70.90054
02744,41.60789,-70.91286
02745,41.70284,-70.94695
02746,41.66474,-70.945
02747,41.6577,-71.01202
02748,41.56096,-70.97963
02760,41.97004,-71.33586
02762,42.01409,-71.33642
02763,41.96666,-71.30743
02764,41.8562,-71.16022
02766,41.96402,-71.18418
02767,41.93939,-71.05191
02769,41.84394,-71.24559
02770,41.75875,-70.84048
02771,41.83787,-71.31736
02777,41.75699,-71.21208
02779,41.83492,-71.07543
02780,41.90743,-71.11939
02790,41.59967,-71.08266
02791,41.52262,-71.08266
02802,41.95221,-71.4559
02804,41.43546,-71.77196
02806,41.7443,-71.31453
02807,41.17762,-71.57854
02808,41.40606,-71.74802
02809,41.68266,-71.26938
02812,41.47625,-71.66094
02813,41.3971,-71.67003
02814,41.89959,-71.69888
02815,41.77723,-71.66177
02816,41.69035,-71.61954
02817,41.6291,-71.66711
02818,41.64214,-71.49307
02822,41.56736,-71.63348
02823,41.73328,-71.54479
02824,41.99934,-71.56322
02825,41.78212,-71.72596
02826,41.98248,-71.64539
02827,41.69792,-71.73847
02828,41.87672,-71.56065
02829,41.89377,-71.59129
02830,41.98016,-71.6484
02831,41.74461,-71.58442
02832,41.50469,-71.72807
02833,41.48117,-71.77787
02835,41.51479,-71.37742
02836,41.45145,-71.62027
02837,41.51524,-71.16455
02838,41.96552,-71.47628
02839,41.9433,-71.64581
02840,41.47838,-71.31993
02841,41.51261,-71.32522
02842,41.51739,-71.27667
02852,41.58809,-71.46094
02857,41.82705,-71.63083
02858,41.96354,-71.64893
02859,41.9665,-71.7464
02860,41.87036,-71.38855
02861,41.87863,-71.35228
02863,41.89005,-71.39336
02864,41.97025,-71.41978
02865,41.91251,-71.44822
02871,41.58384,-71.2564
02872,41.61718,-71.32886
02873,41.5257,-71.77734
02874,41.51543,-71.46985
02875,41.46052,-71.63848
02876,41.99801,-71.58301
02878,41.60905,-71.17413
02879,41.42865,-71.53837
02881,41.4825,-71.52694
02882,41.4253,-71.46816
02885,41.72821,-71.26287
02886,41.70493,-71.45892
02888,41.74909,-71.41123
02889,41.70602,-71.39106
02891,41.36043,-71.79429
02892,41.50226,-71.60174
02893,41.69856,-71.51566
02894,41.44761,-71.69759
02895,42.00103,-71.49923
02896,41.97285,-71.55027
02898,41.52184,-71.67166
02903,41.81902,-71.41003
02904,41.86058,-71.43539
02905,41.78769,-71.39886
02906,41.83964,-71.38963
02907,41.79867,-71.42581
02908,41.83877,-71.43926
02909,41.81825,-71.45078
02910,41.77552,-71.43564
02911,41.85467,-71.47325
02912,41.82783,-71.39959
02914,41.81326,-71.36608
02915,41.77725,-71.34906
02916,41.84438,-71.35258
02917,41.90615,-71.52365
02918,41.84386,-71.43499
02919,41.82733,-71.52002
02920,41.76719,-71.4655
02921,41.76292,-71.51571
03031,42.87056,-71.60683
03032,42.99063,-71.34383
03033,42.74643,-71.67054
03034,43.06269,-71.31106
03036,42.96719,-71.25083
03037,43.1395,-71.2535
03038,42.88867,-71.27932
03042,43.05009,-71.07467
03043,42.99581,-71.81514
03044,42.98899,-71.12494
03045,43.01994,-71.57035
03046,43.10178,-71.60548
03047,42.94029,-71.87053
03048,42.74668,-71.76268
03049,42.7494,-71.58338
03051,42.76394,-71.40716
03052,42.84302,-71.455
03053,42.87927,-71.38702
03054,42.85471,-71.51878
03055,42.81783,-71.67361
03057,42.90265,-71.6861
03060,42.74135,-71.45936
03062,42.72212,-71.49556
03063,42.7795,-71.51939
03064,42.77886,-71.47466
03070,42.97702,-71.68664
03071,42.74892,-71.8747
03076,42.73354,-71.324
03077,43.03219,-71.19945
03079,42.79023,-71.22024
03082,42.90197,-71.77545
03084,42.82856,-71.85495
03086,42.82741,-71.76967
03087,42.80758,-71.29945
03101,42.98881,-71.4659
03102,43.00797,-71.49134
03103,42.95536,-71.44463
03104,43.00926,-71.4411
03106,43.07097,-71.43651
03109,42.96594,-71.40167
03110,42.94065,-71.53023
03215,44.03605,-71.48109
03216,43.44656,-71.79374
03217,43.71492,-71.63033
03218,43.33465,-71.28803
03220,43.46793,-71.4758
03221,43.25482,-71.96122
03222,43.62895,-71.78234
03223,43.84784,-71.67597
03224,43.35171,-71.54691
03225,43.36001,-71.23828
03226,43.70259,-71.51086
03227,43.81419,-71.45712
03229,43.19792,-71.69677
03230,43.52685,-71.8622
03231,43.45555,-71.75551
03233,43.42325,-71.93322
03234,43.21484,-71.33914
03235,43.44831,-71.67208
03237,43.42997,-71.38233
03238,43.98168,-71.88701
03240,43.57599,-71.97221
03241,43.71149,-71.81915
03242,43.17365,-71.8224
03243,43.5276,-71.7644
03244,43.11822,-71.9192
03245,43.75026,-71.58852
03246,43.57239,-71.4775
03249,43.55806,-71.38505
03251,44.0796,-71.65276
03253,43.63193,-71.49749
03254,43.72505,-71.37782
03255,43.3149,-72.02795
03256,43.62425,-71.63514
03257,43.41768,-71.99101
03258,43.25744,-71.39956
03259,43.87921,-71.44527
03260,43.36016,-71.92457
03261,43.21322,-71.20966
03262,43.99885,-71.73813
03263,43.29483,-71.31133
03264,43.72967,-71.71159
03266,43.79407,-71.89035
03268,43.38505,-71.7574
03269,43.53,-71.60219
03273,43.30337,-71.92413
03275,43.15999,-71.41794
03276,43.42783,-71.57514
03278,43.29313,-71.82934
03279,43.94468,-71.88231
03280,43.18339,-72.08979
03281,43.08126,-71.72189
03282,43.86006,-71.9295
03284,43.49361,-72.03057
03285,43.92408,-71.64359
03287,43.45168,-71.91795
03290,43.12391,-71.12089
03291,43.17976,-71.14205
03293,43.97696,-71.67721
03301,43.22423,-71.54342
03303,43.29819,-71.67186
03304,43.13078,-71.53066
03307,43.32257,-71.44265
03431,42.96785,-72.29862
03440,43.06023,-71.97446
03441,42.77737,-72.44263
03442,43.01268,-71.90781
03443,42.8767,-72.46148
03444,42.89403,-72.07178
03445,43.01555,-72.2137
03446,42.86163,-72.29639
03447,42.7592,-72.14794
03448,43.03996,-72.26448
03449,42.98222,-72.00037
03450,42.94157,-72.09107
03451,42.80907,-72.50029
03452,42.82922,-72.05962
03455,42.89816,-72.18308
03456,43.13092,-72.21505
03457,43.00282,-72.12933
03458,42.86906,-71.93797
03461,42.75234,-72.01071
03462,42.8949,-72.40507
03464,43.08256,-72.11085
03465,42.82677,-72.18988
03466,42.89525,-72.50964
03467,42.96894,-72.43203
03470,42.77869,-72.34413
03561,44.33222,-71.80973
03570,44.49953,-71.20396
03574,44.25386,-71.59924
03575,44.28946,-71.41722
03576,44.89839,-71.37178
03579,44.95234,-71.04182
03580,44.17347,-71.69519
03581,44.34227,-71.13413
03582,44.59777,-71.43703
03583,44.40148,-71.4583
03584,44.48696,-71.54278
03585,44.22538,-71.89703
03586,44.22058,-71.7963
03588,44.60545,-71.23204
03590,44.74195,-71.51485
03592,45.1128,-71.25493
03593,44.29816,-71.31774
03595,44.30616,-71.527
03597,44.73439,-71.38243
03598,44.37998,-71.63179
03601,43.23933,-72.29855
03602,43.13751,-72.32938
03603,43.25339,-72.38059
03604,43.13232,-72.38984
03605,43.22815,-72.18032
03607,43.19698,-72.26084
03608,43.07128,-72.40604
03609,43.1441,-72.44512
03740,44.18025,-71.98626
03741,43.67134,-72.01559
03743,43.36026,-72.32489
03745,43.47407,-72.32001
03748,43.60207,-72.11713
03750,43.70681,-72.19308
03751,43.44363,-72.08394
03752,43.28909,-72.11489
03753,43.51534,-72.14798
03755,43.72377,-72.19563
03765,44.03452,-72.05231
03766,43.63491,-72.23819
03768,43.80529,-72.11573
03770,43.5336,-72.26469
03771,44.28443,-72.0098
03773,43.38484,-72.19898
03774,44.09097,-71.9947
03777,43.89548,-72.06672
03779,43.97477,-72.03089
03780,44.03169,-71.97142
03781,43.5526,-72.28399
03782,43.38962,-72.09149
03784,43.63675,-72.30608
03785,44.06525,-71.87017
03801,43.07293,-70.8052
03809,43.45321,-71.21184
03810,43.52692,-71.27941
03811,42.83693,-71.16042
03812,44.08148,-71.29643
03813,44.09408,-71.04573
03814,43.77341,-71.18717
03816,43.69753,-71.24218
03817,43.8885,-71.23358
03818,43.97302,-71.25261
03819,42.93012,-71.12197
03820,43.18933,-70.88428
03823,43.17488,-70.94089
03824,43.11744,-70.91937
03825,43.21366,-71.04227
03826,42.88878,-71.12881
03827,42.90691,-70.98774
03830,43.63549,-70.99568
03832,43.90249,-71.04859
03833,42.97464,-70.98885
03835,43.36319,-71.07605
03836,43.82608,-71.07118
03837,43.42271,-71.32766
03838,44.11257,-71.24036
03839,43.26256,-70.98254
03840,43.03853,-70.84803
03841,42.88148,-71.17856
03842,42.93941,-70.83697
03844,42.92693,-70.88603
03845,44.10317,-71.1271
03846,44.18445,-71.18899
03847,44.06875,-71.12162
03848,42.91562,-71.06647
03849,43.89454,-71.13101
03850,43.69739,-71.29983
03851,43.43606,-71.01633
03852,43.4982,-70.97547
03853,43.63818,-71.29371
03854,43.06558,-70.72003
03855,43.46343,-71.14172
03856,43.03916,-70.96627
03857,43.0691,-70.95164
03858,42.86839,-71.04357
03860,44.0427,-71.12422
03861,43.11931,-71.0068
03862,42.97914,-70.83025
03864,43.69044,-71.10631
03865,42.84032,-71.09603
03867,43.3031,-70.98891
03868,43.31879,-70.9415
03869,43.22092,-70.83995
03870,43.0157,-70.76052
03871,42.9807,-70.77358
03872,43.57225,-71.04249
03873,42.93321,-71.1833
03874,42.88689,-70.8607
03875,43.89944,-71.18636
03878,43.25335,-70.88555
03882,43.74727,-71.04254
03883,43.81252,-71.30789
03884,43.28018,-71.14885
03885,43.01579,-70.90051
03886,43.86399,-71.28783
03887,43.48485,-71.0662
03890,43.81528,-71.20581
03894,43.61109,-71.17788
03897,43.90841,-71.32453
03901,43.30063,-70.84397
03902,43.22246,-70.63788
03903,43.14885,-70.786
03904,43.11025,-70.73201
03905,43.08481,-70.68449
03906,43.3447,-70.77759
03907,43.25474,-70.611
03908,43.23838,-70.74795
03909,43.16786,-70.68105
03910,43.17374,-70.60842
03911,43.13424,-70.63695
04001,43.52991,-70.92078
04002,43.49572,-70.67922
04003,43.73362,-69.98724
04005,43.49591,-70.49537
04006,43.44397,-70.34272
04008,44.03664,-69.86337
04009,44.04791,-70.73632
04010,43.93341,-70.91718
04011,43.90068,-69.97607
04015,43.96503,-70.5205
04017,43.72974,-70.11317
04019,43.69149,-70.0999
04020,43.76811,-70.81028
04021,43.79756,-70.26519
04022,43.98055,-70.80718
04024,43.83556,-70.67701
04027,43.40333,-70.91155
04029,43.89479,-70.66007
04030,43.59301,-70.69553
04032,43.85561,-70.10085
04037,44.09129,-70.94942
04038,43.70343,-70.4581
04039,43.88744,-70.34532
04040,44.10922,-70.71784
04041,43.86416,-70.82631
04042,43.62953,-70.62453
04043,43.39721,-70.57071
04046,43.42027,-70.4921
04047,43.73552,-70.91152
04048,43.68862,-70.78642
04049,43.7356,-70.70263
04050,43.69148,-70.15714
04051,44.18945,-70.88477
04055,43.97065,-70.61444
04056,43.66066,-70.85875
04057,44.09563,-70.70177
04061,43.63409,-70.74312
04062,43.79798,-70.40547
04063,43.50145,-70.39551
04064,43.52635,-70.38985
04066,43.77332,-69.96808
04068,43.84009,-70.9409
04069,43.89918,-70.18191
04071,43.89598,-70.48133
04072,43.53898,-70.46236
04073,43.41301,-70.74237
04074,43.59103,-70.3683
04076,43.55248,-70.83793
04079,43.80343,-69.94972
04083,43.46728,-70.81359
04084,43.76637,-70.55893
04085,43.7809,-70.62553
04086,43.96145,-69.95872
04087,43.56234,-70.74529
04088,44.19352,-70.71906
04090,43.32669,-70.63356
04091,43.83035,-70.74858
04092,43.69542,-70.35389
04093,43.64282,-70.53765
04095,43.63925,-70.90749
04096,43.7978,-70.1719
04097,43.85123,-70.23636
04101,43.6624,-70.2586
04102,43.65877,-70.30622
04103,43.69392,-70.2909
04105,43.74753,-70.2825
04106,43.63081,-70.28972
04107,43.5891,-70.23801
04108,43.66057,-70.18901
04109,43.66732,-70.19984
04110,43.75834,-70.19905
04210,44.08505,-70.24923
04216,44.70046,-70.8142
04217,44.36726,-70.83364
04219,44.40924,-70.59285
04220,44.33511,-70.35286
04221,44.47242,-70.29857
04222,43.9644,-70.12954
04224,44.58001,-70.40058
04226,44.62555,-70.70823
04227,44.56866,-70.29471
04231,44.26438,-70.88777
04234,44.61624,-70.19359
04236,44.19036,-70.14461
04237,44.49665,-70.7256
04238,44.20785,-70.37937
04239,44.53062,-70.20935
04240,44.09147,-70.16808
04250,44.02582,-70.11706
04252,44.02719,-70.06011
04253,44.4079,-70.21503
04254,44.43249,-70.14265
04255,44.33505,-70.66863
04256,44.10294,-70.40733
04257,44.57347,-70.51358
04258,44.14829,-70.33794
04259,44.22762,-70.00868
04260,43.96409,-70.29589
04261,44.5631,-70.91907
04263,44.29476,-70.13061
04265,44.27542,-70.04276
04267,44.22478,-70.77084
04268,44.22842,-70.60651
04270,44.11241,-70.51559
04271,44.26099,-70.49871
04274,44.04634,-70.38999
04275,44.68966,-70.63729
04276,44.53469,-70.61541
04280,44.1215,-70.06152
04281,44.2445,-70.48832
04282,44.26709,-70.24291
04284,44.34757,-70.0651
04285,44.70625,-70.4523
04286,44.4032,-70.86019
04287,44.05812,-69.9694
04289,44.32108,-70.53248
04290,44.47354,-70.45058
04292,44.37461,-70.44674
04294,44.62346,-70.27075
04330,44.36387,-69.73729
04341,44.25997,-69.55485
04342,44.07942,-69.73939
04344,44.2588,-69.82125
04345,44.19816,-69.7841
04346,44.23469,-69.75068
04347,44.29047,-69.81399
04348,44.21521,-69.49922
04349,44.43734,-70.07014
04350,44.16266,-69.93942
04351,44.33174,-69.86082
04352,44.46478,-69.96225
04353,44.2052,-69.6126
04354,44.39602,-69.42709
04355,44.38227,-69.94915
04357,44.12366,-69.82883
04358,44.41821,-69.53286
04359,44.17947,-69.76134
04360,44.54741,-70.00299
04363,44.31101,-69.57807
04364,44.31158,-69.96153
04401,44.84711,-68.84654
04406,45.2186,-69.57816
04408,44.9877,-68.23246
04410,45.08821,-68.90696
04411,44.88634,-68.56672
04412,44.78354,-68.73517
04413,45.55647,-67.8274
04414,45.40654,-69.08568
04415,45.35308,-69.05832
04416,44.62725,-68.75286
04417,45.19923,-68.36728
04418,45.07572,-68.50689
04419,44.7969,-69.03154
04421,44.4111,-68.79524
04422,45.07097,-69.03408
04424,45.67003,-67.86144
04426,45.1849,-69.15827
04427,44.9805,-69.01063
04428,44.80643,-68.55584
04429,44.72039,-68.6171
04430,45.64662,-68.58646
04431,44.56453,-68.6678
04434,44.78529,-69.13385
04435,44.96435,-69.13539
04438,44.59856,-68.91904
04441,45.68984,-69.32252
04442,45.47446,-69.69538
04443,45.24412,-69.40572
04444,44.72591,-68.94585
04448,45.31208,-68.71977
04449,44.99761,-68.88357
04450,44.91593,-68.92797
04451,45.6035,-68.21915
04453,45.18229,-68.78244
04454,45.5222,-67.52516
04455,45.3223,-68.27511
04456,44.88645,-68.9977
04457,45.43432,-68.52821
04459,45.58898,-68.33948
04460,45.64134,-68.52638
04461,44.98057,-68.57243
04462,45.86541,-68.93072
04463,45.28117,-68.90569
04464,45.29104,-69.50202
04468,45.0263,-68.72323
04469,44.90251,-68.66624
04471,45.8912,-67.8471
04472,44.57334,-68.67736
04473,44.88594,-68.71888
04474,44.71501,-68.77901
04475,45.1845,-68.58681
04476,44.47474,-68.70521
04478,45.7299,-69.76857
04479,45.12755,-69.30688
04481,45.24298,-69.10423
04485,45.362,-69.61562
04487,45.39371,-68.1006
04488,44.87586,-69.11143
04489,44.91074,-68.69119
04490,45.39527,-67.82458
04491,45.56705,-67.51353
04492,45.34738,-67.6658
04493,45.23853,-68.53301
04495,45.45464,-68.32985
04496,44.65839,-68.91189
04497,45.7249,-68.06619
04530,43.89156,-69.8306
04535,44.08778,-69.63436
04537,43.90241,-69.62498
04538,43.85632,-69.62807
04539,43.96429,-69.50513
04541,43.88671,-69.48411
04543,44.03446,-69.49211
04544,43.83316,-69.58997
04547,43.99388,-69.32779
04548,43.81499,-69.74804
04551,44.00648,-69.42701
04553,44.04787,-69.57145
04554,43.86348,-69.50481
04555,44.10597,-69.47687
04556,43.96867,-69.62311
04558,43.89974,-69.51499
04562,43.78758,-69.82764
04563,44.0151,-69.25655
04564,43.93089,-69.46761
04568,43.89652,-69.56153
04570,43.80844,-69.63088
04571,43.89949,-69.67516
04572,44.10984,-69.36956
04573,43.95063,-69.55025
04574,44.2734,-69.39105
04575,43.85383,-69.66016
04576,43.82244,-69.6671
04578,43.98136,-69.6926
04579,43.96216,-69.76872
04605,44.66038,-68.41623
04606,44.57697,-67.70281
04607,44.47689,-68.05228
04609,44.38518,-68.27108
04611,44.48771,-67.59633
04612,44.25954,-68.37722
04613,44.37498,-68.03593
04614,44.41819,-68.58223
04616,44.28346,-68.57069
04617,44.36929,-68.73081
04619,45.13397,-67.22401
04622,44.75555,-67.95143
04623,44.70786,-67.70824
04624,44.42438,-67.9877
04625,44.25041,-68.25503
04626,44.68494,-67.22169
04627,44.22275,-68.66581
04628,44.87275,-67.28238
04630,44.8471,-67.47287
04631,44.91373,-67.01834
04634,44.63457,-68.22253
04635,44.11376,-68.35479
04640,44.53803,-68.30573
04642,44.33906,-68.79591
04643,44.57876,-67.80562
04645,44.05408,-68.6282
04646,44.26007,-68.22812
04648,44.65899,-67.59585
04649,44.56606,-67.5817
04650,44.28924,-68.71412
04652,44.82234,-67.07457
04653,44.23705,-68.3431
04654,44.78128,-67.57716
04655,44.66467,-67.39318
04657,44.97624,-67.41965
04658,44.53873,-67.87257
04660,44.34026,-68.33231
04662,44.30766,-68.28735
04664,44.53906,-68.12797
04666,44.97646,-67.22204
04667,44.97853,-67.10413
04668,45.19846,-67.70543
04669,44.40014,-68.01841
04671,45.06618,-67.16247
04673,44.30484,-68.67028
04674,44.29347,-68.40883
04675,44.30083,-68.24223
04676,44.34741,-68.64238
04677,44.49016,-68.17945
04679,44.27843,-68.33247
04680,44.50699,-67.94485
04681,44.16655,-68.65646
04683,44.23596,-68.82368
04684,44.49335,-68.52796
04685,44.15869,-68.44015
04686,44.98619,-67.69015
04691,44.76178,-67.25217
04693,44.38479,-68.07828
04694,45.09987,-67.46518
04730,46.12574,-67.91471
04732,46.56679,-68.49326
04733,45.74275,-68.40311
04734,46.48479,-67.91955
04735,46.38072,-68.02865
04736,46.90661,-68.01998
04737,46.61641,-69.52178
04739,46.97137,-68.61049
04740,46.64325,-67.85487
04742,46.77766,-67.85526
04743,47.15427,-68.72512
04745,47.27371,-68.39936
04746,47.24885,-68.12472
04747,45.94854,-68.19649
04750,46.9582,-67.85718
04756,47.33054,-68.30176
04757,46.6141,-68.18278
04758,46.55426,-67.84732
04760,46.32354,-67.90928
04761,46.11857,-67.97183
04762,46.97574,-68.12094
04763,46.08068,-68.10371
04764,46.36843,-68.34229
04765,46.06884,-68.64477
04766,46.88162,-68.23911
04768,46.7878,-68.82875
04769,46.68676,-67.98737
04772,47.23375,-68.32732
04773,47.27426,-68.22649
04774,47.10285,-69.05048
04776,45.8105,-68.31818
04777,45.83515,-68.48952
04779,47.11615,-68.31162
04780,46.1677,-68.26924
04781,47.14634,-68.61883
04783,47.03586,-68.18907
04785,47.12678,-68.00368
04786,46.79207,-68.17878
04787,46.55166,-67.97685
04841,44.12739,-69.13686
04843,44.22929,-69.08924
04847,44.25104,-69.18962
04848,44.31083,-68.90896
04849,44.3179,-69.04753
04851,43.85227,-68.8916
04852,43.76561,-69.31235
04853,44.15172,-68.86311
04854,44.04344,-69.08504
04855,43.93797,-69.26958
04856,44.17798,-69.12007
04858,44.04638,-69.1452
04859,44.00068,-69.16112
04860,43.968,-69.22817
04861,44.09302,-69.17483
04862,44.26186,-69.27703
04863,44.07898,-68.84384
04864,44.12946,-69.24481
04901,44.55449,-69.57037
04910,44.517,-69.44123
04911,44.78039,-69.96112
04912,44.97286,-69.68045
04915,44.46643,-69.04156
04917,44.48959,-69.84167
04918,44.55027,-69.86651
04920,45.11323,-69.83863
04921,44.57256,-69.13326
04922,44.68739,-69.38255
04923,45.03722,-69.44533
04924,44.77922,-69.54967
04925,45.21477,-69.90509
04926,44.48035,-69.51521
04927,44.67021,-69.53589
04928,44.94973,-69.25695
04929,44.76238,-69.31131
04930,45.02656,-69.32835
04932,44.6957,-69.13335
04936,45.32923,-70.62715
04937,44.63546,-69.67635
04938,44.65881,-70.10329
04939,45.05436,-69.15859
04940,44.62018,-70.07508
04941,44.4654,-69.3017
04942,45.04148,-69.59241
04943,44.87994,-69.52054
04944,44.68737,-69.64237
04945,45.57669,-70.27974
04947,45.03319,-70.2391
04949,44.36712,-69.34029
04950,44.83241,-69.80556
04951,44.60716,-69.04575
04952,44.40934,-69.14261
04953,44.86017,-69.23297
04955,44.63998,-70.00799
04956,44.80533,-70.11215
04957,44.70419,-69.8471
04958,44.90561,-69.92494
04961,45.16024,-70.1665
04963,44.56621,-69.81463
04964,44.9355,-70.83584
04965,44.84563,-69.36272
04966,44.82476,-70.47877
04967,44.77138,-69.43866
04969,44.77019,-69.22461
04970,45.00032,-70.63519
04971,44.93191,-69.39225
04973,44.36229,-69.19303
04974,44.4893,-68.92996
04975,44.62549,-69.58837
04976,44.79873,-69.66951
04978,44.63466,-69.80789
04979,44.94105,-69.79731
04981,44.53228,-68.85941
04982,45.11443,-70.40494
04983,44.92171,-70.30599
04984,44.69648,-70.28054
04985,45.3751,-69.8746
04986,44.55286,-69.22354
04987,44.67915,-69.25361
04988,44.59588,-69.35959
04989,44.4299,-69.64784
04992,44.65983,-70.15584
05001,43.67309,-72.37943
05009,43.64769,-72.34395
05030,43.39989,-72.40981
05031,43.72361,-72.5872
05032,43.80193,-72.65708
05033,44.00229,-72.16412
05034,43.58921,-72.62178
05035,43.61723,-72.67998
05036,44.026,-72.57843
05037,43.46033,-72.48371
05038,43.99313,-72.45859
05039,44.03407,-72.2975
05040,44.06796,-72.20438
05041,43.96702,-72.54264
05042,44.24013,-72.1053
05043,43.80658,-72.21194
05045,43.9144,-72.19881
05046,44.23864,-72.25024
05048,43.5798,-72.42692
05050,44.26442,-72.06414
05051,44.08525,-72.11753
05052,43.6008,-72.35698
05053,43.71799,-72.48362
05055,43.75481,-72.31145
05056,43.52895,-72.72397
05058,43.87917,-72.26999
05059,43.64233,-72.43061
05060,43.96199,-72.68594
05061,43.93023,-72.58087
05062,43.5012,-72.58358
05065,43.79079,-72.41617
05067,43.69162,-72.53944
05068,43.79188,-72.52931
05069,44.17366,-72.14317
05070,43.84225,-72.35099
05071,43.56461,-72.56842
05072,43.88132,-72.38545
05073,43.62901,-72.46108
05075,43.84356,-72.28255
05076,44.14503,-72.22659
05077,43.89961,-72.47789
05079,43.95622,-72.32214
05081,44.14292,-72.08451
05083,43.9184,-72.26782
05084,43.72791,-72.45177
05086,44.1182,-72.30249
05088,43.67332,-72.30726
05089,43.49686,-72.4515
05091,43.64707,-72.55165
05101,43.1783,-72.48333
05141,43.15615,-72.55929
05142,43.40454,-72.58457
05143,43.26267,-72.63095
05146,43.17867,-72.62307
05148,43.24503,-72.81224
05149,43.40368,-72.7029
05150,43.33653,-72.52727
05151,43.39374,-72.49566
05152,43.251,-72.92008
05153,43.42885,-72.63487
05154,43.13558,-72.53424
05155,43.17717,-72.8228
05156,43.30719,-72.46928
05158,43.10299,-72.47296
05161,43.3166,-72.8067
05201,42.87652,-73.1426
05250,43.12048,-73.19337
05251,43.26189,-73.08269
05252,43.06642,-73.06132
05253,43.25235,-72.99913
05254,43.15937,-73.06911
05255,43.16696,-73.06685
05257,42.96538,-73.25156
05260,42.81594,-73.26173
05261,42.77516,-73.21273
05262,42.97935,-73.12066
05301,42.84346,-72.65901
05340,43.16215,-72.93486
05341,42.96407,-72.7972
05342,42.77468,-72.80015
05343,43.09744,-72.80105
05344,42.83896,-72.73257
05345,42.99516,-72.66747
05346,43.02337,-72.53043
05350,42.79879,-72.97187
05351,42.92867,-72.73728
05352,42.78796,-73.07862
05353,43.06501,-72.66484
05354,42.76211,-72.52553
05355,43.02079,-72.80645
05356,42.95423,-72.86952
05358,42.77396,-72.73164
05359,43.15184,-72.72121
05360,43.02778,-72.94378
05361,42.78021,-72.87935
05362,42.94609,-72.6816
05363,42.88301,-72.89554
05401,44.47484,-73.21758
05403,44.447,-73.17229
05404,44.49483,-73.18467
05405,44.47475,-73.19649
05408,44.48969,-73.27139
05439,44.49573,-73.16524
05440,44.95214,-73.2848
05441,44.7686,-72.78669
05442,44.76164,-72.68043
05443,44.12976,-73.03347
05444,44.62628,-72.88242
05445,44.30896,-73.23593
05446,44.5541,-73.21647
05447,44.93615,-72.70447
05448,44.75374,-72.8872
05450,44.89075,-72.79074
05452,44.5238,-73.06479
05454,44.7056,-73.02294
05455,44.80352,-72.96568
05456,44.20776,-73.25796
05457,44.97294,-72.91832
05458,44.71838,-73.29837
05459,44.95568,-73.01861
05461,44.32094,-73.09176
05462,44.29909,-72.95228
05463,44.86297,-73.34254
05464,44.65469,-72.81897
05465,44.45882,-72.93058
05468,44.65378,-73.15343
05471,44.85739,-72.58942
05472,44.11377,-73.1611
05473,44.24119,-73.19346
05474,44.83445,-73.26687
05476,44.96055,-72.6457
05477,44.3936,-72.99152
05478,44.7941,-73.11714
05481,44.80833,-73.1396
05482,44.39057,-73.24134
05483,44.88322,-72.98484
05485,44.90405,-72.97567
05486,44.62958,-73.31444
05487,44.23082,-73.01096
05488,44.92214,-73.14286
05489,44.5458,-72.89471
05491,44.12101,-73.32111
05492,44.71324,-72.75853
05494,44.60472,-73.01523
05495,44.42901,-73.09197
05602,44.2848,-72.61498
05640,44.34734,-72.49675
05641,44.18602,-72.45108
05647,44.41001,-72.29126
05648,44.38372,-72.49355
05649,44.14004,-72.36589
05650,44.4002,-72.44235
05651,44.27777,-72.49246
05652,44.72824,-72.58674
05653,44.70141,-72.49275
05654,44.14053,-72.48092
05655,44.62461,-72.56462
05656,44.64898,-72.68825
05658,44.35921,-72.35399
05660,44.24733,-72.76808
05661,44.53743,-72.61724
05663,44.14946,-72.67239
05664,44.16718,-72.65316
05666,44.34125,-72.43873
05667,44.28122,-72.3986
05669,44.05325,-72.75155
05670,44.17799,-72.50558
05672,44.48151,-72.72174
05673,44.19371,-72.84356
05674,44.11112,-72.86081
05675,44.07386,-72.41821
05676,44.34825,-72.80984
05677,44.39194,-72.70841
05678,44.15577,-72.47445
05679,44.10677,-72.54052
05680,44.53785,-72.46838
05681,44.45377,-72.38016
05682,44.40354,-72.57219
05701,43.63365,-72.91368
05730,43.40262,-72.81508
05731,43.7532,-73.28857
05732,43.67998,-73.18648
05733,43.81746,-73.09216
05734,43.98243,-73.33286
05735,43.64475,-73.15456
05736,43.60483,-73.01273
05737,43.76778,-72.90434
05738,43.52895,-72.85637
05739,43.34488,-73.0295
05742,43.43685,-72.9045
05743,43.67118,-73.30726
05744,43.69034,-73.08272
05746,43.72098,-72.78836
05747,44.00354,-72.85494
05748,43.92004,-72.91064
05751,43.6542,-72.78941
05753,43.9991,-73.17403
05757,43.48279,-73.12325
05758,43.44797,-72.78386
05759,43.53926,-72.96483
05760,43.80359,-73.29517
05761,43.34786,-73.14855
05762,43.79246,-72.8291
05763,43.73678,-72.98946
05764,43.52854,-73.19401
05765,43.65068,-73.03648
05766,43.98833,-72.99072
05767,43.87513,-72.82878
05768,43.29846,-73.22168
05769,43.91948,-73.11651
05770,43.88662,-73.32771
05772,43.75989,-72.74003
05773,43.40902,-72.96858
05774,43.42708,-73.17435
05775,43.35437,-73.22804
05776,43.24494,-73.20392
05777,43.5552,-73.05504
05778,43.87279,-73.21228
05819,44.40397,-71.98837
05820,44.74862,-72.37351
05821,44.3175,-72.10866
05822,44.75555,-72.15478
05824,44.43741,-71.86449
05825,44.86019,-72.25664
05826,44.6444,-72.40404
05827,44.68135,-72.36198
05828,44.43748,-72.12334
05829,44.95349,-72.0759
05830,44.97717,-71.98278
05832,44.59546,-71.91027
05833,44.83182,-71.96965
05836,44.5196,-72.25173
05837,44.66868,-71.8386
05839,44.67342,-72.21171
05840,44.61297,-71.73129
05841,44.60794,-72.30232
05842,44.57966,-72.24453
05843,44.50355,-72.33366
05845,44.79146,-72.30699
05846,44.82671,-71.82795
05847,44.79165,-72.45679
05850,44.55955,-72.03417
05851,44.55297,-72.05732
05853,44.89499,-71.96167
05855,44.92829,-72.1943
05857,44.93381,-72.3092
05858,44.53587,-71.8046
05859,44.95987,-72.43833
05860,44.80018,-72.10353
05862,44.31971,-72.23133
05866,44.63863,-72.12699
05867,44.66505,-72.04366
05868,44.91881,-72.3675
05871,44.68367,-71.95193
05872,44.86059,-72.03473
05873,44.40619,-72.21841
05874,44.87546,-72.46172
05875,44.70947,-72.26753
05901,44.94197,-71.68079
05902,45.00881,-71.49472
05903,44.9379,-71.58286
05904,44.41597,-71.70762
05905,44.70151,-71.66672
05906,44.47431,-71.71538
05907,44.9502,-71.82577
06001,41.79185,-72.85107
06002,41.84286,-72.73714
06010,41.681,-72.94065
06013,41.7598,-72.95895
06016,41.90417,-72.54438
06018,42.02872,-73.29807
06019,41.8592,-72.90717
06020,41.86283,-72.90991
06021,42.00152,-73.08078
06022,41.86595,-72.92749
06023,41.61355,-72.72072
06024,42.00812,-73.28374
06026,41.94242,-72.74093
06027,42.00403,-72.91112
06029,41.91439,-72.4535
06031,41.95788,-73.31733
06032,41.72528,-72.83147
06033,41.70593,-72.53915
06035,41.9608,-72.80179
06037,41.61148,-72.7775
06039,41.95001,-73.44379
06040,41.7616,-72.52247
06042,41.79743,-72.52704
06043,41.76647,-72.43903
06051,41.66519,-72.76983
06052,41.65736,-72.80506
06053,41.68874,-72.7941
06057,41.84417,-73.00552
06058,41.97186,-73.1958
06059,41.89054,-72.88833
06060,42.00687,-72.84594
06061,41.87524,-72.96716
06062,41.67338,-72.86079
06063,41.93053,-72.97096
06065,41.97795,-73.00054
06066,41.83641,-72.46063
06067,41.6574,-72.66259
06068,42.01404,-73.42121
06069,41.85392,-73.4448
06070,41.87674,-72.81626
06071,41.99489,-72.45213
06072,41.98465,-72.4876
06073,41.65753,-72.56742
06074,41.83528,-72.57332
06076,41.98906,-72.26224
06078,41.98903,-72.64875
06079,42.04174,-73.39755
06080,41.95044,-72.63519
06081,41.90708,-72.76839
06082,41.98393,-72.55475
06084,41.87917,-72.36443
06085,41.74717,-72.88883
06088,41.9058,-72.59646
06089,41.83801,-72.82343
06090,41.94685,-72.86403
06091,42.01419,-72.97423
06092,41.87266,-72.86101
06093,42.00265,-72.72285
06095,41.87229,-72.67348
06096,41.92671,-72.65443
06098,41.92379,-73.10003
06103,41.76477,-72.67012
06105,41.77322,-72.70442
06106,41.74818,-72.69683
06107,41.75375,-72.75966
06108,41.78078,-72.62165
06109,41.70131,-72.67035
06110,41.73247,-72.73378
06111,41.68677,-72.73057
06112,41.79317,-72.69741
06114,41.7394,-72.66949
06117,41.7875,-72.76203
06118,41.74871,-72.60976
06119,41.76351,-72.72711
06120,41.78944,-72.66523
06226,41.70816,-72.20731
06231,41.62512,-72.37055
06232,41.73309,-72.37603
06234,41.78938,-71.95266
06235,41.79292,-72.1275
06237,41.69387,-72.30722
06238,41.78281,-72.33941
06239,41.79116,-71.85711
06241,41.85635,-71.84904
06242,41.89326,-72.09706
06243,41.84743,-71.80701
06247,41.76829,-72.06548
06248,41.68468,-72.40523
06249,41.63128,-72.24019
06250,41.77434,-72.19669
06254,41.61585,-72.14313
06255,41.98791,-71.90299
06256,41.73699,-72.15723
06258,41.88554,-71.96353
06259,41.8703,-71.99248
06260,41.90898,-71.87181
06262,42.01871,-71.94959
06263,41.83738,-71.90444
06264,41.69869,-72.10487
06266,41.67136,-72.17048
06268,41.79852,-72.24843
06269,41.80998,-72.25283
06277,41.96895,-71.83927
06278,41.89126,-72.17003
06279,41.88959,-72.25933
06280,41.69237,-72.13829
06281,41.97253,-72.01458
06282,41.94556,-72.07928
06320,41.35026,-72.10225
06330,41.64199,-72.07541
06331,41.69717,-72.00109
06332,41.72845,-71.91008
06333,41.38602,-72.24527
06334,41.54431,-72.17424
06335,41.42943,-72.06247
06336,41.57934,-72.19505
06338,41.46473,-71.97281
06339,41.44408,-71.99851
06340,41.35643,-72.04477
06350,41.64829,-72.0693
06351,41.58873,-71.94854
06353,41.45612,-72.13928
06354,41.69836,-71.85016
06355,41.36857,-71.97426
06357,41.32711,-72.21478
06359,41.46966,-71.87546
06360,41.54883,-72.08914
06365,41.52281,-72.00072
06370,41.46541,-72.18659
06371,41.36361,-72.32582
06373,41.68394,-71.79881
06374,41.6798,-71.91441
06375,41.40544,-72.12554
06376,41.29461,-72.2528
06377,41.72708,-71.81679
06378,41.38039,-71.91376
06379,41.36685,-71.85826
06380,41.56533,-72.05308
06382,41.46137,-72.11762
06384,41.58188,-71.83139
06385,41.35735,-72.15581
06387,41.74418,-71.90981
06389,41.56036,-72.12338
06390,41.27027,-71.98886
06401,41.34424,-73.06896
06403,41.43902,-73.05679
06405,41.28405,-72.79809
06409,41.35169,-72.42056
06410,41.51183,-72.90441
06412,41.40594,-72.48319
06413,41.29801,-72.53003
06414,41.57702,-72.55231
06415,41.55563,-72.34694
06416,41.61218,-72.66382
06417,41.36894,-72.46227
06418,41.32647,-73.08324
06419,41.37923,-72.57847
06420,41.48492,-72.26733
06422,41.46221,-72.68285
06423,41.46654,-72.39054
06424,41.5588,-72.50452
06426,41.35346,-72.39791
06437,41.33444,-72.70051
06438,41.45516,-72.50701
06439,41.41573,-72.39964
06441,41.46674,-72.58038
06442,41.34261,-72.44429
06443,41.33976,-72.62783
06444,41.5634,-72.93038
06447,41.63309,-72.45472
06450,41.53332,-72.77399
06451,41.54203,-72.82364
06455,41.51468,-72.71732
06456,41.541,-72.5483
06457,41.54759,-72.65484
06459,41.5516,-72.66017
06460,41.21505,-73.05129
06461,41.23937,-73.0752
06467,41.56548,-72.90022
06468,41.33791,-73.22499
06469,41.50757,-72.44924
06470,41.3943,-73.31918
06471,41.33454,-72.77372
06472,41.38416,-72.77911
06473,41.38069,-72.85598
06475,41.30174,-72.38569
06477,41.2827,-73.0272
06478,41.43133,-73.13499
06479,41.57799,-72.90398
06480,41.59885,-72.5893
06481,41.53435,-72.70067
06482,41.4067,-73.24474
06483,41.381,-73.08726
06484,41.30601,-73.13828
06488,41.47451,-73.23288
06489,41.61312,-72.87233
06492,41.45927,-72.80473
06498,41.30688,-72.46652
06510,41.3062,-72.92652
06511,41.31663,-72.92587
06512,41.28111,-72.8719
06513,41.31953,-72.86856
06514,41.3729,-72.94159
06515,41.32794,-72.96954
06516,41.27393,-72.96718
06517,41.34834,-72.90494
06518,41.42744,-72.91339
06519,41.29597,-72.93764
06524,41.42606,-72.99308
06525,41.35662,-73.01017
06604,41.17684,-73.20027
06605,41.16348,-73.21763
06606,41.21218,-73.20829
06607,41.1736,-73.16696
06608,41.18675,-73.1809
06610,41.20457,-73.16933
06611,41.26009,-73.20823
06612,41.26493,-73.30006
06614,41.22989,-73.12785
06615,41.17082,-73.13477
06702,41.55713,-73.04539
06704,41.58601,-73.03296
06705,41.549,-72.992
06706,41.53285,-73.02389
06708,41.54939,-73.06738
06710,41.56958,-73.04598
06712,41.49927,-72.97609
06716,41.60102,-72.97325
06750,41.72327,-73.2624
06751,41.63792,-73.2122
06752,41.52082,-73.35965
06753,41.82514,-73.34471
06754,41.76841,-73.36127
06755,41.64915,-73.48143
06756,41.84714,-73.23715
06757,41.73951,-73.46637
06758,41.67672,-73.2286
06759,41.75757,-73.21544
06762,41.5271,-73.1228
06763,41.69027,-73.20714
06770,41.48913,-73.05181
06776,41.60011,-73.4162
06777,41.69412,-73.33931
06778,41.71469,-73.10459
06779,41.59562,-73.08058
06782,41.65448,-73.04731
06783,41.55424,-73.29998
06784,41.58018,-73.49853
06785,41.70491,-73.43815
06786,41.66912,-73.01502
06787,41.67033,-73.08568
06790,41.83747,-73.12874
06791,41.75509,-73.05838
06793,41.63089,-73.28835
06794,41.64932,-73.32511
06795,41.61873,-73.12336
06796,41.87595,-73.33255
06798,41.56149,-73.20703
06801,41.37468,-73.39275
06804,41.46731,-73.39232
06807,41.0611,-73.59215
06810,41.37627,-73.45904
06811,41.42427,-73.4821
06812,41.48796,-73.48827
06820,41.07983,-73.48242
06824,41.17571,-73.28111
06825,41.19685,-73.24221
06830,41.048,-73.624
06831,41.08782,-73.66078
06840,41.15925,-73.49916
06850,41.1263,-73.44316
06851,41.13948,-73.40387
06853,41.06962,-73.43775
06854,41.09148,-73.42972
06855,41.08922,-73.39615
06870,41.02881,-73.56964
06877,41.30642,-73.50216
06878,41.03191,-73.58283
06880,41.14379,-73.34698
06883,41.22842,-73.37256
06890,41.14639,-73.28944
06896,41.3051,-73.39139
06897,41.20705,-73.44009
06901,41.05349,-73.53845
06902,41.05949,-73.54751
06903,41.13571,-73.57207
06905,41.08792,-73.54351
06906,41.07244,-73.52217
06907,41.1021,-73.52033
07001,40.58342,-74.26992
07002,40.66681,-74.11582
07003,40.80976,-74.18683
07004,40.88282,-74.30413
07005,40.92738,-74.41706
07006,40.85221,-74.2817
07008,40.58489,-74.2284
07009,40.85651,-74.22871
07010,40.82217,-73.98792
07011,40.8801,-74.14449
07012,40.84694,-74.1596
07013,40.86935,-74.17267
07014,40.83162,-74.13532
07016,40.65678,-74.30354
07017,40.77192,-74.20712
07018,40.75572,-74.21793
07020,40.82374,-73.97401
07021,40.82708,-74.27981
07022,40.81821,-74.0022
07023,40.64171,-74.38575
07024,40.85088,-73.97128
07026,40.87914,-74.1085
07027,40.65132,-74.32313
07028,40.80421,-74.20428
07029,40.74377,-74.15389
07030,40.7451,-74.02815
07031,40.78745,-74.12731
07032,40.75281,-74.12016
07033,40.67812,-74.28898
07034,40.87953,-74.37965
07035,40.925,-74.30462
07036,40.62526,-74.23917
07039,40.78554,-74.32909
07040,40.73302,-74.27117
07041,40.72301,-74.30065
07042,40.81382,-74.21775
07043,40.84411,-74.20041
07044,40.83228,-74.24308
07045,40.90736,-74.3671
07046,40.89067,-74.44072
07047,40.79376,-74.02416
07050,40.76817,-74.2348
07052,40.78928,-74.26281
07054,40.85527,-74.40239
07055,40.85746,-74.12821
07057,40.85355,-74.10691
07058,40.86701,-74.34283
07059,40.63199,-74.51463
07060,40.61606,-74.42164
07062,40.63174,-74.40391
07063,40.60524,-74.44615
07064,40.56865,-74.2464
07065,40.60765,-74.28066
07066,40.62061,-74.31335
07067,40.59255,-74.31479
07068,40.82077,-74.30862
07069,40.64249,-74.4396
07070,40.82034,-74.10574
07071,40.79646,-74.1099
07072,40.82472,-74.06126
07073,40.81792,-74.08539
07074,40.83877,-74.05705
07075,40.85076,-74.08779
07076,40.63308,-74.37387
07077,40.55415,-74.25489
07078,40.74196,-74.3277
07079,40.74908,-74.26022
07080,40.57483,-74.41542
07081,40.69949,-74.32542
07082,40.92643,-74.34524
07083,40.69443,-74.2692
07086,40.76761,-74.01693
07087,40.76723,-74.03243
07088,40.71832,-74.28375
07090,40.65172,-74.34328
07092,40.68106,-74.36038
07093,40.78675,-74.00871
07094,40.78109,-74.06588
07095,40.55358,-74.28743
07102,40.73576,-74.17343
07103,40.73886,-74.19529
07104,40.76735,-74.16831
07105,40.72266,-74.13874
07106,40.74177,-74.23047
07107,40.76181,-74.18653
07108,40.72306,-74.20039
07109,40.79502,-74.16161
07110,40.81926,-74.15715
07111,40.72426,-74.23173
07112,40.71137,-74.21164
07114,40.70018,-74.16618
07201,40.67237,-74.17643
07202,40.6531,-74.21677
07203,40.65269,-74.2599
07204,40.66532,-74.2666
07205,40.69612,-74.22857
07206,40.65238,-74.18385
07208,40.67434,-74.22498
07302,40.71894,-74.04462
07304,40.71741,-74.07637
07305,40.69839,-74.08158
07306,40.73674,-74.07132
07307,40.75192,-74.05429
07310,40.72893,-74.03391
07311,40.71878,-74.02933
07401,41.03321,-74.13328
07403,41.02059,-74.33239
07405,40.98646,-74.38302
07407,40.90493,-74.12007
07410,40.93587,-74.11771
07416,41.10892,-74.58891
07417,41.00859,-74.20836
07418,41.2387,-74.4873
07419,41.15394,-74.57106
07420,41.02926,-74.30281
07421,41.1624,-74.35586
07422,41.17984,-74.44177
07423,41.00007,-74.09718
07424,40.88361,-74.2059
07430,41.08157,-74.18562
07432,40.99516,-74.14109
07435,41.0425,-74.44159
07436,41.03135,-74.24081
07438,41.0287,-74.52038
07439,41.0769,-74.59734
07440,40.94668,-74.29421
07442,41.0024,-74.28589
07444,40.96782,-74.30724
07446,41.05944,-74.14532
07450,40.98219,-74.11275
07452,40.96008,-74.12498
07456,41.10647,-74.27487
07457,40.99212,-74.3125
07458,41.04583,-74.0971
07460,41.11341,-74.49006
07461,41.24213,-74.60648
07462,41.19873,-74.48911
07463,41.01334,-74.12585
07465,41.05015,-74.29849
07470,40.94805,-74.24504
07480,41.08713,-74.3779
07481,40.99891,-74.16757
07501,40.9125,-74.17099
07502,40.91903,-74.19461
07503,40.89768,-74.15353
07504,40.912,-74.14121
07505,40.91694,-74.17222
07506,40.95794,-74.15815
07508,40.95448,-74.18423
07512,40.90385,-74.22118
07513,40.90565,-74.14869
07514,40.92596,-74.14452
07522,40.92413,-74.17928
07524,40.93226,-74.15674
07601,40.8891,-74.04614
07603,40.87507,-74.02934
07604,40.86166,-74.07413
07605,40.86362,-73.9899
07606,40.85783,-74.05177
07607,40.90249,-74.06337
07608,40.85297,-74.06045
07620,40.96165,-73.91983
07621,40.92357,-73.99824
07624,40.97329,-73.96044
07626,40.94054,-73.9596
07627,40.95504,-73.95678
07628,40.94524,-73.99227
07630,40.97484,-74.024
07631,40.89161,-73.97368
07632,40.88227,-73.94672
07640,40.9899,-73.98037
07641,40.96224,-73.9976
07642,41.00742,-74.04402
07643,40.84635,-74.03879
07644,40.87836,-74.08145
07645,41.05293,-74.04985
07646,40.93368,-74.01956
07647,41.00674,-73.94255
07648,40.99335,-73.95103
07649,40.95622,-74.03141
07650,40.84716,-73.99664
07652,40.94553,-74.07122
07656,41.03524,-74.04232
07657,40.83127,-74.01471
07660,40.85434,-74.02013
07661,40.92697,-74.03874
07662,40.90698,-74.07911
07663,40.90328,-74.09545
07666,40.88998,-74.01067
07670,40.91758,-73.95323
07675,41.00918,-74.00428
07676,40.98843,-74.06359
07677,41.0253,-74.06038
07701,40.36046,-74.07866
07702,40.32489,-74.06002
07703,40.31411,-74.046
07704,40.36176,-74.03926
07711,40.2379,-74.0076
07712,40.24805,-74.05531
07716,40.40237,-74.03533
07717,40.19129,-74.01657
07718,40.42045,-74.08488
07719,40.16864,-74.07271
07720,40.20176,-74.01276
07721,40.43556,-74.23555
07722,40.28765,-74.16745
07723,40.25016,-74.00081
07724,40.29801,-74.07517
07726,40.28318,-74.34232
07727,40.20352,-74.15863
07728,40.22522,-74.28447
07730,40.42611,-74.17422
07731,40.15014,-74.20316
07732,40.43115,-73.99192
07733,40.37683,-74.17259
07734,40.44309,-74.13517
07735,40.44108,-74.2028
07737,40.40953,-74.06444
07738,40.33918,-74.12841
07739,40.33569,-74.03452
07740,40.29581,-73.9919
07746,40.31675,-74.25029
07747,40.41312,-74.2521
07748,40.39524,-74.11573
07750,40.33639,-73.98632
07751,40.36191,-74.25821
07753,40.21184,-74.07421
07755,40.26351,-74.02344
07756,40.21184,-74.00832
07757,40.31583,-74.01855
07758,40.431,-74.103
07760,40.37053,-74.00495
07762,40.15294,-74.0359
07764,40.28832,-74.01854
07801,40.93167,-74.54643
07803,40.87819,-74.60003
07820,40.93104,-74.80424
07821,40.96461,-74.74807
07822,41.1409,-74.70373
07823,40.82589,-75.03781
07825,40.98308,-74.9623
07826,41.17633,-74.79042
07827,41.28918,-74.74351
07828,40.88559,-74.75237
07830,40.72099,-74.80033
07831,40.73909,-74.94678
07832,40.94755,-75.06385
07833,40.89422,-75.06979
07834,40.88752,-74.48689
07836,40.84767,-74.70163
07838,40.88925,-74.91042
07840,40.86034,-74.83192
07842,40.94477,-74.50065
07843,40.93989,-74.65928
07844,40.90861,-74.96961
07846,40.96694,-74.87671
07847,40.8856,-74.6237
07848,41.10339,-74.68312
07849,40.96861,-74.61066
07850,40.90716,-74.66158
07851,41.19883,-74.85923
07852,40.88374,-74.66531
07853,40.78785,-74.78315
07856,40.9189,-74.6336
07857,40.89733,-74.69998
07860,41.0595,-74.81159
07863,40.81515,-74.96562
07865,40.78722,-74.89845
07866,40.9531,-74.48639
07869,40.84528,-74.5807
07870,40.80535,-74.82303
07871,41.04666,-74.62793
07874,40.9285,-74.70994
07876,40.85302,-74.65627
07878,40.87152,-74.47826
07880,40.874,-74.88503
07881,41.12213,-74.93249
07882,40.75327,-75.00748
07885,40.93172,-74.57688
07901,40.71462,-74.36604
07920,40.68374,-74.55444
07921,40.65599,-74.6771
07922,40.67525,-74.42806
07924,40.727,-74.58941
07926,40.80029,-74.56879
07927,40.82085,-74.45479
07928,40.7262,-74.41381
07930,40.78222,-74.68642
07931,40.70791,-74.65732
07932,40.77717,-74.39246
07933,40.69198,-74.46658
07934,40.72044,-74.68159
07935,40.7371,-74.45296
07936,40.81918,-74.36382
07939,40.66723,-74.55215
07940,40.76006,-74.41889
07945,40.78065,-74.59928
07946,40.67698,-74.51143
07950,40.84569,-74.48271
07960,40.78452,-74.49813
07961,40.78105,-74.43517
07970,40.80831,-74.5727
07974,40.69732,-74.40321
07976,40.72747,-74.47704
07977,40.70969,-74.64786
07979,40.71225,-74.72581
07980,40.6765,-74.49465
07981,40.82375,-74.42029
08001,39.55423,-75.35683
08002,39.93142,-75.02515
08003,39.88334,-74.97191
08004,39.75494,-74.83007
08005,39.75503,-74.30626
08006,39.75299,-74.10953
08007,39.86509,-75.05379
08008,39.62188,-74.22421
08009,39.76154,-74.93279
08010,40.05484,-74.91407
08011,39.97504,-74.71371
08012,39.78409,-75.05586
08014,39.81186,-75.36286
08015,39.92981,-74.53966
08016,40.06926,-74.83198
08019,39.76733,-74.52781
08020,39.79674,-75.22271
08021,39.80604,-75.00025
08022,40.06516,-74.70905
08023,39.68825,-75.49761
08026,39.83329,-74.9657
08027,39.82883,-75.29345
08028,39.69336,-75.11949
08029,39.84097,-75.06717
08030,39.89023,-75.1178
08031,39.86655,-75.09408
08032,39.78048,-75.05952
08033,39.89332,-75.03723
08034,39.90593,-74.99935
08035,39.87914,-75.06435
08036,39.97669,-74.83708
08037,39.63272,-74.77226
08038,39.47391,-75.48852
08039,39.68662,-75.27661
08041,40.03852,-74.68263
08042,40.01363,-74.662
08043,39.84502,-74.95492
08045,39.86722,-75.02912
08046,40.02787,-74.88709
08048,39.95644,-74.80627
08049,39.85463,-75.03816
08050,39.70291,-74.24576
08051,39.78583,-75.17903
08052,39.952,-74.99502
08053,39.86051,-74.89469
08054,39.94835,-74.90472
08055,39.86373,-74.82249
08056,39.78355,-75.25155
08057,39.97948,-74.94105
08059,39.88462,-75.09309
08060,40.00983,-74.79105
08061,39.80459,-75.207
08062,39.71465,-75.22124
08063,39.86758,-75.18509
08064,39.93657,-74.61095
08065,40.00234,-75.03589
08066,39.83475,-75.23017
08067,39.7388,-75.41281
08068,39.9617,-74.667
08069,39.70209,-75.4501
08070,39.62494,-75.50902
08071,39.73227,-75.13457
08072,39.54495,-75.41258
08073,40.00952,-74.86698
08074,39.71289,-75.16379
08075,40.02937,-74.94999
08077,40.00193,-74.99515
08078,39.85202,-75.07542
08079,39.54284,-75.43184
08080,39.75714,-75.11801
08081,39.73421,-74.97564
08083,39.84138,-75.02867
08084,39.82905,-75.01557
08085,39.75579,-75.33017
08086,39.85136,-75.18582
08087,39.60751,-74.37994
08088,39.84196,-74.69075
08089,39.71591,-74.82686
08090,39.79777,-75.14849
08091,39.80545,-74.92558
08092,39.65438,-74.28428
08093,39.86098,-75.13265
08094,39.65096,-74.96529
08095,39.64514,-74.85576
08096,39.82921,-75.12871
08097,39.81571,-75.15117
08098,39.63934,-75.3316
08102,39.95203,-75.12134
08103,39.93533,-75.11275
08104,39.91672,-75.11203
08105,39.95174,-75.09107
08106,39.89119,-75.07388
08107,39.90767,-75.08344
08108,39.91453,-75.06192
08109,39.95006,-75.05094
08110,39.97243,-75.06021
08201,39.42257,-74.49511
08202,39.09659,-74.74806
08203,39.41281,-74.38006
08204,38.97131,-74.92054
08205,39.47455,-74.45698
08210,39.11974,-74.82248
08212,38.93721,-74.96509
08215,39.58962,-74.58716
08217,39.57702,-74.71879
08221,39.33879,-74.5652
08223,39.27021,-74.6571
08224,39.59548,-74.46352
08225,39.36167,-74.53963
08226,39.26812,-74.60196
08230,39.20381,-74.70342
08232,39.38771,-74.51489
08234,39.38662,-74.62369
08240,39.48676,-74.53633
08241,39.53278,-74.48523
08242,39.01786,-74.88627
08243,39.15235,-74.69758
08244,39.31503,-74.59808
08245,39.1765,-74.81902
08246,39.18098,-74.76583
08247,39.05279,-74.78508
08248,39.1944,-74.66175
08251,39.02766,-74.92573
08260,38.99555,-74.84088
08270,39.26437,-74.80861
08302,39.4397,-75.2616
08310,39.52723,-74.89769
08311,39.32685,-75.20804
08312,39.66143,-75.08375
08314,39.21683,-74.94113
08316,39.28009,-74.93186
08317,39.40398,-74.82696
08318,39.55657,-75.17776
08319,39.3645,-74.81753
08320,39.3851,-75.16059
08321,39.21961,-75.14107
08322,39.61463,-75.03385
08323,39.39557,-75.36605
08324,39.21859,-74.99999
08326,39.53847,-74.92761
08327,39.25458,-74.94657
08328,39.5797,-75.06015
08329,39.2857,-75.00338
08330,39.4566,-74.73814
08332,39.3705,-75.0293
08340,39.40087,-74.88407
08341,39.52002,-74.9524
08343,39.64057,-75.1699
08344,39.56707,-74.99185
08345,39.28816,-75.14668
08346,39.56926,-74.85827
08348,39.31381,-74.96594
08349,39.266,-75.06337
08350,39.49134,-74.87413
08352,39.47545,-75.12724
08353,39.45954,-75.29695
08360,39.49374,-75.00352
08361,39.44843,-74.95943
08401,39.37964,-74.45284
08402,39.33069,-74.50706
08403,39.31915,-74.53535
08406,39.34565,-74.48603
08501,40.16022,-74.55237
08502,40.44815,-74.65763
08505,40.10413,-74.73959
08510,40.18798,-74.42351
08511,40.04441,-74.55384
08512,40.32166,-74.52586
08514,40.13269,-74.49811
08515,40.1163,-74.64568
08518,40.11541,-74.80357
08520,40.25555,-74.53269
08525,40.39641,-74.78185
08527,40.10478,-74.35035
08528,40.38791,-74.61744
08530,40.37288,-74.89747
08533,40.01293,-74.47138
08534,40.33026,-74.79422
08535,40.23506,-74.437
08536,40.33392,-74.58488
08540,40.36423,-74.65661
08542,40.35452,-74.66064
08544,40.34641,-74.65787
08550,40.28125,-74.61926
08551,40.44425,-74.83907
08553,40.40011,-74.64051
08554,40.11556,-74.77966
08555,40.22116,-74.473
08558,40.41382,-74.70236
08559,40.4387,-74.9716
08560,40.31453,-74.85946
08561,40.24659,-74.58138
08562,40.06812,-74.59401
08608,40.21947,-74.76693
08609,40.22594,-74.74109
08610,40.19377,-74.71565
08611,40.19107,-74.74299
08618,40.24878,-74.78734
08619,40.2414,-74.69669
08620,40.16825,-74.64956
08628,40.26705,-74.82235
08629,40.22066,-74.73127
08638,40.25531,-74.76222
08640,40.0093,-74.58424
08641,40.02819,-74.58715
08648,40.28488,-74.72201
08690,40.22512,-74.66081
08691,40.20953,-74.59919
08701,40.07635,-74.20311
08720,40.14073,-74.11431
08721,39.9071,-74.1846
08722,39.92863,-74.20224
08723,40.03896,-74.11091
08724,40.09034,-74.115
08730,40.10483,-74.06366
08731,39.85946,-74.29363
08732,39.94177,-74.14497
08733,40.0262,-74.3713
08734,39.86331,-74.16608
08735,39.98288,-74.08121
08736,40.12028,-74.06862
08738,40.02101,-74.06282
08740,39.93006,-74.12811
08741,39.93632,-74.16779
08742,40.08076,-74.06213
08750,40.13389,-74.0444
08751,39.95012,-74.08147
08752,39.85233,-74.0963
08753,39.98091,-74.15055
08755,40.00968,-74.22457
08757,39.96061,-74.25884
08758,39.79529,-74.25296
08759,39.96239,-74.35902
08801,40.62774,-74.88655
08802,40.6783,-75.02515
08804,40.64412,-75.09936
08805,40.57165,-74.53783
08807,40.59241,-74.6202
08809,40.64973,-74.92503
08810,40.37073,-74.49641
08812,40.5999,-74.47979
08816,40.42943,-74.41602
08817,40.51559,-74.3939
08820,40.57725,-74.36599
08821,40.52074,-74.68835
08822,40.52281,-74.86576
08823,40.44218,-74.56318
08824,40.42058,-74.5538
08825,40.51353,-75.02341
08826,40.71912,-74.90527
08827,40.66775,-74.97351
08828,40.37767,-74.42383
08829,40.66828,-74.89414
08830,40.56964,-74.31719
08831,40.32908,-74.43066
08832,40.51138,-74.31387
08833,40.645,-74.81989
08835,40.54147,-74.58876
08836,40.59705,-74.55446
08837,40.51432,-74.34477
08840,40.54361,-74.35856
08844,40.49858,-74.67274
08846,40.57439,-74.5011
08848,40.59386,-75.09569
08850,40.44826,-74.43994
08852,40.38978,-74.54461
08853,40.52879,-74.74246
08854,40.54648,-74.46342
08857,40.39188,-74.33059
08858,40.67903,-74.73748
08859,40.45897,-74.30401
08861,40.52087,-74.27397
08863,40.53733,-74.31216
08865,40.7094,-75.15109
08867,40.57513,-74.96777
08869,40.57316,-74.64305
08872,40.46482,-74.34002
08873,40.49865,-74.53284
08876,40.58925,-74.68871
08879,40.46532,-74.27691
08880,40.55354,-74.52771
08882,40.44556,-74.37842
08884,40.39493,-74.39196
08886,40.69302,-75.10565
08887,40.52219,-74.79428
08889,40.60744,-74.75936
08890,40.53877,-74.57531
08901,40.48426,-74.44275
08902,40.44236,-74.48579
08904,40.50057,-74.42832
10001,40.75064,-73.99728
10002,40.71597,-73.98692
10003,40.73184,-73.98915
10004,40.69431,-74.01835
10005,40.70614,-74.00862
10006,40.70949,-74.01306
10007,40.71387,-74.00792
10009,40.72639,-73.97865
10010,40.73899,-73.98243
10011,40.74173,-74.00037
10012,40.7256,-73.99794
10013,40.72001,-74.00472
10014,40.73407,-74.00601
10016,40.74515,-73.97807
10017,40.75235,-73.9726
10018,40.75536,-73.99265
10019,40.76586,-73.9853
10020,40.75917,-73.98071
10021,40.76963,-73.95899
10022,40.75856,-73.96787
10023,40.77464,-73.97836
10024,40.78534,-73.97138
10025,40.79825,-73.96831
10026,40.80302,-73.95348
10027,40.81187,-73.95459
10028,40.77643,-73.95339
10029,40.79265,-73.94788
10030,40.81826,-73.94283
10031,40.82485,-73.95023
10032,40.839,-73.94282
10033,40.84744,-73.93549
10034,40.86749,-73.92358
10035,40.79538,-73.92965
10036,40.75976,-73.99064
10037,40.81302,-73.93776
10038,40.70914,-74.00298
10039,40.82631,-73.93752
10040,40.85807,-73.9296
10044,40.76209,-73.94981
10065,40.76472,-73.96332
10069,40.77752,-73.98875
10075,40.77342,-73.95642
10103,40.76078,-73.97767
10110,40.7545,-73.98226
10111,40.75953,-73.97858
10112,40.75891,-73.97904
10115,40.81085,-73.96374
10119,40.75064,-73.99273
10128,40.78151,-73.95018
10152,40.75872,-73.9718
10153,40.76362,-73.97244
10154,40.75778,-73.97249
10162,40.76936,-73.94986
10165,40.75213,-73.97872
10167,40.75465,-73.97477
10168,40.75145,-73.9771
10169,40.75467,-73.97643
10170,40.75263,-73.97588
10171,40.7559,-73.97386
10172,40.75527,-73.97431
10173,40.75379,-73.97961
10174,40.75144,-73.975
10177,40.75498,-73.97589
10199,40.75138,-73.99715
10271,40.70844,-74.01033
10278,40.71513,-74.00373
10279,40.71263,-74.00867
10280,40.70985,-74.01651
10282,40.71655,-74.01495
10301,40.62803,-74.09564
10302,40.63055,-74.13776
10303,40.63223,-74.16903
10304,40.60671,-74.0931
10305,40.59592,-74.07539
10306,40.57149,-74.1243
10307,40.50817,-74.24254
10308,40.55213,-74.15029
10309,40.53001,-74.21912
10310,40.63243,-74.11653
10311,40.60523,-74.17956
10312,40.54489,-74.18084
10314,40.60086,-74.16306
10451,40.82097,-73.92383
10452,40.8378,-73.92333
10453,40.85248,-73.9133
10454,40.8056,-73.91664
10455,40.8148,-73.90862
10456,40.83064,-73.90812
10457,40.84571,-73.89794
10458,40.86249,-73.88643
10459,40.82572,-73.89295
10460,40.84273,-73.87891
10461,40.84671,-73.84079
10462,40.84297,-73.85873
10463,40.88841,-73.89905
10464,40.86821,-73.80044
10465,40.8286,-73.82179
10466,40.89104,-73.8461
10467,40.87522,-73.872
10468,40.8681,-73.89985
10469,40.86851,-73.84666
10470,40.89598,-73.86805
10471,40.90002,-73.9067
10472,40.82968,-73.86942
10473,40.81817,-73.85889
10474,40.81061,-73.8846
10475,40.87528,-73.82702
10501,41.2954,-73.76006
10502,41.01126,-73.8409
10503,41.02654,-73.8753
10504,41.13065,-73.70629
10505,41.34207,-73.74791
10506,41.1889,-73.63411
10507,41.22879,-73.6878
10509,41.41205,-73.5937
10510,41.14152,-73.83411
10511,41.26302,-73.94391
10512,41.4483,-73.71054
10514,41.17331,-73.77071
10516,41.45342,-73.90233
10517,41.29837,-73.86013
10518,41.26787,-73.60073
10519,41.34701,-73.66196
10520,41.22183,-73.87348
10522,41.01221,-73.8646
10523,41.06005,-73.81859
10524,41.37076,-73.92201
10526,41.29388,-73.66171
10527,41.3195,-73.76502
10528,40.97819,-73.72306
10530,41.02304,-73.80764
10532,41.09873,-73.80066
10533,41.03826,-73.8556
10535,41.33536,-73.79965
10536,41.26971,-73.68943
10537,41.33784,-73.88528
10538,40.9376,-73.75707
10540,41.32575,-73.72745
10541,41.37855,-73.75122
10542,41.37115,-73.76436
10543,40.95274,-73.73645
10545,41.17861,-73.83547
10546,41.19472,-73.8002
10547,41.31178,-73.84637
10548,41.24599,-73.93643
10549,41.19981,-73.72028
10550,40.90627,-73.8351
10552,40.92376,-73.82497
10553,40.90858,-73.82161
10560,41.33303,-73.60264
10562,41.19295,-73.8305
10566,41.28924,-73.91837
10567,41.28922,-73.89633
10570,41.12854,-73.78917
10573,41.01676,-73.67735
10576,41.21323,-73.57289
10577,41.03755,-73.71349
10578,41.31815,-73.673
10579,41.39651,-73.83384
10580,40.97854,-73.69258
10583,40.98916,-73.79443
10588,41.33222,-73.82624
10589,41.33178,-73.6933
10590,41.25421,-73.53719
10591,41.08436,-73.84653
10594,41.11579,-73.771
10595,41.08626,-73.78097
10596,41.25552,-73.95854
10597,41.29423,-73.59703
10598,41.28309,-73.79516
10601,41.03288,-73.7648
10603,41.05364,-73.78014
10604,41.06013,-73.73955
10605,41.0095,-73.74518
10606,41.02065,-73.77588
10607,41.03949,-73.81214
10701,40.94702,-73.88034
10703,40.95765,-73.88114
10704,40.91911,-73.86187
10705,40.91929,-73.88928
10706,40.99047,-73.86951
10707,40.95961,-73.82291
10708,40.9379,-73.83167
10709,40.95337,-73.80885
10710,40.96732,-73.84739
10801,40.91751,-73.78396
10803,40.89978,-73.80619
10804,40.94914,-73.78629
10805,40.89593,-73.78028
10901,41.14554,-74.12504
10910,41.2773,-74.13625
10911,41.30798,-73.99243
10913,41.06845,-73.95574
10914,41.41671,-74.20087
10915,41.54022,-74.35714
10916,41.44881,-74.24311
10917,41.31851,-74.11094
10918,41.34816,-74.25828
10919,41.52836,-74.38327
10920,41.15477,-73.9393
10921,41.3292,-74.3651
10922,41.32794,-73.99604
10923,41.20265,-74.00031
10924,41.3788,-74.3512
10925,41.20076,-74.29535
10926,41.25856,-74.1307
10927,41.19263,-73.96735
10928,41.3457,-74.00265
10930,41.3667,-74.11035
10931,41.12769,-74.17012
10932,41.482,-74.46352
10933,41.36527,-74.51106
10940,41.45149,-74.46997
10941,41.48923,-74.34556
10950,41.31919,-74.19825
10952,41.11385,-74.07975
10953,41.40581,-74.07783
10954,41.09969,-74.01269
10956,41.15562,-73.99314
10958,41.3764,-74.42881
10960,41.08892,-73.92642
10962,41.04857,-73.96057
10963,41.4669,-74.54121
10964,41.01642,-73.91431
10965,41.06176,-74.01286
10968,41.03976,-73.91804
10969,41.292,-74.48879
10970,41.1852,-74.06568
10973,41.38442,-74.47566
10974,41.15826,-74.18993
10975,41.25951,-74.17042
10976,41.02871,-73.92594
10977,41.11749,-74.04825
10979,41.18237,-74.31877
10980,41.23157,-74.05709
10983,41.02747,-73.94826
10984,41.20928,-74.02008
10985,41.57697,-74.35782
10986,41.27917,-73.99445
10987,41.20737,-74.22284
10988,41.30133,-74.56218
10989,41.12479,-73.93632
10990,41.2651,-74.3663
10992,41.42648,-74.16567
10993,41.21011,-73.97565
10994,41.09702,-73.97322
10996,41.38996,-73.97257
10998,41.33118,-74.53989
11001,40.72356,-73.70451
11003,40.70143,-73.7078
11004,40.74621,-73.71147
11005,40.75661,-73.71424
11010,40.70066,-73.67514
11020,40.77098,-73.71293
11021,40.78644,-73.7289
11023,40.7994,-73.73282
11024,40.81642,-73.74205
11030,40.79293,-73.68868
11040,40.74572,-73.67979
11042,40.75854,-73.6975
11050,40.83815,-73.69113
11096,40.62143,-73.75292
11101,40.74679,-73.93916
11102,40.77161,-73.92619
11103,40.76261,-73.91334
11104,40.74484,-73.92049
11105,40.779,-73.90652
11106,40.76191,-73.93169
11109,40.7463,-73.95699
11201,40.69477,-73.99031
11203,40.64958,-73.93431
11204,40.61883,-73.98496
11205,40.69654,-73.96807
11206,40.7019,-73.94254
11207,40.67016,-73.89383
11208,40.67481,-73.87243
11209,40.62175,-74.03013
11210,40.62801,-73.94631
11211,40.71428,-73.94602
11212,40.6629,-73.91308
11213,40.67117,-73.93632
11214,40.59928,-73.99644
11215,40.66255,-73.98687
11216,40.68085,-73.94929
11217,40.68242,-73.97943
11218,40.64315,-73.97645
11219,40.63267,-73.99672
11220,40.64142,-74.01741
11221,40.6914,-73.92764
11222,40.72862,-73.94764
11223,40.59711,-73.97344
11224,40.57652,-73.9891
11225,40.6631,-73.95392
11226,40.64636,-73.95666
11228,40.61678,-74.01337
11229,40.60047,-73.94453
11230,40.6221,-73.96525
11231,40.67603,-74.00644
11232,40.65692,-74.00727
11233,40.67827,-73.91994
11234,40.6072,-73.91107
11235,40.58411,-73.94331
11236,40.63951,-73.90098
11237,40.70427,-73.92108
11238,40.67105,-73.96636
11239,40.64733,-73.87136
11249,40.71121,-73.96318
11354,40.7686,-73.82743
11355,40.75143,-73.82125
11356,40.78492,-73.84149
11357,40.78636,-73.81094
11358,40.76038,-73.79648
11359,40.79147,-73.77662
11360,40.7805,-73.78159
11361,40.76393,-73.77294
11362,40.75899,-73.73583
11363,40.77251,-73.74708
11364,40.74625,-73.75598
11365,40.73983,-73.79499
11366,40.73112,-73.7804
11367,40.73044,-73.82274
11368,40.74962,-73.85264
11369,40.76345,-73.87222
11370,40.77554,-73.88766
11371,40.77445,-73.87316
11372,40.75172,-73.88367
11373,40.73892,-73.87854
11374,40.72647,-73.86144
11375,40.72315,-73.84373
11377,40.74483,-73.90516
11378,40.72493,-73.91034
11379,40.71709,-73.88056
11385,40.70103,-73.89011
11411,40.69406,-73.73623
11412,40.69804,-73.759
11413,40.67002,-73.75116
11414,40.65818,-73.8448
11415,40.70808,-73.82801
11416,40.68458,-73.84967
11417,40.67641,-73.84455
11418,40.70032,-73.83603
11419,40.68863,-73.82302
11420,40.67352,-73.8177
11421,40.69403,-73.85865
11422,40.66053,-73.73658
11423,40.71564,-73.76826
11424,40.71397,-73.82809
11426,40.73641,-73.7223
11427,40.73094,-73.74569
11428,40.72099,-73.74222
11429,40.70958,-73.73843
11430,40.64703,-73.78717
11432,40.71491,-73.79295
11433,40.69805,-73.78675
11434,40.67683,-73.77623
11435,40.70111,-73.80968
11436,40.67587,-73.79664
11439,40.72195,-73.79455
11451,40.7012,-73.79579
11501,40.74629,-73.63921
11507,40.77082,-73.6521
11509,40.58872,-73.7286
11510,40.65027,-73.60809
11514,40.74979,-73.61298
11516,40.6258,-73.7263
11518,40.63772,-73.66691
11520,40.65007,-73.58305
11530,40.72716,-73.63654
11542,40.87073,-73.62879
11545,40.82685,-73.58853
11547,40.82881,-73.64505
11548,40.81414,-73.6097
11549,40.71896,-73.59973
11550,40.70158,-73.62039
11552,40.6916,-73.65073
11553,40.70529,-73.5923
11554,40.71974,-73.56044
11556,40.71997,-73.58327
11557,40.63723,-73.6921
11558,40.60539,-73.64952
11559,40.60615,-73.71688
11560,40.88068,-73.59057
11561,40.58969,-73.64455
11563,40.65746,-73.67408
11565,40.67505,-73.67177
11566,40.66307,-73.55407
11568,40.78659,-73.59719
11569,40.5903,-73.58046
11570,40.66504,-73.63882
11572,40.63231,-73.63686
11575,40.68044,-73.58525
11576,40.79791,-73.64711
11577,40.78288,-73.6391
11579,40.84406,-73.64426
11580,40.67491,-73.70374
11581,40.65153,-73.71653
11590,40.75541,-73.57463
11596,40.75968,-73.6422
11598,40.63109,-73.71188
11691,40.60152,-73.76173
11692,40.59373,-73.79201
11693,40.59649,-73.81663
11694,40.57532,-73.85099
11697,40.55749,-73.91361
11701,40.6817,-73.41289
11702,40.65155,-73.33824
11703,40.73325,-73.32533
11704,40.71623,-73.35908
11705,40.74514,-73.05461
11706,40.706,-73.24208
11709,40.90665,-73.56005
11710,40.67217,-73.53293
11713,40.77774,-72.94253
11714,40.74267,-73.48615
11715,40.75005,-73.03531
11716,40.77131,-73.12729
11717,40.78405,-73.25223
11718,40.71891,-73.26391
11719,40.77935,-72.91175
11720,40.87025,-73.08202
11721,40.89362,-73.37009
11722,40.78358,-73.19657
11724,40.86522,-73.45288
11725,40.84056,-73.28085
11726,40.67891,-73.39564
11727,40.88019,-73.00368
11729,40.76249,-73.32161
11730,40.72701,-73.18456
11731,40.86262,-73.31703
11732,40.84245,-73.53916
11733,40.93742,-73.10544
11735,40.73177,-73.43284
11738,40.83779,-73.03761
11739,40.71058,-73.16275
11740,40.86536,-73.36118
11741,40.79473,-73.07043
11742,40.81034,-73.0419
11743,40.88018,-73.4266
11746,40.81421,-73.3608
11747,40.78372,-73.40931
11749,40.80674,-73.1708
11751,40.72999,-73.21424
11752,40.75791,-73.17359
11753,40.78976,-73.5411
11754,40.88771,-73.24738
11755,40.8583,-73.11748
11756,40.72545,-73.51656
11757,40.68892,-73.37356
11758,40.65361,-73.45626
11762,40.68283,-73.44707
11763,40.82529,-72.98245
11764,40.93585,-72.97544
11765,40.88249,-73.55862
11766,40.93602,-73.01645
11767,40.84438,-73.14535
11768,40.91052,-73.32611
11769,40.73703,-73.12929
11770,40.64945,-73.14123
11771,40.8674,-73.52651
11772,40.76118,-72.9875
11776,40.91345,-73.04567
11777,40.95171,-73.0645
11778,40.94312,-72.93073
11779,40.8127,-73.1156
11780,40.89249,-73.16973
11782,40.73727,-73.08024
11783,40.67766,-73.49068
11784,40.86855,-73.0422
11786,40.94711,-72.88939
11787,40.85338,-73.21089
11788,40.81808,-73.21318
11789,40.95759,-72.97214
11790,40.90719,-73.12777
11791,40.82819,-73.50282
11792,40.94832,-72.8302
11793,40.6462,-73.51024
11794,40.91915,-73.12475
11795,40.70803,-73.29827
11796,40.72958,-73.09986
11797,40.81739,-73.47004
11798,40.752,-73.37497
11801,40.76256,-73.52383
11803,40.78177,-73.4733
11804,40.75829,-73.45706
11901,40.92424,-72.64697
11930,40.98877,-72.10482
11931,40.93347,-72.62195
11932,40.93322,-72.30603
11933,40.92449,-72.75453
11934,40.80201,-72.79428
11935,41.01795,-72.48933
11937,40.99714,-72.20253
11939,41.12627,-72.34223
11940,40.80819,-72.75664
11941,40.83311,-72.72315
11942,40.84901,-72.57764
11944,41.09888,-72.37223
11946,40.87033,-72.52294
11947,40.94302,-72.58189
11948,40.9662,-72.55797
11949,40.86496,-72.80097
11950,40.80627,-72.84734
11951,40.76624,-72.83655
11952,40.99716,-72.54369
11953,40.88585,-72.95054
11954,41.04458,-71.9518
11955,40.80777,-72.82289
11956,40.98067,-72.46868
11957,41.1492,-72.26181
11958,41.03688,-72.4613
11959,40.82903,-72.60977
11960,40.80894,-72.70615
11961,40.90458,-72.88488
11962,40.93715,-72.27379
11963,40.99921,-72.32271
11964,41.05743,-72.31492
11965,41.07727,-72.34244
11967,40.80092,-72.87611
11968,40.90035,-72.42081
11970,40.94029,-72.57403
11971,41.05949,-72.42617
11972,40.82362,-72.70045
11973,40.86583,-72.88718
11975,40.95146,-72.25093
11976,40.92986,-72.34721
11977,40.82769,-72.67947
11978,40.82878,-72.64669
11980,40.8321,-72.92198
12007,42.48889,-73.93159
12008,42.85367,-73.9063
12009,42.69824,-74.03398
12010,42.93752,-74.17287
12015,42.28315,-73.82543
12017,42.31453,-73.45682
12018,42.62926,-73.52662
12019,42.92993,-73.88245
12020,43.00208,-73.87401
12022,42.66653,-73.33401
12023,42.60656,-74.16573
12024,42.48134,-73.53419
12025,43.09142,-74.11924
12027,42.92122,-73.90872
12028,42.94545,-73.44213
12029,42.40397,-73.42466
12031,42.76579,-74.46617
12032,43.24042,-74.55666
12033,42.53665,-73.70558
12035,42.73453,-74.37534
12036,42.53564,-74.68468
12037,42.33506,-73.55714
12040,42.63047,-73.35916
12041,42.55893,-73.97028
12042,42.38185,-73.89162
12043,42.70357,-74.5267
12045,42.47974,-73.79682
12046,42.48864,-73.92119
12047,42.78396,-73.72655
12051,42.34493,-73.83938
12052,42.75767,-73.47847
12053,42.75283,-74.18791
12054,42.60764,-73.86864
12056,42.76761,-74.0905
12057,42.97316,-73.34335
12058,42.3498,-73.923
12059,42.61403,-74.05811
12060,42.41325,-73.49284
12061,42.59915,-73.65658
12062,42.52871,-73.501
12063,42.56442,-73.63826
12064,42.60711,-74.65887
12065,42.85402,-73.78654
12066,42.78011,-74.30291
12067,42.56083,-73.91663
12068,42.95701,-74.40467
12069,42.94336,-74.28193
12070,42.98513,-74.25441
12071,42.56971,-74.41521
12072,42.88102,-74.36164
12074,43.05219,-74.04709
12075,42.30145,-73.64046
12076,42.40868,-74.38506
12077,42.59426,-73.7841
12078,43.12338,-74.36255
12082,42.76998,-73.44672
12083,42.43151,-74.03155
12084,42.70411,-73.90182
12085,42.70043,-73.96659
12086,42.99684,-74.10508
12087,42.42794,-73.8931
12090,42.88073,-73.35624
12092,42.70396,-74.38456
12093,42.49599,-74.6262
12094,42.89091,-73.48737
12095,43.03151,-74.41553
12106,42.38871,-73.71228
12108,43.47045,-74.42768
12110,42.75349,-73.77671
12115,42.46747,-73.59338
12116,42.53849,-74.91278
12117,43.16894,-74.25557
12118,42.92096,-73.72049
12120,42.45781,-74.1409
12121,42.84368,-73.60398
12122,42.54341,-74.31138
12123,42.52239,-73.60636
12124,42.44652,-73.78494
12125,42.47633,-73.40394
12130,42.44156,-73.65835
12131,42.46573,-74.46249
12132,42.47102,-73.63362
12134,43.26533,-74.23059
12136,42.43249,-73.56016
12137,42.85727,-74.12922
12138,42.73735,-73.37128
12139,43.52096,-74.56552
12140,42.689,-73.56689
12143,42.48525,-73.85218
12144,42.63106,-73.71801
12147,42.51365,-74.15147
12148,42.83361,-73.84652
12149,42.62011,-74.56692
12150,42.87613,-74.04923
12151,42.92553,-73.78874
12153,42.63606,-73.46692
12154,42.93713,-73.60124
12155,42.59229,-74.82337
12156,42.47764,-73.74354
12157,42.66742,-74.29892
12158,42.53927,-73.81903
12159,42.64328,-73.88503
12160,42.76325,-74.36619
12161,42.53369,-73.84606
12164,43.62883,-74.42717
12165,42.31518,-73.50756
12166,42.83846,-74.45644
12167,42.42101,-74.59011
12168,42.5614,-73.3751
12169,42.58249,-73.43559
12170,42.99936,-73.66234
12172,42.28915,-73.73895
12173,42.39042,-73.76196
12174,42.35314,-73.72802
12175,42.55489,-74.56161
12176,42.38839,-73.96787
12177,42.95184,-74.28459
12180,42.7516,-73.59997
12182,42.80044,-73.63519
12183,42.74742,-73.69259
12184,42.42272,-73.65387
12185,42.90102,-73.53507
12186,42.62502,-73.9737
12187,42.62632,-74.46537
12188,42.8199,-73.69589
12189,42.73618,-73.71688
12190,43.47359,-74.2733
12192,42.40428,-73.82136
12193,42.51713,-74.04327
12194,42.53839,-74.45431
12195,42.47876,-73.46505
12196,42.63149,-73.61708
12197,42.6094,-74.72587
12198,42.67819,-73.63285
12202,42.63355,-73.763
12203,42.68138,-73.85099
12204,42.68723,-73.72869
12205,42.71719,-73.83006
12206,42.67415,-73.78196
12207,42.65657,-73.74749
12208,42.65293,-73.80835
12209,42.6382,-73.78976
12210,42.66399,-73.75985
12211,42.7083,-73.76393
12222,42.68637,-73.82656
12226,42.67931,-73.80987
12302,42.88188,-73.98323
12303,42.74938,-73.92562
12304,42.77375,-73.89742
12305,42.81219,-73.95036
12306,42.80686,-74.03344
12307,42.80507,-73.93341
12308,42.82152,-73.92006
12309,42.79693,-73.86785
12401,41.93504,-74.05446
12404,41.81602,-74.23632
12405,42.31585,-74.0989
12406,42.09647,-74.56502
12407,42.30075,-74.35343
12409,42.05662,-74.16655
12410,42.0706,-74.45212
12411,41.87975,-74.04094
12412,42.01218,-74.27698
12413,42.31338,-74.02628
12414,42.2211,-73.92356
12416,42.09554,-74.28592
12417,41.9073,-73.98943
12418,42.35863,-74.1609
12419,41.85948,-74.10265
12420,41.6743,-74.37769
12421,42.2512,-74.5336
12422,42.39205,-74.20232
12423,42.37968,-74.11136
12424,42.24689,-74.14358
12427,42.14771,-74.11921
12428,41.73817,-74.44615
12429,41.83323,-73.961
12430,42.20306,-74.49933
12431,42.35877,-74.01843
12432,42.04702,-73.94403
12433,42.00533,-74.15526
12434,42.36491,-74.50793
12435,41.72715,-74.51148
12436,42.20447,-74.0746
12438,42.21251,-74.59667
12439,42.29674,-74.18789
12440,41.78665,-74.16338
12441,42.1502,-74.50625
12442,42.22275,-74.23545
12443,41.93388,-74.08536
12444,42.24942,-74.28993
12446,41.79063,-74.31655
12448,42.07955,-74.20067
12449,41.99377,-73.99338
12450,42.13804,-74.22176
12451,42.30337,-73.94802
12452,42.23891,-74.34986
12453,42.0929,-73.93629
12454,42.2869,-74.15038
12455,42.14871,-74.66334
12456,42.03308,-73.99703
12457,42.03997,-74.24659
12458,41.82273,-74.41666
12459,42.23976,-74.6805
12460,42.42357,-74.16676
12461,41.90531,-74.25246
12463,42.1895,-74.01573
12464,42.04071,-74.34452
12465,42.15278,-74.46725
12466,41.90671,-73.97826
12468,42.29998,-74.41375
12469,42.44521,-74.2421
12470,42.26932,-74.05515
12471,41.83799,-74.04195
12472,41.84732,-74.07447
12473,42.26157,-74.02827
12474,42.29378,-74.58117
12475,42.01397,-74.01332
12477,42.08528,-74.00028
12480,42.13803,-74.37683
12481,41.97519,-74.22718
12482,42.26841,-73.95587
12483,41.66796,-74.44184
12484,41.87024,-74.17338
12485,42.20507,-74.15288
12486,41.83438,-74.06235
12487,41.86095,-73.99555
12489,41.75597,-74.35462
12490,42.12355,-73.9251
12491,41.96957,-74.13311
12492,42.18758,-74.33453
12493,41.79316,-73.97283
12494,41.94857,-74.30169
12495,42.08264,-74.24563
12496,42.32669,-74.27256
12498,42.04772,-74.11007
12501,41.85664,-73.55953
12502,42.08324,-73.65409
12503,42.03615,-73.58139
12504,42.02342,-73.9094
12507,42.00735,-73.92126
12508,41.49637,-73.95351
12512,41.5542,-73.96471
12513,42.21661,-73.71639
12514,41.87137,-73.76274
12515,41.68008,-74.06451
12516,42.10722,-73.55343
12517,42.13392,-73.51103
12518,41.41847,-74.03571
12520,41.43362,-74.00693
12521,42.17071,-73.65164
12522,41.72693,-73.58893
12523,42.08627,-73.75311
12524,41.53092,-73.89245
12525,41.68115,-74.17751
12526,42.12236,-73.85938
12527,41.51931,-73.93703
12528,41.72273,-74.00477
12529,42.21335,-73.53802
12530,42.20692,-73.68413
12531,41.53689,-73.66917
12533,41.55925,-73.79401
12534,42.22434,-73.75427
12538,41.79246,-73.89336
12540,41.67073,-73.72524
12542,41.60772,-73.99666
12543,41.48602,-74.22354
12544,42.26129,-73.66822
12545,41.7914,-73.67251
12546,41.96627,-73.53313
12547,41.65463,-73.98322
12548,41.66307,-74.10157
12549,41.52957,-74.25843
12550,41.53671,-74.05196
12553,41.46146,-74.07311
12561,41.75602,-74.0958
12563,41.49417,-73.5891
12564,41.57827,-73.5862
12565,42.24849,-73.64584
12566,41.62223,-74.33256
12567,41.98206,-73.65211
12569,41.7346,-73.79731
12570,41.62377,-73.66983
12571,42.00663,-73.81152
12572,41.92548,-73.8717
12574,41.91764,-73.94566
12575,41.48514,-74.15714
12577,41.42048,-74.11678
12578,41.80629,-73.79673
12580,41.85348,-73.87302
12581,41.90625,-73.69374
12582,41.54693,-73.72919
12583,42.05625,-73.88014
12585,41.72396,-73.7025
12586,41.5657,-74.17289
12589,41.6278,-74.15875
12590,41.59559,-73.88774
12592,41.78601,-73.5528
12594,41.66049,-73.56004
12601,41.70602,-73.91119
12603,41.67816,-73.86744
12604,41.68844,-73.89448
12701,41.65125,-74.6982
12719,41.48431,-74.90543
12720,41.65794,-74.90029
12721,41.56741,-74.42832
12722,41.59042,-74.3748
12723,41.77809,-75.02751
12724,41.85195,-74.93535
12725,41.95679,-74.54794
12726,41.69269,-74.96902
12729,41.49411,-74.61582
12732,41.56075,-74.87353
12733,41.73378,-74.6102
12734,41.7354,-74.7531
12736,41.85327,-75.01917
12737,41.50529,-74.79941
12738,41.66009,-74.59119
12740,41.89499,-74.46616
12741,41.84368,-75.07816
12742,41.71796,-74.72108
12743,41.54065,-74.84687
12745,41.78503,-75.02633
12746,41.44929,-74.65582
12747,41.76596,-74.65934
12748,41.77604,-74.91845
12749,41.69149,-74.82768
12750,41.73595,-74.96382
12751,41.69209,-74.66119
12752,41.68278,-74.9905
12754,41.80004,-74.73643
12758,41.9428,-74.74942
12759,41.78399,-74.65758
12760,41.90063,-75.10559
12762,41.65582,-74.79462
12763,41.68221,-74.52205
12764,41.59639,-74.98515
12765,41.85265,-74.6281
12766,41.81408,-74.97923
12767,41.83504,-75.00284
12768,41.87157,-74.71507
12769,41.65925,-74.47071
12770,41.44681,-74.85028
12771,41.37394,-74.62429
12775,41.62266,-74.58232
12776,41.96486,-74.93197
12777,41.55172,-74.71067
12778,41.66174,-74.8138
12779,41.69804,-74.62703
12780,41.44514,-74.71989
12781,41.61448,-74.47208
12783,41.74026,-74.83502
12784,41.66907,-74.61485
12785,41.52429,-74.58051
12786,41.64306,-74.85393
12787,41.7931,-74.8365
12788,41.79552,-74.58846
12789,41.71374,-74.57233
12790,41.5863,-74.51705
12791,41.81126,-74.88692
12792,41.51447,-74.95172
12801,43.31097,-73.64545
12803,43.28891,-73.63024
12804,43.3375,-73.68307
12808,43.74782,-73.75393
12809,43.24097,-73.4624
12810,43.49862,-73.95217
12811,43.57502,-74.07508
12812,43.85731,-74.41213
12814,43.6004,-73.63678
12815,43.70161,-73.69459
12816,43.05085,-73.37829
12817,43.63697,-73.82614
12819,43.61144,-73.46315
12820,43.46022,-73.64067
12821,43.45866,-73.41332
12822,43.2407,-73.88959
12823,43.17945,-73.40628
12824,43.5279,-73.71386
12827,43.44917,-73.51241
12828,43.25534,-73.56841
12831,43.19533,-73.68791
12832,43.36813,-73.31716
12833,43.13866,-73.84355
12834,43.09706,-73.50423
12835,43.32496,-74.00589
12836,43.74994,-73.56816
12837,43.50842,-73.26651
12838,43.34354,-73.40756
12839,43.34496,-73.55058
12841,43.59919,-73.5165
12842,43.75058,-74.2746
12843,43.5849,-73.97771
12844,43.49423,-73.64081
12845,43.42757,-73.70703
12846,43.34022,-73.80592
12847,43.98698,-74.59024
12849,43.44812,-73.2985
12850,43.09886,-73.97941
12851,43.85171,-74.06211
12852,43.99293,-74.13598
12853,43.68816,-73.99804
12854,43.45019,-73.32767
12855,44.00121,-73.79762
12856,43.65531,-74.14625
12857,43.84033,-73.93354
12858,43.88899,-73.6703
12859,43.16587,-73.90569
12860,43.72843,-73.80942
12861,43.74982,-73.41502
12862,43.67419,-73.91878
12863,43.06031,-73.93162
12864,43.72733,-74.3054
12865,43.21225,-73.34191
12866,43.07537,-73.7401
12870,43.83931,-73.7625
12871,43.09249,-73.61196
12872,43.8839,-73.72309
12873,43.1185,-73.30682
12874,43.69035,-73.54836
12878,43.44217,-74.0479
12883,43.85291,-73.50786
12884,43.08855,-73.5921
12885,43.52929,-73.83161
12886,43.63689,-73.92654
12887,43.54504,-73.37471
12901,44.70842,-73.47465
12903,44.65698,-73.46306
12910,44.8546,-73.64593
12911,44.53464,-73.46687
12912,44.46233,-73.74201
12913,44.42627,-74.01562
12914,44.93289,-74.6018
12915,44.8535,-74.035
12916,44.83572,-74.5145
12917,44.92468,-74.17387
12918,44.68975,-73.67863
12919,44.96793,-73.45072
12920,44.89332,-74.06016
12921,44.89188,-73.43574
12922,44.33381,-74.7827
12923,44.94546,-73.95802
12924,44.47589,-73.58751
12926,44.95223,-74.32214
12927,44.2005,-74.81818
12928,43.9539,-73.52898
12929,44.71971,-73.71909
12930,44.72349,-74.5437
12932,44.21222,-73.6082
12933,44.89118,-73.84512
12934,44.84603,-73.87659
12935,44.85709,-73.79461
12936,44.26869,-73.4029
12937,44.96176,-74.47807
12939,44.43859,-74.16541
12941,44.35147,-73.7126
12942,44.26023,-73.79523
12943,44.13934,-73.82075
12944,44.44585,-73.51193
12945,44.33451,-74.23829
12946,44.23162,-73.98903
12950,44.32685,-73.57675
12952,44.71181,-73.91362
12953,44.74198,-74.26347
12955,44.78934,-73.95855
12956,44.09301,-73.49628
12957,44.85353,-74.57706
12958,44.95661,-73.57419
12959,44.96073,-73.7014
12960,44.02226,-73.54123
12961,44.06103,-73.57972
12962,44.70642,-73.60141
12964,44.13224,-73.63625
12965,44.70587,-74.684
12966,44.79226,-74.41915
12967,44.76864,-74.65897
12969,44.71102,-74.0812
12970,44.44949,-74.33222
12972,44.559,-73.56516
12973,44.30279,-74.59187
12974,44.05582,-73.46931
12975,44.52977,-73.431
12976,44.50469,-74.20498
12977,44.29484,-74.09673
12978,44.6181,-73.79589
12979,44.98926,-73.37213
12980,44.57254,-74.50875
12981,44.62235,-73.84035
12983,44.34627,-74.14243
12985,44.56413,-73.73395
12986,44.22279,-74.44056
12987,44.33948,-73.76386
12989,44.53935,-74.06439
12992,44.81822,-73.51582
12993,44.19711,-73.48097
12996,44.36129,-73.42129
12997,44.3755,-73.84314
12998,44.0879,-73.57584
13020,42.81646,-76.07458
13021,42.91713,-76.5542
13024,42.93453,-76.57424
13026,42.75044,-76.65968
13027,43.16741,-76.36258
13028,43.29226,-75.93107
13029,43.2236,-76.14993
13030,43.15962,-75.96052
13031,43.0448,-76.30775
13032,43.07793,-75.76275
13033,43.1852,-76.57044
13034,42.91366,-76.69502
13035,42.93828,-75.82551
13036,43.32268,-76.17402
13037,43.06046,-75.86521
13039,43.16678,-76.0654
13040,42.56033,-75.93029
13041,43.19079,-76.19711
13042,43.26565,-75.85154
13044,43.2977,-75.99595
13045,42.58692,-76.19029
13051,42.88339,-75.91021
13052,42.72838,-75.86957
13053,42.47513,-76.26471
13054,43.16947,-75.66923
13057,43.09543,-76.04014
13060,43.02381,-76.41926
13061,42.86493,-75.75173
13062,42.48121,-76.38694
13063,42.84429,-75.98023
13065,42.81884,-76.81577
13066,43.03297,-76.00259
13068,42.49905,-76.35555
13069,43.33081,-76.37867
13071,42.67584,-76.54252
13072,42.76243,-75.76296
13073,42.58514,-76.39832
13074,43.31035,-76.54786
13076,43.35364,-76.15182
13077,42.71557,-76.20089
13078,42.96206,-76.06171
13080,43.08338,-76.47776
13081,42.67364,-76.62527
13082,43.10148,-75.95253
13083,43.64853,-75.98091
13084,42.88938,-76.11314
13087,42.69634,-76.16493
13088,43.10787,-76.19096
13090,43.15162,-76.21344
13092,42.65145,-76.42502
13101,42.60211,-76.06665
13102,42.55276,-76.29253
13103,43.32652,-76.10507
13104,42.96378,-75.95523
13108,42.97349,-76.33069
13110,42.89019,-76.28507
13111,43.25988,-76.61858
13112,43.10306,-76.41926
13113,43.16425,-76.53488
13114,43.46386,-76.24328
13115,43.3937,-76.47462
13116,43.07449,-76.00796
13117,43.01007,-76.70838
13118,42.75226,-76.39522
13119,42.97655,-76.44488
13120,42.94233,-76.1695
13121,43.48491,-76.30966
13122,42.83857,-75.85919
13123,43.22796,-75.75325
13124,42.64578,-75.81718
13126,43.43469,-76.46331
13131,43.41964,-76.09539
13132,43.26547,-76.24446
13134,42.96731,-75.68476
13135,43.25801,-76.31676
13136,42.60368,-75.84582
13138,42.89915,-76.01461
13140,43.05891,-76.65841
13141,42.76684,-76.18616
13142,43.55189,-76.12959
13143,43.23325,-76.71545
13144,43.57034,-75.97464
13145,43.65188,-76.1232
13146,43.09711,-76.76031
13147,42.77336,-76.56603
13148,42.9208,-76.78106
13152,42.89323,-76.38518
13153,42.9945,-76.45476
13154,43.13378,-76.76192
13155,42.65945,-75.77136
13156,43.33355,-76.66249
13157,43.20288,-75.7254
13158,42.71603,-75.97626
13159,42.80321,-76.11545
13160,42.82613,-76.65157
13162,43.18833,-75.71823
13163,43.08194,-75.70841
13164,43.09377,-76.31626
13165,42.91185,-76.87601
13166,43.07219,-76.5568
13167,43.3171,-76.0571
13202,43.04356,-76.15065
13203,43.061,-76.13486
13204,43.05204,-76.17666
13205,43.00474,-76.14163
13206,43.07354,-76.10584
13207,43.01221,-76.16354
13208,43.07878,-76.14521
13209,43.08581,-76.24355
13210,43.03186,-76.12653
13211,43.10333,-76.11954
13212,43.12839,-76.12889
13214,43.03865,-76.0741
13215,42.97852,-76.22979
13219,43.03969,-76.22277
13224,43.03892,-76.10264
13244,43.02318,-76.12329
13290,43.07132,-76.17368
13301,43.42225,-75.21546
13302,43.50261,-75.95044
13303,43.36992,-75.46636
13304,43.23954,-75.1589
13305,43.89329,-75.43144
13308,43.24865,-75.66686
13309,43.47398,-75.34103
13310,42.89055,-75.57065
13312,43.70247,-75.20758
13313,42.88715,-75.26228
13314,42.82476,-75.31568
13315,42.7438,-75.1385
13316,43.41492,-75.73963
13317,42.85638,-74.58844
13318,42.92366,-75.25958
13319,43.02705,-75.26593
13320,42.77353,-74.74325
13321,43.08901,-75.37259
13322,42.96661,-75.20445
13323,43.04198,-75.38144
13324,43.3165,-74.93325
13325,43.58398,-75.54091
13326,42.71865,-74.90374
13327,43.96047,-75.28474
13328,42.98247,-75.42836
13329,43.11094,-74.70017
13331,43.81706,-74.97284
13332,42.75831,-75.57452
13333,42.83091,-74.82207
13334,42.83445,-75.65986
13335,42.70193,-75.24847
13337,42.75114,-74.9816
13338,43.49706,-74.97833
13339,42.93995,-74.66631
13340,43.04814,-75.11502
13342,42.64766,-75.18918
13343,43.75271,-75.31062
13345,43.6889,-75.33153
13346,42.82093,-75.54453
13348,42.70202,-75.06398
13350,43.06352,-74.98817
13352,43.31122,-75.12058
13353,43.47123,-74.72732
13354,43.26612,-75.27199
13355,42.80971,-75.42401
13357,42.96952,-75.08037
13360,43.72457,-74.73577
13361,42.89807,-74.86256
13363,43.33127,-75.50984
13364,42.80501,-75.26105
13365,43.09804,-74.84937
13367,43.85563,-75.31772
13368,43.6446,-75.33209
13402,42.90209,-75.50728
13403,43.17041,-75.27188
13404,43.73842,-75.48089
13406,43.14326,-74.92257
13407,42.9677,-74.94087
13408,42.92205,-75.66722
13409,42.97602,-75.59131
13410,42.92908,-74.60922
13411,42.63723,-75.30981
13413,43.0576,-75.27495
13415,42.59714,-75.19729
13416,43.18768,-74.9571
13417,43.10002,-75.29399
13418,42.84519,-75.38213
13420,43.65069,-74.9619
13421,43.06293,-75.64654
13424,43.15228,-75.36291
13425,42.9635,-75.48675
13428,42.92096,-74.53311
13431,43.20691,-75.07608
13433,43.59914,-75.24765
13435,43.30255,-75.15134
13436,43.80501,-74.67034
13437,43.59677,-75.80383
13438,43.35171,-75.15527
13439,42.85491,-74.99724
13440,43.21807,-75.45941
13441,43.22711,-75.40758
13450,42.7026,-74.81263
13452,43.03718,-74.63001
13454,43.16885,-74.75719
13455,42.91791,-75.37655
13456,43.00145,-75.25855
13457,42.77527,-75.03691
13459,42.77721,-74.59315
13460,42.68492,-75.45572
13461,43.07115,-75.59866
13464,42.68632,-75.61998
13468,42.84696,-74.86448
13469,43.22028,-75.29853
13470,43.21075,-74.66825
13471,43.37606,-75.6122
13472,43.69491,-75.06072
13473,43.64414,-75.44517
13475,42.88789,-74.81196
13476,43.08728,-75.51219
13477,43.03633,-75.51441
13478,43.14916,-75.58009
13480,42.91424,-75.36699
13482,42.69661,-75.17695
13483,43.40075,-75.81995
13484,42.85426,-75.65549
13485,42.7865,-75.3165
13486,43.35707,-75.34088
13488,42.67447,-74.76796
13489,43.46698,-75.52928
13490,43.10612,-75.42991
13491,42.85957,-75.17698
13492,43.1172,-75.33023
13493,43.43162,-75.90102
13494,43.53136,-75.14198
13495,43.11087,-75.27744
13501,43.08138,-75.22611
13502,43.14121,-75.16584
13601,43.96949,-75.90965
13602,44.04877,-75.75747
13603,44.03826,-75.79765
13605,43.80641,-76.05195
13606,43.87007,-76.01601
13607,44.33233,-75.91187
13608,44.23879,-75.62508
13611,43.77726,-76.12374
13612,43.98571,-75.76911
13613,44.85884,-74.73879
13614,44.53081,-75.69194
13615,44.00569,-75.98328
13616,44.02538,-75.85896
13617,44.5789,-75.14668
13618,44.11641,-76.27851
13619,43.97705,-75.59432
13620,43.89989,-75.45265
13621,44.8452,-75.06596
13622,44.09654,-76.115
13623,44.44877,-75.75299
13624,44.22284,-76.09736
13625,44.5384,-74.92135
13626,43.85143,-75.7202
13628,44.03764,-75.68307
13630,44.49742,-75.31756
13632,44.12698,-76.06826
13633,44.48259,-75.48825
13634,44.01197,-76.07034
13635,44.29915,-75.26188
13636,43.74107,-76.12762
13637,44.09751,-75.83346
13638,44.02077,-75.75443
13639,44.2594,-75.14324
13640,44.3198,-75.99937
13641,44.27341,-76.00573
13642,44.3263,-75.46742
13643,44.03207,-75.71738
13645,44.30878,-75.44655
13646,44.44144,-75.69379
13647,44.6017,-74.99264
13648,44.14977,-75.29908
13649,44.91246,-74.69983
13650,43.80742,-76.20629
13651,43.86513,-76.18125
13652,44.43579,-75.21338
13654,44.56654,-75.46067
13655,44.97865,-74.64781
13656,44.19141,-75.95058
13658,44.73979,-75.27756
13659,43.73783,-75.8707
13660,44.77727,-75.15764
13661,43.70924,-76.1054
13662,44.9378,-74.89383
13664,44.58423,-75.64537
13665,44.05227,-75.44933
13666,44.21404,-74.95557
13667,44.83768,-74.96149
13668,44.75432,-74.98764
13669,44.65004,-75.49861
13670,44.18264,-75.11635
13672,44.48166,-74.67987
13673,44.17105,-75.72133
13674,43.73763,-76.05192
13675,44.28227,-75.83872
13676,44.65178,-74.91377
13678,44.83165,-74.96775
13679,44.32664,-75.76554
13680,44.59416,-75.32814
13681,44.42933,-75.37142
13682,43.84024,-75.88924
13683,44.97395,-74.73543
13684,44.36577,-75.0464
13685,43.93343,-76.09399
13687,44.44744,-74.82516
13690,44.12612,-75.02319
13691,44.22747,-75.78208
13692,44.28861,-76.0258
13693,44.03237,-76.24824
13694,44.8575,-75.1645
13695,44.10505,-74.92872
13696,44.70425,-74.88971
13697,44.74841,-74.80656
13699,44.66372,-74.99851
13730,42.23201,-75.53127
13731,42.13059,-74.7882
13732,42.04396,-76.16772
13733,42.30459,-75.4793
13734,42.07752,-76.40864
13736,42.31722,-76.19389
13738,42.56236,-76.11986
13739,42.36614,-74.78982
13740,42.27535,-74.74498
13743,42.21706,-76.33898
13744,42.24078,-75.90629
13746,42.26868,-75.82085
13747,42.49003,-74.98209
13748,42.03428,-75.81727
13750,42.47739,-74.83904
13751,42.45745,-74.88363
13752,42.17257,-74.90379
13753,42.30873,-74.92538
13754,42.09387,-75.43625
13755,42.05976,-75.01524
13756,42.01025,-75.10394
13757,42.40915,-74.89321
13760,42.13425,-76.08354
13774,41.96192,-75.17283
13775,42.33706,-75.14728
13776,42.47023,-75.33458
13777,42.25894,-75.9866
13778,42.34795,-75.75977
13780,42.42496,-75.48128
13782,42.17304,-74.9836
13783,41.99037,-75.26764
13784,42.43542,-76.2177
13786,42.4485,-74.69563
13787,42.20606,-75.66334
13788,42.34914,-74.65658
13790,42.16937,-75.99796
13795,42.05844,-75.77419
13796,42.5513,-75.13644
13797,42.32765,-76.04389
13801,42.50327,-75.78028
13802,42.25164,-76.04207
13803,42.45787,-76.06028
13804,42.20708,-75.37562
13806,42.37894,-74.97315
13807,42.61718,-74.98612
13808,42.52797,-75.25657
13809,42.40849,-75.3914
13810,42.61188,-75.11157
13811,42.23099,-76.17481
13812,42.02993,-76.35461
13813,42.16808,-75.54266
13814,42.61655,-75.52584
13815,42.54712,-75.53413
13820,42.47204,-75.03893
13825,42.44329,-75.20154
13826,42.10517,-75.63701
13827,42.11178,-76.25216
13830,42.43868,-75.6295
13832,42.6531,-75.66286
13833,42.19829,-75.76432
13834,42.54903,-74.96727
13835,42.38906,-76.16939
13838,42.28423,-75.39595
13839,42.24824,-75.26007
13841,42.41408,-75.84171
13842,42.37922,-74.72302
13843,42.53468,-75.37584
13844,42.60927,-75.68083
13846,42.36037,-75.05465
13847,42.20443,-75.27777
13849,42.33785,-75.31392
13850,42.04873,-76.02663
13856,42.16666,-75.16633
13859,42.37123,-75.24916
13860,42.45573,-74.94989
13861,42.5048,-75.14156
13862,42.3369,-75.9372
13863,42.44164,-75.904
13864,42.29095,-76.39225
13865,42.06282,-75.62879
13901,42.18253,-75.88048
13902,42.08895,-75.96891
13903,42.04749,-75.89573
13904,42.13072,-75.81587
13905,42.18086,-75.94476
14001,43.03149,-78.51154
14004,42.89487,-78.51008
14005,42.91788,-78.24703
14006,42.63366,-79.02056
14008,43.30792,-78.62728
14009,42.57542,-78.39241
14011,42.83158,-78.29784
14012,43.33431,-78.52572
14013,43.07639,-78.39704
14020,42.99513,-78.21508
14024,42.58111,-78.24431
14025,42.6232,-78.72609
14026,42.94212,-78.68794
14027,42.59408,-79.02067
14028,43.31498,-78.71664
14029,42.47293,-78.26346
14030,42.56518,-78.50052
14031,42.98661,-78.60908
14032,43.04587,-78.63189
14033,42.65865,-78.68436
14034,42.4985,-78.86238
14035,42.49099,-78.85936
14036,42.97447,-78.38712
14037,42.80637,-78.45448
14039,42.83593,-78.17101
14040,42.88809,-78.37847
14041,42.4059,-78.97699
14042,42.46882,-78.48377
14043,42.90142,-78.70431
14047,42.68579,-78.99328
14048,42.48087,-79.31128
14051,43.04168,-78.69927
14052,42.77054,-78.58084
14054,42.90606,-78.1312
14055,42.5536,-78.60121
14056,42.99183,-78.30663
14057,42.64587,-78.87542
14058,43.10167,-78.16211
14059,42.83241,-78.63678
14060,42.43986,-78.30884
14061,42.59111,-79.08949
14062,42.44364,-79.14897
14063,42.41451,-79.32518
14065,42.48741,-78.31158
14066,42.62381,-78.18051
14067,43.21565,-78.56644
14068,43.02696,-78.75808
14069,42.59984,-78.62984
14070,42.43673,-78.92798
14072,43.01673,-78.96308
14075,42.71297,-78.82985
14080,42.64289,-78.54886
14081,42.56332,-79.06528
14082,42.65689,-78.38435
14083,42.67921,-78.43446
14085,42.71494,-78.92691
14086,42.90661,-78.6291
14091,42.54224,-78.88868
14092,43.17314,-78.99521
14094,43.15989,-78.70032
14098,43.33464,-78.37827
14101,42.3863,-78.54292
14102,42.84272,-78.55481
14103,43.2125,-78.37696
14105,43.19043,-78.4813
14108,43.26365,-78.7274
14109,43.13718,-79.03516
14111,42.58206,-78.89803
14112,42.6981,-78.9395
14113,42.66813,-78.33624
14120,43.07337,-78.83585
14125,43.08773,-78.28207
14126,43.33529,-78.72335
14127,42.75204,-78.74402
14129,42.4805,-79.0092
14130,42.55318,-78.14959
14131,43.23556,-78.89935
14132,43.14787,-78.87856
14134,42.53057,-78.51738
14135,42.48489,-79.2437
14136,42.52387,-79.16935
14138,42.37497,-79.05376
14139,42.71723,-78.53606
14141,42.52366,-78.7109
14143,42.97547,-78.0759
14145,42.73154,-78.43205
14150,42.99794,-78.87815
14166,42.45088,-79.41592
14167,42.74327,-78.32629
14168,42.51187,-78.98745
14169,42.76446,-78.52938
14170,42.70115,-78.67294
14171,42.42491,-78.64286
14172,43.28201,-78.81757
14173,42.52594,-78.47306
14174,43.24178,-79.00548
14201,42.89706,-78.88752
14202,42.88798,-78.88358
14203,42.86244,-78.86507
14204,42.882,-78.8614
14206,42.88078,-78.81018
14207,42.95201,-78.89824
14208,42.9146,-78.85146
14209,42.91365,-78.86622
14210,42.86407,-78.82811
14211,42.90813,-78.81883
14212,42.89438,-78.81957
14213,42.91762,-78.89099
14214,42.93936,-78.84101
14215,42.93451,-78.81023
14216,42.94855,-78.862
14217,42.97189,-78.87674
14218,42.81921,-78.82772
14219,42.78903,-78.82694
14220,42.84571,-78.82264
14221,42.97918,-78.72158
14222,42.92002,-78.8771
14223,42.97348,-78.84612
14224,42.83767,-78.74771
14225,42.92879,-78.752
14226,42.97078,-78.79844
14227,42.88402,-78.74665
14228,43.04214,-78.7798
14260,43.00165,-78.79066
14261,43.00188,-78.7848
14301,43.09701,-79.03726
14302,43.0939,-79.04919
14303,43.08428,-79.03908
14304,43.10197,-78.95282
14305,43.1199,-79.02265
14411,43.23456,-78.21349
14413,43.2229,-76.97067
14414,42.89358,-77.73501
14415,42.7559,-77.01643
14416,43.08003,-77.97849
14418,42.60717,-77.21681
14420,43.21385,-77.93305
14422,43.08357,-78.06704
14423,42.94382,-77.82788
14424,42.84649,-77.3104
14425,42.98962,-77.33734
14427,42.61828,-78.05442
14428,43.08029,-77.85963
14432,42.95696,-77.14333
14433,43.07939,-76.87779
14435,42.71496,-77.66721
14437,42.57072,-77.73435
14441,42.68608,-76.95756
14445,43.11312,-77.48978
14450,43.0921,-77.41623
14453,43.01602,-77.47338
14454,42.79731,-77.76879
14456,42.84584,-77.00012
14462,42.68652,-77.75112
14463,42.79539,-77.0689
14464,43.32659,-77.9374
14466,42.77773,-77.5842
14467,43.04119,-77.60996
14468,43.29242,-77.80542
14469,42.87778,-77.46735
14470,43.21099,-78.05456
14471,42.75308,-77.49425
14472,42.96589,-77.58173
14475,42.93683,-77.49787
14476,43.32946,-78.04226
14477,43.33353,-78.13415
14478,42.58011,-77.12791
14479,43.23768,-78.31008
14480,42.83809,-77.70736
14481,42.77173,-77.91643
14482,42.97457,-77.97014
14485,42.88016,-77.60131
14486,42.89293,-77.92295
14487,42.81174,-77.63873
14489,43.09008,-76.99238
14502,43.09532,-77.33598
14504,42.96839,-77.2327
14505,43.15846,-77.17503
14506,43.0012,-77.50508
14507,42.69635,-77.27373
14510,42.69485,-77.87167
14511,42.99603,-77.87762
14512,42.64411,-77.39296
14513,43.07204,-77.0961
14514,43.08597,-77.80303
14515,43.25287,-77.73175
14516,43.19855,-76.91153
14517,42.59217,-77.8971
14519,43.23184,-77.31389
14521,42.67639,-76.80876
14522,43.05911,-77.22152
14525,42.87242,-78.01471
14526,43.15129,-77.44806
14527,42.66764,-77.06473
14529,42.53748,-77.64418
14530,42.73446,-78.00276
14532,42.96462,-77.02601
14533,42.84632,-77.88468
14534,43.0564,-77.52083
14536,42.53958,-78.08358
14537,43.03539,-77.15604
14539,42.83418,-77.87521
14541,42.75704,-76.84403
14542,43.15306,-76.87595
14543,42.98777,-77.67747
14544,42.75562,-77.23958
14545,42.66166,-77.71056
14546,43.0296,-77.77372
14548,42.97538,-77.24341
14549,42.69667,-78.02212
14550,42.67757,-78.09166
14551,43.21886,-77.04596
14555,43.25946,-76.98665
14556,42.67906,-77.83222
14557,43.04807,-78.06126
14559,43.18823,-77.81778
14560,42.68716,-77.57691
14561,42.82218,-77.13131
14564,42.98329,-77.42417
14568,43.14657,-77.28365
14569,42.74012,-78.17269
14571,43.34397,-78.24894
14572,42.5669,-77.57017
14580,43.21883,-77.44561
14585,42.90587,-77.55301
14586,43.04151,-77.68693
14588,42.67973,-76.87047
14589,43.23997,-77.17224
14590,43.24533,-76.83099
14591,42.82865,-78.09364
14592,42.86875,-77.89066
14604,43.1569,-77.60536
14605,43.16838,-77.60177
14606,43.17069,-77.69933
14607,43.15099,-77.58682
14608,43.15335,-77.62362
14609,43.17731,-77.55234
14610,43.14196,-77.5463
14611,43.14756,-77.64731
14612,43.26513,-77.67654
14613,43.1822,-77.64068
14614,43.1574,-77.61473
14615,43.20337,-77.65637
14616,43.23431,-77.65822
14617,43.22488,-77.59323
14618,43.11305,-77.55547
14619,43.1361,-77.649
14620,43.12878,-77.60463
14621,43.18911,-77.60408
14622,43.21389,-77.55359
14623,43.08798,-77.64314
14624,43.12765,-77.7317
14625,43.14891,-77.50551
14626,43.21348,-77.71272
14627,43.12931,-77.62912
14642,43.12281,-77.62508
14701,42.08091,-79.25502
14706,42.10663,-78.52795
14707,42.08256,-78.06196
14708,42.01424,-78.06988
14709,42.35279,-77.98267
14710,42.08957,-79.42306
14711,42.32088,-78.12625
14712,42.18163,-79.36812
14714,42.28368,-78.23493
14715,42.07323,-78.14832
14716,42.38056,-79.43406
14717,42.36258,-78.18235
14718,42.34417,-79.28813
14719,42.34323,-78.87198
14720,42.10857,-79.27997
14721,42.01645,-78.26801
14722,42.20961,-79.46882
14723,42.3101,-79.13489
14724,42.05272,-79.67031
14726,42.25255,-79.02221
14727,42.2129,-78.29358
14728,42.2648,-79.41689
14729,42.40404,-78.73628
14731,42.30063,-78.65092
14732,42.2188,-79.10696
14733,42.14996,-79.17499
14735,42.45027,-78.09681
14736,42.13715,-79.74644
14737,42.33524,-78.42926
14738,42.04539,-79.05926
14739,42.1925,-78.14932
14740,42.21962,-79.18053
14741,42.21868,-78.5963
14742,42.11934,-79.30878
14743,42.20532,-78.40631
14744,42.4219,-78.21516
14747,42.15346,-79.09061
14748,42.1392,-78.63636
14750,42.07939,-79.32752
14752,42.3517,-79.31965
14753,42.03899,-78.63516
14754,42.02385,-78.19799
14755,42.23477,-78.81398
14756,42.19708,-79.42373
14757,42.23944,-79.50457
14760,42.07098,-78.41421
14767,42.05344,-79.51583
14769,42.36885,-79.47413
14770,42.0468,-78.29963
14772,42.15383,-78.95086
14774,42.08875,-78.14658
14775,42.23198,-79.69532
14777,42.38999,-78.26167
14778,42.07759,-78.4827
14779,42.10703,-78.76977
14781,42.16402,-79.604
14782,42.2665,-79.2559
14783,42.06014,-78.91816
14784,42.31445,-79.38028
14785,42.15572,-79.40337
14787,42.31342,-79.5675
14788,42.06012,-78.37661
14801,42.09718,-77.28461
14802,42.2537,-77.78989
14803,42.25135,-77.78808
14804,42.31587,-77.8476
14805,42.3563,-76.72618
14806,42.15543,-77.78662
14807,42.41821,-77.71949
14808,42.55817,-77.46882
14809,42.41961,-77.44355
14810,42.34678,-77.34599
14812,42.29199,-76.99413
14813,42.24638,-77.99209
14814,42.15525,-76.95148
14815,42.37335,-77.09463
14816,42.19728,-76.73161
14817,42.36295,-76.34548
14818,42.44878,-76.81688
14819,42.21924,-77.43466
14820,42.18629,-77.36258
14821,42.23541,-77.21623
14822,42.43522,-77.84702
14823,42.23984,-77.5722
14824,42.26875,-76.70881
14825,42.05564,-76.62116
14826,42.49354,-77.49335
14827,42.18069,-77.14292
14830,42.12927,-77.02783
14836,42.51526,-77.91526
14837,42.49919,-77.01668
14838,42.18951,-76.66635
14839,42.13961,-77.64331
14840,42.44119,-77.18758
14841,42.52699,-76.84249
14842,42.59666,-76.963
14843,42.32819,-77.64371
14845,42.20225,-76.8334
14846,42.5301,-78.00319
14847,42.6031,-76.74047
14850,42.43249,-76.49891
14853,42.44727,-76.48149
14854,42.51138,-76.60874
14855,42.13978,-77.50112
14856,42.37737,-77.36944
14858,42.02909,-77.13315
14859,42.12118,-76.53985
14860,42.59099,-76.84201
14861,42.0914,-76.6888
14864,42.2804,-76.84205
14865,42.35091,-76.83178
14867,42.34243,-76.61461
14869,42.36403,-76.77052
14870,42.16816,-77.13234
14871,42.03838,-76.91093
14872,42.24141,-76.86473
14873,42.52181,-77.29814
14874,42.53231,-77.17234
14877,42.06181,-77.68384
14878,42.44946,-76.94401
14879,42.31521,-77.19323
14880,42.17363,-77.97334
14881,42.4017,-76.35795
14882,42.5801,-76.56576
14883,42.24056,-76.482
14884,42.47613,-77.88724
14885,42.048,-77.57117
14886,42.50408,-76.68836
14889,42.21605,-76.58138
14891,42.37823,-76.95035
14892,42.0478,-76.52804
14893,42.46952,-77.11182
14894,42.02442,-76.77185
14895,42.07772,-77.93387
14897,42.02949,-77.79076
14898,42.05729,-77.43482
14901,42.07363,-76.74137
14903,42.12372,-76.87771
14904,42.07007,-76.80798
14905,42.08692,-76.84284
15001,40.59161,-80.32078
15003,40.60153,-80.21415
15004,40.34216,-80.38289
15005,40.64431,-80.17607
15006,40.63351,-79.87678
15007,40.65128,-79.93173
15009,40.69933,-80.36464
15010,40.76829,-80.35873
15012,40.15871,-79.81188
15014,40.60859,-79.74149
15015,40.63622,-80.08164
15017,40.34348,-80.12865
15018,40.26924,-79.79805
15019,40.40805,-80.33053
15020,40.2283,-79.9479
15021,40.39373,-80.43583
15022,40.13329,-79.93661
15024,40.57649,-79.84649
15025,40.29887,-79.9213
15026,40.51043,-80.35662
15027,40.66706,-80.23988
15028,40.30194,-79.79891
15030,40.58492,-79.78074
15031,40.34802,-80.16235
15033,40.18011,-79.86501
15034,40.35083,-79.89067
15035,40.38488,-79.80726
15037,40.25649,-79.85017
15038,40.2499,-79.92379
15042,40.68786,-80.20411
15043,40.55585,-80.48994
15044,40.64009,-79.9492
15045,40.32613,-79.88614
15046,40.55618,-80.22868
15047,40.3123,-79.79513
15049,40.55545,-79.80366
15050,40.5617,-80.44038
15051,40.56812,-79.86076
15052,40.6669,-80.43318
15053,40.38056,-80.35975
15054,40.36353,-80.4008
15055,40.30642,-80.12296
15056,40.56512,-80.21407
15057,40.35571,-80.24713
15059,40.68056,-80.49182
15060,40.37695,-80.29113
15061,40.66013,-80.31082
15062,40.15184,-79.88277
15063,40.19487,-79.92228
15064,40.35538,-80.14849
15065,40.64192,-79.72766
15066,40.75119,-80.25269
15067,40.20823,-79.96106
15068,40.56241,-79.7124
15071,40.41486,-80.18981
15072,40.13922,-79.85605
15074,40.72837,-80.21937
15075,40.58665,-79.82693
15076,40.60949,-79.8374
15077,40.62517,-80.4173
15078,40.35949,-80.38501
15081,40.57471,-80.23614
15082,40.38031,-80.21061
15083,40.24802,-79.79041
15084,40.6282,-79.8028
15085,40.38497,-79.72539
15086,40.664,-80.09593
15087,40.19504,-79.84948
15088,40.27159,-79.89607
15089,40.22063,-79.73719
15090,40.62587,-80.06766
15101,40.58139,-79.95531
15102,40.32125,-80.03707
15104,40.40379,-79.86249
15106,40.40882,-80.10863
15108,40.50006,-80.20031
15110,40.37321,-79.85024
15112,40.40453,-79.83734
15116,40.5384,-79.95211
15120,40.39597,-79.90689
15122,40.35976,-79.90628
15126,40.46019,-80.28727
15129,40.29348,-79.99515
15131,40.33477,-79.80132
15132,40.33982,-79.84299
15133,40.3257,-79.86127
15135,40.29959,-79.81153
15136,40.46872,-80.10233
15137,40.37762,-79.80902
15139,40.52192,-79.83479
15140,40.4073,-79.7783
15142,40.38474,-80.12231
15143,40.57298,-80.14725
15144,40.54759,-79.78317
15145,40.41451,-79.82352
15146,40.4264,-79.76005
15147,40.49704,-79.82858
15148,40.39351,-79.79525
15201,40.47565,-79.95389
15202,40.50566,-80.06902
15203,40.4257,-79.97491
15204,40.45597,-80.06051
15205,40.4381,-80.10552
15206,40.47244,-79.91324
15207,40.39813,-79.9334
15208,40.45387,-79.89883
15209,40.50007,-79.97463
15210,40.40679,-79.98411
15211,40.4302,-80.01533
15212,40.47106,-80.00844
15213,40.44293,-79.95345
15214,40.48541,-80.01455
15215,40.50457,-79.91338
15216,40.40268,-80.0348
15217,40.43083,-79.91999
15218,40.42366,-79.88924
15219,40.44304,-79.98443
15220,40.41875,-80.04894
15221,40.43457,-79.86631
15222,40.44998,-79.9912
15223,40.50431,-79.95199
15224,40.46737,-79.94623
15225,40.50636,-80.1116
15226,40.39527,-80.01374
15227,40.375,-79.97077
15228,40.37075,-80.04395
15229,40.51995,-80.03866
15232,40.45246,-79.93193
15233,40.45985,-80.03387
15234,40.36808,-80.01782
15235,40.45968,-79.82194
15236,40.34756,-79.97652
15237,40.54834,-80.04682
15238,40.53405,-79.88115
15239,40.48437,-79.73753
15241,40.33293,-80.08291
15243,40.37474,-80.07305
15260,40.4432,-79.95306
15275,40.45246,-80.18405
15282,40.43602,-79.99042
15290,40.45735,-80.01932
15301,40.16411,-80.25304
15310,39.79255,-80.48108
15311,40.04608,-80.18592
15312,40.25404,-80.43757
15313,40.06318,-80.02937
15314,40.14555,-80.01775
15315,39.75741,-79.98319
15316,39.76514,-80.26185
15317,40.27105,-80.16535
15320,39.87386,-79.99768
15321,40.32167,-80.18716
15322,39.97655,-80.0488
15323,40.10845,-80.40926
15324,40.10074,-80.0654
15325,39.94893,-79.96331
15327,39.75088,-79.96293
15329,40.02813,-80.27205
15330,40.18227,-80.09492
15331,40.10754,-80.02214
15332,40.24226,-79.99134
15333,40.02693,-80.01429
15334,39.81292,-79.9673
15337,39.9505,-80.37521
15338,39.81654,-79.96206
15340,40.28654,-80.32258
15341,39.82381,-80.34728
15342,40.24533,-80.22061
15344,39.92289,-80.05068
15345,40.02173,-80.10743
15346,39.93545,-80.07536
15347,40.21807,-80.22469
15348,39.98748,-79.99624
15349,39.75885,-80.07795
15350,40.29377,-80.20056
15351,39.87827,-79.93068
15352,39.75418,-80.40253
15353,39.96223,-80.31107
15357,39.93721,-79.98153
15358,40.055,-80.00309
15359,39.87667,-80.27555
15360,40.08846,-80.08144
15361,40.33277,-80.2623
15362,39.75821,-80.21301
15363,40.25159,-80.19761
15364,39.94557,-80.2849
15365,40.15564,-80.38548
15366,40.1598,-79.974
15367,40.26321,-80.05474
15368,40.0145,-79.9892
15370,39.8734,-80.17991
15376,40.10493,-80.48744
15377,39.97973,-80.45083
15378,40.27771,-80.27433
15379,40.2432,-80.42519
15380,39.8725,-80.4692
15401,39.89914,-79.74965
15410,39.91246,-79.90352
15411,39.74724,-79.34344
15412,40.09496,-79.85218
15413,39.98493,-79.87141
15416,39.85903,-79.72286
15417,40.01466,-79.91464
15419,40.05861,-79.89408
15420,39.95981,-79.86537
15421,39.84527,-79.59743
15422,39.9781,-79.80927
15423,40.08804,-79.92538
15424,39.829,-79.35377
15425,40.02702,-79.55411
15427,40.06742,-79.97065
15428,40.0811,-79.68184
15429,40.00678,-79.94021
15430,40.04025,-79.65534
15431,39.94066,-79.58075
15432,40.11301,-79.85913
15433,39.97413,-79.95799
15434,40.08013,-79.88037
15435,39.94314,-79.84731
15436,39.81844,-79.72543
15437,39.79202,-79.59846
15438,40.07485,-79.84431
15440,39.73775,-79.64347
15442,40.01542,-79.84019
15443,39.91924,-79.88448
15444,40.0134,-79.90836
15445,39.87343,-79.65766
15446,40.03172,-79.39433
15447,39.9445,-79.93257
15448,40.13572,-79.73394
15449,39.97267,-79.78055
15450,40.00289,-79.97616
15451,39.74018,-79.84005
15454,39.86386,-79.87286
15455,40.00614,-79.64609
15456,39.92919,-79.6532
15458,39.88715,-79.85099
15459,39.76483,-79.4648
15460,39.80712,-79.90756
15461,39.83978,-79.89843
15462,40.06136,-79.38113
15463,39.9629,-79.89916
15464,39.92463,-79.43695
15465,39.93883,-79.64126
15466,40.07562,-79.89199
15467,39.78931,-79.90526
15468,39.94872,-79.83761
15469,40.01366,-79.41861
15470,39.85321,-79.53078
15472,39.91933,-79.71679
15473,40.07256,-79.77352
15474,39.75201,-79.90145
15475,39.95812,-79.88057
15476,39.86888,-79.92228
15477,40.07856,-79.86243
15478,39.78601,-79.80099
15479,40.15224,-79.71329
15480,39.98644,-79.76962
15482,40.06073,-79.76645
15483,40.08352,-79.85036
15484,39.89242,-79.77842
15486,40.02762,-79.70981
15488,39.97749,-79.75974
15489,39.96323,-79.69531
15490,40.06782,-79.45327
15492,40.11974,-79.76306
15501,40.03582,-79.13024
15502,40.03641,-79.25176
15510,39.96435,-79.04009
15520,40.10626,-79.06017
15521,40.19972,-78.63176
15522,39.94931,-78.55173
15530,39.94531,-78.91253
15531,40.18537,-79.0794
15532,39.76232,-79.06084
15533,39.98585,-78.24566
15534,39.89712,-78.69589
15535,39.826,-78.45001
15536,39.94956,-78.2109
15537,39.9981,-78.36506
15538,39.86644,-78.83233
15539,40.12835,-78.59341
15540,39.79549,-79.23712
15541,40.04905,-78.98076
15542,39.86742,-79.07851
15544,40.13254,-79.09656
15545,39.77943,-78.776
15546,40.13717,-79.04758
15547,40.1629,-79.07019
15550,39.99025,-78.64493
15551,39.88413,-79.26761
15552,39.79629,-78.98232
15554,40.12525,-78.61575
15555,40.09758,-79.08132
15557,39.92757,-79.20945
15558,39.7494,-79.09755
15559,40.05914,-78.68241
15560,40.01687,-78.90664
15561,40.09379,-79.0907
15562,39.74165,-79.1219
15563,40.0962,-78.93618
15564,39.72967,-78.84542
15565,39.75907,-79.11552
15601,40.31397,-79.53643
15610,40.13699,-79.41613
15611,40.30656,-79.65266
15612,40.13793,-79.59938
15613,40.55355,-79.56577
15615,40.36133,-79.73397
15616,40.23502,-79.55093
15617,40.26856,-79.65805
15618,40.56229,-79.44628
15619,40.32051,-79.49719
15620,40.32336,-79.33882
15622,40.0356,-79.31724
15623,40.3689,-79.62263
15624,40.36638,-79.47124
15625,40.27048,-79.67925
15626,40.40868,-79.57592
15627,40.35064,-79.30667
15628,40.10009,-79.37008
15629,40.59731,-79.56304
15631,40.08968,-79.58527
15632,40.43803,-79.60668
15633,40.35941,-79.51699
15634,40.32533,-79.60596
15635,40.34891,-79.49877
15636,40.36459,-79.65619
15637,40.26125,-79.71203
15638,40.26466,-79.4017
15639,40.20927,-79.59379
15640,40.22315,-79.73243
15641,40.63151,-79.58909
15642,40.32045,-79.72119
15644,40.34681,-79.61278
15646,40.09517,-79.34448
15647,40.34262,-79.72009
15650,40.27527,-79.39213
15655,40.19739,-79.18141
15656,40.64114,-79.61981
15658,40.25467,-79.22217
15660,40.24669,-79.77293
15661,40.32192,-79.36007
15662,40.33892,-79.47972
15663,40.25233,-79.67958
15665,40.33925,-79.66338
15666,40.15858,-79.51398
15668,40.46352,-79.67168
15670,40.40783,-79.4321
15671,40.36038,-79.32146
15672,40.24428,-79.63069
15673,40.59383,-79.55634
15674,40.20672,-79.49636
15675,40.33363,-79.63867
15676,40.24303,-79.45913
15677,40.15048,-79.23113
15678,40.28447,-79.72579
15679,40.18126,-79.64982
15680,40.52104,-79.49638
15681,40.5023,-79.43873
15682,40.68301,-79.63696
15683,40.10926,-79.60492
15684,40.4629,-79.50629
15686,40.61802,-79.43635
15687,40.13149,-79.31977
15688,40.1734,-79.58602
15689,40.2253,-79.49164
15690,40.6455,-79.54243
15691,40.29668,-79.68411
15692,40.33086,-79.67861
15693,40.24939,-79.40592
15695,40.19707,-79.69284
15696,40.2798,-79.36587
15697,40.24054,-79.5803
15698,40.2167,-79.68894
15701,40.62935,-79.15056
15705,40.61588,-79.15983
15710,40.64019,-78.87193
15711,41.00926,-78.96235
15712,40.79323,-78.84692
15713,40.5698,-79.26184
15714,40.63962,-78.82978
15715,40.97017,-78.87655
15716,40.47025,-79.19031
15717,40.45354,-79.23896
15720,40.53896,-79.06625
15721,40.82029,-78.78739
15722,40.59833,-78.72532
15723,40.70066,-79.1582
15724,40.73545,-78.81746
15725,40.51751,-79.33954
15727,40.56498,-79.31496
15728,40.6757,-78.96644
15729,40.70583,-78.92049
15730,41.02749,-79.07921
15731,40.50383,-79.1767
15732,40.72829,-79.21336
15733,40.9869,-78.96072
15734,40.72046,-79.00836
15736,40.69945,-79.36946
15737,40.59871,-78.75356
15738,40.69039,-78.78174
15739,40.67875,-79.16454
15741,40.80601,-78.88924
15742,40.81042,-78.8688
15744,40.91722,-79.07119
15745,40.62264,-78.91347
15746,40.75285,-78.87455
15747,40.76533,-79.14562
15748,40.52489,-79.087
15750,40.48377,-79.18256
15752,40.5408,-79.28177
15753,40.78681,-78.64728
15754,40.55667,-79.15152
15756,40.57134,-79.30096
15757,40.8902,-78.73733
15759,40.7721,-79.03045
15760,40.64583,-78.80509
15761,40.63399,-78.89019
15762,40.6001,-78.83309
15763,40.90718,-79.12795
15764,40.99423,-79.02773
15765,40.59661,-78.99574
15767,40.95859,-78.96974
15770,40.99528,-79.15747
15771,40.83309,-78.99009
15772,40.87392,-78.89984
15773,40.63075,-78.73041
15774,40.65729,-79.32508
15775,40.63488,-78.78405
15776,41.01348,-79.11442
15777,40.69749,-78.96255
15778,40.96728,-79.19901
15779,40.40008,-79.21846
15780,40.91628,-79.05606
15781,40.96375,-78.98679
15783,40.60297,-79.34495
15784,41.02449,-79.13937
15801,41.12867,-78.72352
15821,41.35868,-78.36453
15823,41.25888,-78.71001
15824,41.24831,-78.83828
15825,41.17005,-79.03885
15827,41.29479,-78.50582
15828,41.35104,-79.13906
15829,41.17337,-79.19324
15831,41.35305,-78.604
15832,41.35301,-78.19053
15834,41.51228,-78.27811
15840,41.16927,-78.82708
15841,41.25798,-78.50441
15845,41.50714,-78.69066
15846,41.33375,-78.6147
15847,41.08614,-79.02948
15848,41.03137,-78.71908
15849,41.17838,-78.55592
15851,41.10115,-78.90316
15853,41.39253,-78.79357
15856,41.08906,-78.6154
15857,41.45671,-78.53439
15860,41.3435,-79.04697
15861,41.3221,-78.07246
15863,41.0157,-78.83847
15864,41.09911,-79.19532
15865,41.0508,-78.81418
15866,41.02587,-78.78628
15868,41.29885,-78.41799
15870,41.58116,-78.57935
15901,40.32845,-78.9146
15902,40.32,-78.87911
15904,40.3056,-78.84382
15905,40.29423,-78.98035
15906,40.37806,-78.93356
15909,40.40783,-78.87047
15920,40.46705,-79.05006
15921,40.31642,-78.69786
15922,40.51853,-78.87794
15923,40.35518,-79.16447
15924,40.10684,-78.77527
15925,40.40851,-78.6407
15926,40.04783,-78.81934
15927,40.54148,-78.78019
15928,40.23943,-78.91591
15929,40.47683,-79.0042
15930,40.29468,-78.71732
15931,40.51612,-78.76225
15934,40.28107,-78.79589
15935,40.20112,-78.96755
15936,40.16221,-78.89584
15937,40.21463,-78.98105
15938,40.42215,-78.6057
15940,40.52128,-78.63218
15942,40.40584,-78.81215
15943,40.47437,-78.83513
15944,40.36295,-79.0816
15945,40.35909,-78.86867
15946,40.37248,-78.63573
15948,40.48986,-78.76699
15949,40.4055,-79.13442
15951,40.3307,-78.77209
15952,40.30348,-78.77614
15953,40.21113,-78.89049
15954,40.41837,-79.00051
15955,40.30878,-78.69285
15956,40.35022,-78.78819
15957,40.53953,-78.89744
15958,40.3891,-78.73284
15960,40.49848,-78.85184
15961,40.46187,-78.9382
15962,40.38942,-78.71644
15963,40.21676,-78.77234
16001,40.91049,-79.94376
16002,40.81568,-79.85638
16020,41.11651,-79.89648
16022,41.05461,-79.7333
16023,40.78495,-79.74921
16024,40.73961,-80.03719
16025,40.94464,-79.75841
16027,40.81822,-80.01531
16028,40.95684,-79.63985
16029,40.87996,-79.84602
16030,41.13619,-79.79699
16033,40.79355,-80.04618
16034,40.86051,-79.7288
16035,41.10779,-80.01659
16036,41.13519,-79.66948
16037,40.85103,-80.12592
16038,41.15967,-79.95042
16040,41.09399,-79.84537
16041,41.00693,-79.71395
16045,40.85277,-79.91626
16046,40.70192,-80.02866
16048,41.05217,-79.80349
16049,41.09622,-79.67258
16050,41.04362,-79.77379
16051,40.94459,-80.14152
16052,40.90579,-80.06154
16053,40.81194,-79.9826
16054,41.15651,-79.65711
16055,40.7157,-79.74753
16056,40.72301,-79.83911
16057,41.03427,-80.0579
16059,40.70425,-79.92812
16061,41.00866,-79.88687
16063,40.76352,-80.12773
16066,40.71114,-80.10606
16101,40.98776,-80.28814
16102,40.96173,-80.41616
16105,41.05285,-80.33918
16110,41.49757,-80.38591
16111,41.51936,-80.28463
16112,40.96812,-80.50099
16113,41.2828,-80.42569
16114,41.40432,-80.18766
16115,40.79433,-80.46289
16116,41.03744,-80.45212
16117,40.8743,-80.2568
16120,40.892,-80.47344
16121,41.21121,-80.49696
16123,40.82389,-80.19844
16124,41.33336,-80.26486
16125,41.40565,-80.37135
16127,41.17433,-80.07002
16130,41.44315,-80.21668
16131,41.54908,-80.37617
16132,41.00603,-80.50449
16133,41.27101,-80.11562
16134,41.50315,-80.46571
16136,40.83425,-80.32369
16137,41.23219,-80.2397
16140,41.09355,-80.51078
16141,40.87237,-80.3968
16142,41.13908,-80.34084
16143,41.10528,-80.45434
16145,41.38574,-80.07422
16146,41.23478,-80.49932
16148,41.23147,-80.43199
16150,41.28687,-80.44509
16151,41.4428,-80.2056
16153,41.31845,-80.08122
16154,41.32539,-80.42111
16155,41.06771,-80.51073
16156,41.09702,-80.21943
16157,40.88902,-80.33509
16159,41.15967,-80.46858
16160,40.9283,-80.36235
16161,41.20232,-80.49282
16172,41.1177,-80.33105
16201,40.80984,-79.47204
16210,40.89697,-79.519
16211,40.79436,-79.2023
16212,40.75239,-79.57795
16213,41.12556,-79.55831
16214,41.2008,-79.36046
16217,41.34908,-79.18095
16218,40.92705,-79.59325
16220,41.41817,-79.26659
16222,40.87171,-79.25719
16223,40.98701,-79.35381
16224,41.06314,-79.29245
16226,40.71139,-79.48608
16228,40.76076,-79.5358
16229,40.71624,-79.64567
16230,41.02099,-79.27817
16232,41.22197,-79.54923
16233,41.36162,-79.27588
16235,41.31759,-79.34943
16236,40.78119,-79.52376
16238,40.78778,-79.52036
16239,41.49507,-79.1297
16240,41.03316,-79.22432
16242,41.0031,-79.35479
16244,40.80499,-79.27905
16245,41.00153,-79.29311
16246,40.79167,-79.18215
16248,41.03412,-79.50348
16249,40.76209,-79.32163
16250,40.77566,-79.23782
16253,40.954,-79.34106
16254,41.26557,-79.45259
16255,41.1267,-79.46809
16256,40.8661,-79.13611
16258,41.2307,-79.27217
16259,40.92699,-79.45692
16260,41.41102,-79.23092
16262,40.8377,-79.65266
16263,40.80118,-79.34108
16301,41.45596,-79.64946
16311,41.45706,-80.03477
16312,41.93218,-79.30324
16313,41.72294,-79.13884
16314,41.51895,-80.06782
16316,41.6012,-80.29958
16317,41.53232,-79.85258
16319,41.3216,-79.62942
16321,41.56835,-79.40084
16322,41.60567,-79.38428
16323,41.41286,-79.83047
16326,41.36733,-79.43182
16327,41.6323,-79.95878
16328,41.651,-79.72716
16329,41.80642,-79.27684
16331,41.29047,-79.56435
16332,41.36096,-79.36873
16333,41.74922,-78.9323
16334,41.29749,-79.44968
16335,41.63143,-80.15378
16340,41.79864,-79.41749
16341,41.56288,-79.54703
16342,41.31995,-79.9294
16343,41.42204,-79.75233
16344,41.47045,-79.684
16345,41.95085,-79.07548
16346,41.37845,-79.6727
16347,41.64671,-79.06481
16350,41.96323,-79.3322
16351,41.67583,-79.37285
16352,41.76615,-79.03644
16353,41.49359,-79.38839
16354,41.61476,-79.70637
16360,41.68167,-79.89028
16361,41.38597,-79.3422
16362,41.45032,-79.96284
16364,41.36379,-79.51517
16365,41.83943,-79.15324
16370,41.56586,-79.44796
16371,41.86751,-79.3187
16372,41.20121,-79.87406
16373,41.20786,-79.69796
16374,41.26136,-79.81066
16401,41.88044,-80.40395
16402,41.96459,-79.48076
16403,41.7912,-80.02017
16404,41.72483,-79.79018
16405,41.938,-79.5335
16406,41.75047,-80.36273
16407,41.91743,-79.66374
16410,41.92012,-80.30482
16411,41.97781,-80.45037
16412,41.88212,-80.16392
16415,42.03122,-80.22873
16416,41.82606,-79.47311
16417,41.97107,-80.31039
16420,41.69481,-79.54544
16421,42.17036,-79.9351
16422,41.66555,-80.31447
16423,42.01881,-80.34253
16424,41.65887,-80.44175
16426,41.98121,-80.13937
16427,41.87466,-79.97132
16428,42.17109,-79.82907
16430,42.00413,-80.41823
16433,41.73553,-80.14316
16434,41.79442,-79.66765
16435,41.81937,-80.38356
16436,41.85563,-79.49889
16438,41.89084,-79.84709
16440,41.78673,-80.13088
16441,41.9554,-79.98552
16442,42.04094,-79.82631
16443,41.93745,-80.47831
16444,41.87071,-80.12175
16475,41.87645,-80.36107
16501,42.12096,-80.08958
16502,42.11073,-80.10123
16503,42.12718,-80.06103
16504,42.10942,-80.0489
16505,42.11789,-80.14304
16506,42.06449,-80.15472
16507,42.13575,-80.08743
16508,42.09719,-80.09249
16509,42.05861,-80.04419
16510,42.11184,-79.95395
16511,42.16529,-79.99667
16546,42.10389,-80.05338
16550,42.13378,-80.08495
16563,42.11929,-79.98643
16601,40.55338,-78.37283
16602,40.51491,-78.37052
16611,40.56719,-78.10214
16613,40.53723,-78.53214
16616,40.76832,-78.45128
16617,40.6036,-78.32995
16619,40.68367,-78.41591
16620,40.83947,-78.35259
16621,40.22888,-78.12298
16622,40.32853,-78.0692
16623,40.27618,-78.04556
16624,40.5651,-78.60664
16625,40.28482,-78.50855
16627,40.75272,-78.50036
16630,40.46231,-78.58003
16631,40.27141,-78.34754
16633,40.15969,-78.23259
16634,40.2105,-78.17308
16635,40.41621,-78.48743
16636,40.60214,-78.50161
16637,40.34214,-78.47079
16638,40.33809,-78.2012
16639,40.68566,-78.44912
16640,40.70657,-78.5702
16641,40.50774,-78.57146
16645,40.80204,-78.49932
16646,40.68291,-78.71579
16647,40.39514,-78.09798
16648,40.44231,-78.33242
16650,40.11592,-78.29237
16651,40.8505,-78.37945
16652,40.51692,-77.95302
16654,40.49189,-78.02854
16655,40.24898,-78.55092
16656,40.8066,-78.56353
16657,40.32486,-78.17757
16659,40.16063,-78.39138
16661,40.83058,-78.45026
16662,40.30635,-78.29961
16664,40.17822,-78.42437
16665,40.38898,-78.43491
16666,40.87056,-78.31286
16667,40.18213,-78.52546
16668,40.65072,-78.61974
16669,40.65737,-77.90675
16670,40.25828,-78.50556
16671,40.79414,-78.40203
16672,40.16935,-78.24324
16673,40.30671,-78.39026
16674,40.1865,-78.07926
16675,40.68796,-78.67905
16677,40.81507,-78.2457
16678,40.2252,-78.23421
16679,40.15659,-78.195
16680,40.75149,-78.40254
16682,40.27206,-78.4565
16683,40.65595,-78.07313
16684,40.63541,-78.29685
16685,40.28019,-78.08063
16686,40.67056,-78.24102
16689,40.10737,-78.10028
16691,40.07744,-78.1473
16692,40.75935,-78.72053
16693,40.46519,-78.21593
16694,40.17259,-78.12852
16695,40.20327,-78.35943
16699,40.44736,-78.56054
16701,41.91105,-78.77385
16720,41.5793,-78.02599
16724,41.74674,-78.39022
16725,41.89881,-78.66328
16726,41.80456,-78.57787
16727,41.98501,-78.5338
16729,41.96501,-78.4788
16730,41.81339,-78.42309
16731,41.94625,-78.37126
16732,41.85921,-78.60843
16733,41.70303,-78.59514
16734,41.61806,-78.84418
16735,41.63045,-78.81
16738,41.80511,-78.73929
16740,41.69255,-78.54998
16743,41.7888,-78.26016
16744,41.87567,-78.56941
16745,41.92578,-78.49042
16746,41.79064,-78.13858
16748,41.9427,-78.14425
16749,41.75578,-78.4214
16750,41.88796,-78.29682
16801,40.78538,-77.84214
16802,40.79867,-77.86481
16803,40.80849,-77.89449
16820,40.91995,-77.38702
16821,40.95888,-78.19875
16822,41.15813,-77.71441
16823,40.92734,-77.76685
16825,40.98803,-78.31208
16826,41.06199,-77.58598
16827,40.76607,-77.77739
16828,40.80704,-77.69097
16829,41.08223,-77.89386
16830,41.08569,-78.43317
16832,40.84711,-77.4347
16833,40.94158,-78.57862
16834,41.0391,-78.10389
16835,40.90668,-77.87731
16836,41.14633,-78.26454
16837,40.94576,-78.47494
16838,40.98923,-78.64292
16839,41.00319,-78.11113
16840,40.92555,-78.20214
16841,41.03399,-77.69011
16843,41.00849,-78.46269
16844,40.91285,-77.93261
16845,41.15641,-78.02422
16847,40.99941,-78.16439
16848,41.01247,-77.53455
16849,40.95978,-78.11431
16851,40.81229,-77.80132
16852,40.93639,-77.5386
16853,40.94045,-77.78638
16854,40.89697,-77.47228
16855,40.99902,-78.36046
16856,40.92871,-77.65005
16858,41.00056,-78.20033
16859,41.04903,-78.03519
16860,40.94673,-78.17219
16861,40.86764,-78.51991
16863,40.91162,-78.47204
16864,41.15428,-77.79857
16865,40.72086,-77.96396
16866,40.86684,-78.17163
16868,40.72725,-77.89066
16870,40.80149,-78.04969
16871,41.1879,-78.03705
16872,40.96715,-77.35939
16874,41.01141,-77.94077
16875,40.84536,-77.56882
16876,40.96648,-78.29087
16877,40.73291,-78.06846
16878,40.94325,-78.33609
16879,40.97116,-78.15162
16881,41.02743,-78.31119
16882,40.90707,-77.33841
16901,41.73038,-77.31841
16910,41.70477,-76.83124
16911,41.67787,-77.10392
16912,41.66803,-77.05845
16914,41.8618,-76.77687
16915,41.77481,-77.96104
16917,41.723,-77.05519
16920,41.98218,-77.28851
16921,41.69614,-77.54654
16922,41.67191,-77.70064
16923,41.94103,-77.8761
16925,41.95319,-76.78997
16926,41.71506,-76.70485
16927,41.9655,-77.65941
16928,41.95203,-77.43371
16929,41.97352,-77.15028
16930,41.57693,-77.14021
16932,41.77574,-76.94017
16933,41.81904,-77.06716
16935,41.87032,-77.32404
16936,41.94318,-76.95837
16937,41.96421,-77.71004
16938,41.56935,-77.34487
16939,41.68097,-77.0141
16940,41.97752,-77.23373
16941,41.98841,-77.75796
16942,41.9654,-77.35414
16943,41.8406,-77.61915
16946,41.91422,-77.13999
16947,41.76969,-76.79519
16948,41.85369,-77.75683
16950,41.89816,-77.53429
17002,40.46463,-77.86761
17003,40.35735,-76.55528
17004,40.59966,-77.73278
17005,40.60304,-76.81065
17006,40.28495,-77.54364
17007,40.13428,-77.11801
17009,40.6359,-77.56609
17010,40.27809,-76.58335
17011,40.23508,-76.92931
17013,40.241,-77.19286
17014,40.6596,-77.19358
17015,40.18392,-77.23234
17016,40.27322,-76.40705
17017,40.6275,-76.89854
17018,40.40246,-76.88117
17019,40.09078,-77.02462
17020,40.41014,-77.04367
17021,40.33758,-77.66093
17022,40.16677,-76.60823
17023,40.5813,-76.81169
17024,40.40992,-77.30854
17025,40.29506,-76.97731
17026,40.46734,-76.43626
17027,40.15653,-76.99316
17028,40.4033,-76.65073
17029,40.55416,-77.62196
17030,40.60833,-76.74417
17032,40.49448,-76.81788
17033,40.26829,-76.62754
17034,40.20831,-76.78489
17035,40.41638,-77.57443
17036,40.28579,-76.69611
17037,40.43329,-77.42872
17038,40.46787,-76.54895
17039,40.2928,-76.24077
17040,40.31558,-77.32571
17041,40.21667,-76.5395
17042,40.29488,-76.42271
17043,40.24679,-76.90033
17044,40.58236,-77.59013
17045,40.58841,-77.00389
17046,40.38242,-76.4306
17047,40.37098,-77.41426
17048,40.60554,-76.72669
17049,40.65172,-77.25948
17050,40.24907,-77.03005
17051,40.45881,-77.77306
17052,40.31577,-77.98195
17053,40.3255,-77.03256
17054,40.49746,-77.72764
17055,40.17756,-76.99789
17056,40.53349,-77.35585
17057,40.19437,-76.72659
17058,40.50111,-77.54792
17059,40.59241,-77.38165
17060,40.49144,-77.88158
17061,40.56542,-76.90046
17062,40.55153,-77.16813
17063,40.76274,-77.47343
17064,40.24135,-76.47553
17065,40.09837,-77.20527
17066,40.35885,-77.85892
17067,40.38848,-76.31583
17068,40.40685,-77.17795
17069,40.45722,-76.97921
17070,40.20217,-76.86377
17071,40.30061,-77.58928
17073,40.30047,-76.25924
17074,40.47983,-77.14456
17075,40.39372,-77.83429
17076,40.62084,-77.30758
17077,40.40232,-76.53651
17078,40.28952,-76.58484
17080,40.64057,-76.80299
17081,40.20121,-77.28322
17082,40.49762,-77.42579
17084,40.68705,-77.62692
17086,40.69067,-77.12502
17087,40.40523,-76.26356
17088,40.30046,-76.295
17090,40.32953,-77.18302
17093,40.30998,-76.92817
17094,40.58414,-77.2168
17097,40.57414,-76.67704
17098,40.58998,-76.63071
17099,40.64535,-77.57639
17101,40.2595,-76.88705
17102,40.27119,-76.89686
17103,40.27499,-76.86326
17104,40.23901,-76.84985
17109,40.28986,-76.82414
17110,40.31776,-76.88354
17111,40.27041,-76.78265
17112,40.37497,-76.77163
17113,40.23032,-76.82083
17120,40.26511,-76.88281
17201,39.96229,-77.65677
17202,39.92133,-77.67442
17210,40.18989,-77.661
17211,39.75191,-78.41457
17212,39.81,-78.07073
17213,40.25381,-77.77249
17214,39.74811,-77.47025
17215,40.09234,-77.89008
17217,40.23822,-77.72235
17219,40.22367,-77.69318
17220,40.17807,-77.74108
17221,40.05796,-77.82019
17222,39.89983,-77.49242
17223,40.06521,-77.9389
17224,39.9723,-77.89195
17225,39.78706,-77.75709
17228,39.99512,-78.09831
17229,40.07853,-78.01144
17232,40.09462,-77.63341
17233,39.95118,-78.00406
17235,39.85699,-77.69743
17236,39.79997,-77.94305
17237,39.83705,-77.54091
17238,39.8612,-78.13003
17239,40.13973,-77.83009
17240,40.15411,-77.58227
17241,40.17793,-77.40326
17243,40.28368,-77.81484
17244,40.08595,-77.66562
17246,40.0629,-77.68255
17247,39.79883,-77.57933
17249,40.24186,-77.9002
17250,39.73668,-77.52338
17251,40.12159,-77.66695
17252,39.91317,-77.81695
17253,40.21241,-78.00628
17254,39.96853,-77.58917
17255,40.15426,-77.86756
17257,40.0508,-77.49027
17260,40.2977,-77.89489
17261,39.85981,-77.51164
17262,40.14489,-77.74174
17263,39.72409,-77.71727
17264,40.17993,-77.99331
17265,40.03846,-77.77297
17266,40.08745,-77.412
17267,39.80389,-78.23958
17268,39.77421,-77.57354
17271,40.10183,-77.80367
17301,39.89119,-76.9815
17302,39.81659,-76.41069
17303,39.92615,-77.29755
17304,39.97696,-77.23099
17306,39.98383,-77.24966
17307,39.94853,-77.314
17309,39.87351,-76.44894
17311,39.81709,-76.84191
17313,39.88472,-76.65719
17314,39.75469,-76.32852
17315,40.01859,-76.8685
17316,39.96721,-77.00226
17317,39.97136,-76.52267
17318,40.01847,-76.7265
17319,40.1585,-76.79468
17320,39.7695,-77.38749
17321,39.75406,-76.44742
17322,39.85548,-76.53513
17323,40.07523,-77.02669
17324,40.03616,-77.22772
17325,39.82762,-77.22641
17327,39.77934,-76.75373
17329,39.76295,-76.85374
17331,39.79085,-76.98028
17339,40.13438,-76.88188
17340,39.75566,-77.11183
17342,39.85275,-76.70756
17343,39.86863,-77.32948
17344,39.80535,-77.01887
17345,40.07929,-76.72812
17347,40.04927,-76.68247
17349,39.75536,-76.68003
17350,39.88918,-77.07896
17352,39.76199,-76.50008
17353,39.88741,-77.38714
17355,39.75978,-76.696
17356,39.89834,-76.58366
17360,39.85196,-76.75377
17361,39.76617,-76.67702
17362,39.85088,-76.86872
17363,39.76736,-76.58504
17364,39.92985,-76.90049
17365,40.05696,-76.9392
17366,39.93184,-76.55585
17368,39.98463,-76.51966
17370,40.1174,-76.78124
17371,39.90258,-76.78797
17372,40.00037,-77.10633
17401,39.95893,-76.73359
17402,39.95799,-76.66045
17403,39.92142,-76.71277
17404,40.00496,-76.77217
17406,40.01224,-76.64249
17407,39.8855,-76.71244
17408,39.93451,-76.80203
17501,40.15697,-76.20532
17502,40.10081,-76.66732
17504,40.02448,-76.32855
17505,40.05915,-76.18999
17506,40.11718,-76.0527
17507,40.19806,-76.01624
17508,40.12455,-76.21394
17509,39.90923,-76.03073
17512,40.04,-76.48558
17516,39.93773,-76.38703
17517,40.24402,-76.13151
17518,39.80519,-76.25932
17519,40.14278,-76.02145
17520,40.09813,-76.34897
17522,40.17499,-76.17009
17527,40.01495,-75.99333
17529,40.04036,-76.10008
17532,39.85731,-76.2923
17534,40.03665,-76.11214
17535,40.01224,-76.03813
17536,39.84345,-76.07316
17538,40.08804,-76.41528
17540,40.09877,-76.1888
17543,40.18217,-76.30038
17545,40.17307,-76.42792
17547,40.07056,-76.58436
17550,40.07492,-76.58339
17551,39.97911,-76.37608
17552,40.10935,-76.51174
17554,40.03923,-76.42584
17555,40.12075,-75.96514
17557,40.10328,-76.07543
17560,39.91117,-76.22712
17562,39.97636,-76.09264
17563,39.76404,-76.18649
17565,39.89191,-76.32994
17566,39.86924,-76.1476
17568,39.94806,-76.23416
17569,40.27043,-76.09652
17570,40.12574,-76.57035
17572,40.00937,-76.15105
17576,40.03561,-76.19782
17578,40.22397,-76.16405
17579,39.95938,-76.18032
17581,40.15617,-76.05535
17582,39.98928,-76.44756
17584,39.95981,-76.26463
17601,40.07296,-76.31457
17602,40.01486,-76.24632
17603,40.0127,-76.35287
17606,40.11174,-76.30401
17701,41.34206,-76.88821
17702,41.18215,-77.07728
17720,41.18046,-77.20503
17721,41.18155,-77.31927
17723,41.43125,-77.45629
17724,41.63827,-76.80034
17727,41.53904,-77.47914
17728,41.32546,-77.08215
17729,41.49798,-77.74106
17730,41.10677,-76.87591
17731,41.42713,-76.57293
17737,41.28673,-76.68149
17739,41.41289,-77.40156
17740,41.2342,-77.26171
17742,41.23919,-76.5829
17744,41.24397,-77.16139
17745,41.28589,-77.48097
17747,41.03847,-77.31497
17748,41.15147,-77.35043
17749,41.07232,-76.81352
17750,41.05517,-77.47805
17751,41.13086,-77.53201
17752,41.18244,-76.92144
17754,41.31108,-76.88421
17756,41.20841,-76.73325
17758,41.35234,-76.55155
17760,41.3966,-77.66602
17762,41.28326,-76.70751
17763,41.50999,-76.91388
17764,41.34316,-77.82735
17765,41.57591,-76.97168
17768,41.54632,-76.7477
17769,41.49939,-77.50073
17771,41.43137,-77.04524
17772,41.11832,-76.71756
17774,41.24782,-76.5416
17776,41.41704,-77.31257
17777,41.10332,-76.82678
17778,41.28532,-77.96477
17779,41.20551,-77.38019
17801,40.83669,-76.75762
17810,41.1123,-77.02543
17812,40.73626,-77.23641
17813,40.78505,-77.1772
17814,41.26885,-76.3751
17815,41.02216,-76.43061
17820,40.9011,-76.40783
17821,40.9917,-76.63959
17822,40.96861,-76.60365
17823,40.72099,-76.72541
17824,40.85652,-76.49848
17827,40.75482,-76.96133
17829,40.90057,-77.15546
17830,40.68791,-76.79449
17832,40.80554,-76.45499
17834,40.77982,-76.46701
17835,40.88365,-77.19795
17836,40.71446,-76.60136
17837,40.97485,-76.94247
17840,40.77537,-76.43291
17841,40.72455,-77.35888
17842,40.80389,-77.04329
17844,40.95904,-77.08747
17845,40.88308,-77.21628
17846,41.14647,-76.51681
17847,41.00609,-76.80612
17850,40.9671,-76.85847
17851,40.80255,-76.433
17853,40.69212,-77.01254
17855,40.88735,-76.97217
17856,41.05636,-76.9722
17857,40.92789,-76.76712
17858,40.84238,-76.42314
17859,41.11821,-76.39498
17860,40.82685,-76.63402
17861,40.77361,-77.0788
17862,40.86069,-77.05661
17864,40.70294,-76.90687
17865,40.98688,-76.78979
17866,40.78866,-76.55035
17867,40.71464,-76.69025
17868,40.95536,-76.63098
17870,40.80992,-76.8897
17872,40.7677,-76.61317
17876,40.85571,-76.82319
17878,41.1721,-76.32364
17880,40.89109,-77.12383
17881,40.78098,-76.68632
17884,41.05201,-76.67509
17885,40.87042,-77.28941
17886,41.01847,-76.87598
17887,41.07508,-76.8849
17888,40.81931,-76.37306
17889,40.88228,-76.9143
17901,40.69364,-76.25526
17920,40.81328,-76.32989
17921,40.75422,-76.35732
17922,40.592,-76.11212
17923,40.66136,-76.31871
17925,40.75609,-76.07047
17929,40.63104,-76.19273
17930,40.70867,-76.11529
17931,40.78378,-76.21638
17933,40.60357,-76.24244
17934,40.79786,-76.21205
17935,40.79417,-76.28
17936,40.75048,-76.33997
17938,40.65558,-76.50198
17941,40.68614,-76.61472
17943,40.76161,-76.37949
17944,40.6605,-76.28903
17945,40.78458,-76.37523
17946,40.8123,-76.2449
17948,40.82485,-76.14223
17949,40.79624,-76.23547
17951,40.67919,-76.24425
17952,40.76434,-76.05997
17953,40.74728,-76.09969
17954,40.69047,-76.25985
17957,40.59359,-76.51651
17959,40.74224,-76.15141
17960,40.69932,-75.94656
17961,40.64713,-76.05988
17963,40.56133,-76.39548
17964,40.71415,-76.49785
17965,40.69919,-76.16536
17967,40.86047,-76.20945
17968,40.6417,-76.62625
17970,40.72072,-76.19056
17972,40.58199,-76.21367
17974,40.69592,-76.23606
17976,40.8204,-76.21131
17978,40.6165,-76.65219
17979,40.56729,-76.20207
17980,40.531,-76.62065
17981,40.63077,-76.39523
17982,40.76798,-76.03827
17983,40.64403,-76.55027
17985,40.91935,-76.23729
18011,40.47288,-75.64395
18012,40.81135,-75.59158
18013,40.85511,-75.17114
18014,40.7654,-75.40923
18015,40.5887,-75.36786
18017,40.66069,-75.38739
18018,40.62766,-75.39538
18020,40.67267,-75.32692
18030,40.80408,-75.66336
18031,40.554,-75.65361
18032,40.65694,-75.46776
18034,40.54182,-75.41654
18035,40.75053,-75.54148
18036,40.50925,-75.38891
18037,40.68203,-75.54638
18038,40.79574,-75.48246
18040,40.7459,-75.22172
18041,40.41742,-75.51306
18042,40.6497,-75.22376
18045,40.6919,-75.27494
18046,40.54803,-75.56029
18049,40.51912,-75.50018
18051,40.59409,-75.66415
18052,40.65668,-75.50443
18053,40.71802,-75.70999
18054,40.35321,-75.43824
18055,40.58794,-75.29929
18056,40.44798,-75.54911
18058,40.8922,-75.49094
18059,40.7233,-75.53644
18062,40.5035,-75.57886
18063,40.78229,-75.18164
18064,40.75755,-75.31927
18065,40.69814,-75.61086
18066,40.6635,-75.74492
18067,40.71792,-75.47937
18069,40.626,-75.616
18070,40.4317,-75.53884
18071,40.83098,-75.57843
18072,40.84548,-75.25842
18073,40.38378,-75.47702
18074,40.31971,-75.51424
18076,40.37382,-75.48154
18077,40.56603,-75.24115
18078,40.67181,-75.62096
18079,40.74415,-75.65754
18080,40.73618,-75.63227
18081,40.56236,-75.28396
18083,40.75494,-75.2637
18085,40.74174,-75.25434
18086,40.73867,-75.54757
18087,40.55398,-75.59588
18088,40.76578,-75.5576
18091,40.82656,-75.32068
18092,40.46844,-75.51372
18101,40.60301,-75.4698
18102,40.60792,-75.47613
18103,40.57223,-75.48138
18104,40.61122,-75.54699
18106,40.57472,-75.59542
18109,40.63673,-75.44043
18195,40.58427,-75.62479
18201,40.95198,-75.95395
18202,40.94874,-76.0483
18210,41.00057,-75.59146
18211,40.74315,-75.82314
18212,40.77292,-75.71883
18214,40.80667,-76.08093
18216,40.94212,-75.90517
18218,40.81974,-75.91611
18219,40.99105,-76.05824
18220,40.83958,-76.07509
18221,41.00152,-75.919
18222,41.03569,-76.00097
18223,40.98221,-75.95011
18224,41.02499,-75.88728
18225,40.98137,-75.97111
18229,40.93245,-75.68247
18230,40.9201,-75.93077
18231,40.90068,-76.00446
18232,40.83515,-75.87939
18234,40.99259,-75.96468
18235,40.83603,-75.692
18237,40.88591,-76.02582
18239,40.98962,-75.98154
18240,40.86279,-75.84727
18241,40.94439,-76.16492
18242,40.90606,-76.12349
18244,40.82361,-75.66879
18245,40.8528,-76.03011
18246,40.95743,-76.195
18248,40.90089,-76.09448
18249,40.98457,-76.1206
18250,40.81744,-75.86145
18252,40.77857,-75.97893
18254,40.91594,-75.96563
18255,40.93308,-75.82996
18256,40.94044,-76.14752
18301,41.03141,-75.18316
18302,41.09243,-75.11783
18321,41.01734,-75.28754
18322,40.9221,-75.39714
18323,41.19558,-75.27264
18324,41.14712,-75.0001
18325,41.22545,-75.22268
18326,41.15617,-75.25186
18327,40.98341,-75.14665
18328,41.22531,-75.00633
18330,40.96505,-75.45285
18331,40.90878,-75.44076
18332,41.0922,-75.25968
18333,40.89833,-75.49104
18334,41.07208,-75.44298
18335,41.06413,-75.10455
18336,41.37566,-74.73674
18337,41.33406,-74.87342
18340,41.42027,-74.77503
18342,41.17045,-75.30485
18343,40.89043,-75.1058
18344,41.11735,-75.34442
18346,41.14643,-75.42752
18347,41.15116,-75.53664
18349,41.0995,-75.3682
18350,41.11339,-75.45633
18351,40.92321,-75.10063
18353,40.89848,-75.36953
18354,40.92561,-75.32831
18355,41.07301,-75.35553
18356,41.01574,-75.11192
18357,41.22956,-75.2191
18360,40.97254,-75.28562
18370,41.08926,-75.33771
18371,41.15837,-75.03658
18372,41.04777,-75.32512
18403,41.50495,-75.53529
18405,41.59792,-75.09509
18407,41.59971,-75.53026
18411,41.45655,-75.74295
18413,41.64767,-75.53258
18414,41.53893,-75.7427
18415,41.74821,-75.11315
18417,41.80705,-75.20122
18419,41.57858,-75.7994
18420,41.60333,-75.70589
18421,41.66337,-75.4691
18424,41.24267,-75.52234
18425,41.42263,-75.02206
18426,41.32774,-75.23577
18428,41.42946,-75.1253
18430,41.7428,-75.47779
18431,41.62214,-75.25531
18433,41.57107,-75.58452
18434,41.46014,-75.54823
18435,41.49221,-75.00661
18436,41.43867,-75.3959
18437,41.86859,-75.30345
18438,41.43591,-75.24499
18439,41.82674,-75.34735
18440,41.55931,-75.76505
18441,41.65833,-75.62565
18443,41.66262,-75.11059
18444,41.33912,-75.54667
18445,41.2948,-75.34751
18446,41.64513,-75.76044
18447,41.5132,-75.61684
18451,41.39849,-75.22023
18452,41.48387,-75.58951
18453,41.74971,-75.361
18454,41.81963,-75.42731
18455,41.88467,-75.35541
18456,41.61843,-75.3404
18457,41.4696,-75.05084
18458,41.40916,-74.91757
18460,41.26719,-75.34744
18461,41.92774,-75.32434
18462,41.9049,-75.42988
18463,41.34825,-75.37964
18464,41.40181,-75.17824
18465,41.83654,-75.51811
18466,41.19709,-75.37796
18469,41.70352,-75.14597
18470,41.732,-75.53502
18471,41.5291,-75.69807
18472,41.58738,-75.40002
18473,41.52828,-75.20821
18503,41.41007,-75.66767
18504,41.42375,-75.70581
18505,41.38874,-75.65109
18507,41.35541,-75.68016
18508,41.45503,-75.65827
18509,41.43062,-75.64321
18510,41.40735,-75.64376
18512,41.42648,-75.5912
18517,41.39524,-75.71461
18518,41.37495,-75.73963
18519,41.46207,-75.63062
18602,41.18749,-75.75526
18603,41.08506,-76.24591
18610,41.05959,-75.53226
18612,41.35025,-75.98207
18614,41.48373,-76.35768
18615,41.45968,-75.85752
18616,41.51907,-76.63954
18617,41.17149,-76.07707
18618,41.37883,-76.0313
18619,41.43574,-76.7195
18621,41.25441,-76.09129
18622,41.20228,-76.27348
18623,41.67297,-76.14768
18624,41.05529,-75.62088
18625,41.51311,-75.85027
18626,41.41136,-76.4635
18627,41.31559,-76.02235
18628,41.41474,-76.32047
18629,41.52393,-76.13365
18630,41.66361,-76.02698
18631,41.03079,-76.30233
18632,41.46769,-76.3764
18634,41.18984,-76.0218
18635,41.02961,-76.20598
18636,41.41215,-76.08859
18640,41.29724,-75.74024
18641,41.33644,-75.73007
18642,41.35359,-75.77681
18643,41.36456,-75.8344
18644,41.33192,-75.87753
18651,41.24748,-75.962
18655,41.18327,-76.19619
18656,41.32703,-76.20442
18657,41.52712,-75.95601
18660,41.10195,-76.06196
18661,41.08435,-75.75666
18701,41.2433,-75.88523
18702,41.21406,-75.76925
18704,41.27676,-75.89474
18705,41.27156,-75.84241
18706,41.20432,-75.91231
18707,41.13325,-75.9228
18708,41.297,-75.95927
18709,41.28635,-75.89674
18801,41.82861,-75.9437
18810,41.93738,-76.50181
18812,41.97203,-75.96822
18814,41.78151,-76.60121
18816,41.73977,-75.90966
18817,41.87431,-76.62075
18818,41.91343,-76.04843
18820,41.7779,-75.65029
18821,41.98588,-75.73466
18822,41.9482,-75.80116
18823,41.77415,-75.69168
18824,41.70422,-75.786
18825,41.82276,-75.599
18826,41.7495,-75.74276
18828,41.79672,-76.11245
18829,41.8395,-76.17088
18830,41.95049,-76.10904
18831,41.89356,-76.60832
18832,41.67625,-76.55639
18833,41.59433,-76.46515
18834,41.84185,-75.71189
18837,41.91928,-76.29122
18840,41.97433,-76.52968
18842,41.75594,-75.61652
18843,41.80446,-75.89416
18844,41.69247,-75.91351
18845,41.78994,-76.18454
18846,41.60494,-76.23929
18847,41.93539,-75.56893
18848,41.75358,-76.45615
18850,41.85916,-76.49126
18851,41.93677,-76.17992
18853,41.71654,-76.27534
18854,41.79532,-76.35472
18901,40.30529,-75.15026
18902,40.35474,-75.09855
18912,40.32134,-75.05852
18913,40.37727,-75.0545
18914,40.28908,-75.21046
18915,40.27255,-75.25628
18917,40.37088,-75.202
18920,40.49264,-75.09067
18921,40.52946,-75.1738
18923,40.3532,-75.16798
18925,40.2851,-75.05934
18927,40.31952,-75.24514
18929,40.25674,-75.07885
18930,40.52926,-75.2142
18932,40.29457,-75.25581
18933,40.40265,-75.042
18935,40.43444,-75.39714
18936,40.22993,-75.23154
18938,40.35126,-74.99779
18940,40.26349,-74.9483
18942,40.47167,-75.16261
18944,40.39252,-75.23381
18946,40.28923,-75.01009
18947,40.42677,-75.1138
18950,40.44709,-75.06544
18951,40.45294,-75.33833
18954,40.2224,-75.00032
18955,40.48469,-75.3141
18960,40.36376,-75.32366
18962,40.34462,-75.27033
18964,40.29759,-75.33327
18966,40.1879,-75.00557
18969,40.32644,-75.37239
18970,40.41212,-75.38129
18972,40.53395,-75.11997
18974,40.21675,-75.07321
18976,40.24676,-75.14321
18977,40.28655,-74.87865
18980,40.27276,-75.01105
19001,40.12624,-75.12652
19002,40.18386,-75.21104
19003,40.00217,-75.29841
19004,40.01362,-75.22979
19006,40.13323,-75.06222
19007,40.11483,-74.85474
19008,39.97425,-75.36107
19009,40.13775,-75.06308
19010,40.02362,-75.3298
19012,40.05966,-75.10586
19013,39.84529,-75.37474
19014,39.8637,-75.4338
19015,39.86811,-75.39164
19017,39.89078,-75.46295
19018,39.92312,-75.29834
19020,40.10453,-74.93853
19021,40.08874,-74.89385
19022,39.85862,-75.33507
19023,39.91724,-75.26708
19025,40.14556,-75.1632
19026,39.95035,-75.304
19027,40.07347,-75.12453
19029,39.86345,-75.29271
19030,40.1812,-74.83269
19031,40.1083,-75.21747
19032,39.88907,-75.277
19033,39.89077,-75.32892
19034,40.13353,-75.20953
19035,40.04851,-75.28126
19036,39.90368,-75.29323
19038,40.10197,-75.17214
19040,40.17732,-75.10624
19041,40.00663,-75.31747
19043,39.90042,-75.30891
19044,40.18901,-75.15253
19046,40.10133,-75.10558
19047,40.18207,-74.91062
19050,39.93764,-75.26355
19052,39.89721,-75.44532
19053,40.15475,-74.97918
19054,40.17055,-74.82016
19055,40.14984,-74.83881
19056,40.15044,-74.88534
19057,40.14013,-74.85718
19060,39.85048,-75.4921
19061,39.82741,-75.432
19063,39.92248,-75.41419
19064,39.93214,-75.33873
19066,40.0022,-75.2489
19067,40.19595,-74.80976
19070,39.90628,-75.32452
19072,40.02419,-75.25697
19073,39.98093,-75.4346
19074,39.88642,-75.29643
19075,40.1136,-75.18852
19076,39.88586,-75.30763
19078,39.87328,-75.32159
19079,39.90238,-75.26591
19081,39.89864,-75.34751
19082,39.96043,-75.27032
19083,39.97715,-75.31192
19085,40.03759,-75.34969
19086,39.89094,-75.37014
19087,40.06172,-75.40004
19090,40.1484,-75.12378
19094,39.87499,-75.3467
19095,40.08588,-75.15137
19096,39.99813,-75.27388
19102,39.95301,-75.16544
19103,39.95303,-75.17386
19104,39.95891,-75.19836
19106,39.94589,-75.14224
19107,39.9518,-75.15864
19108,39.95987,-75.16083
19109,39.94958,-75.16387
19111,40.06065,-75.08019
19112,39.88999,-75.16985
19113,39.86679,-75.27911
19114,40.06743,-75.00361
19115,40.09094,-75.04595
19116,40.11655,-75.01399
19118,40.07233,-75.21247
19119,40.05303,-75.19223
19120,40.03417,-75.11986
19121,39.98231,-75.17995
19122,39.97767,-75.14571
19123,39.96399,-75.14568
19124,40.01728,-75.09387
19125,39.97611,-75.12472
19126,40.05516,-75.13728
19127,40.02854,-75.22746
19128,40.05003,-75.23003
19129,40.01338,-75.18454
19130,39.9676,-75.17495
19131,39.98865,-75.21835
19132,39.99649,-75.17102
19133,39.99238,-75.14149
19134,39.98953,-75.10838
19135,40.02192,-75.04966
19136,40.03973,-75.01932
19137,39.99455,-75.074
19138,40.05594,-75.15947
19139,39.96144,-75.22964
19140,40.01224,-75.14512
19141,40.03788,-75.14541
19142,39.92278,-75.23375
19143,39.94315,-75.22664
19144,40.03278,-75.17523
19145,39.91469,-75.19194
19146,39.93917,-75.18398
19147,39.93645,-75.15468
19148,39.91175,-75.1514
19149,40.03781,-75.06544
19150,40.07251,-75.17165
19151,39.97562,-75.25616
19152,40.06158,-75.04663
19153,39.88391,-75.2343
19154,40.0951,-74.98159
19301,40.0414,-75.4809
19310,39.93478,-75.97038
19311,39.82163,-75.76887
19312,40.0309,-75.45083
19316,40.05597,-75.83804
19317,39.85722,-75.60244
19319,39.92723,-75.52319
19320,39.97046,-75.83069
19330,39.87359,-75.91695
19333,40.04208,-75.42331
19335,40.02271,-75.72045
19341,40.04213,-75.63814
19342,39.90458,-75.50243
19343,40.10203,-75.75461
19344,40.08279,-75.88338
19345,40.02967,-75.56955
19348,39.86706,-75.71763
19350,39.76244,-75.79528
19352,39.78036,-75.89054
19355,40.0466,-75.5302
19358,39.96362,-75.80659
19362,39.75175,-76.06576
19363,39.7864,-75.97279
19365,39.9655,-75.92766
19367,39.96285,-75.88395
19369,39.98082,-75.89496
19372,39.99941,-75.75972
19373,39.90674,-75.53255
19374,39.83333,-75.75267
19375,39.8996,-75.73993
19380,39.98594,-75.60358
19382,39.92766,-75.61475
19383,39.94303,-75.60155
19390,39.83683,-75.83962
19401,40.13042,-75.33143
19403,40.14898,-75.38034
19405,40.09949,-75.33497
19406,40.09467,-75.38402
19422,40.15835,-75.27858
19425,40.10383,-75.64476
19426,40.18972,-75.43734
19428,40.08011,-75.30317
19435,40.32788,-75.56518
19436,40.20253,-75.24842
19437,40.18706,-75.25274
19438,40.27018,-75.39554
19440,40.285,-75.29102
19442,40.13233,-75.57863
19444,40.08686,-75.25427
19446,40.23068,-75.30369
19453,40.13886,-75.50141
19454,40.22303,-75.24365
19456,40.1367,-75.45962
19457,40.20512,-75.58758
19460,40.12674,-75.5294
19462,40.11542,-75.28453
19464,40.25882,-75.616
19465,40.19981,-75.6727
19468,40.20776,-75.53137
19472,40.34036,-75.58189
19473,40.25842,-75.47363
19474,40.22427,-75.40507
19475,40.17028,-75.60042
19477,40.18447,-75.23583
19490,40.19673,-75.35401
19492,40.28817,-75.50623
19501,40.24314,-76.05822
19503,40.40808,-75.5755
19504,40.40699,-75.58965
19505,40.3795,-75.62331
19506,40.45873,-76.12379
19507,40.49268,-76.28235
19508,40.25913,-75.83984
19510,40.44551,-75.88179
19511,40.48473,-75.74381
19512,40.35,-75.67937
19516,40.48686,-76.00526
19518,40.27187,-75.74981
19520,40.15968,-75.79959
19522,40.44948,-75.81676
19523,40.20116,-75.84974
19525,40.30784,-75.58591
19526,40.5465,-75.99802
19529,40.63387,-75.86158
19530,40.54012,-75.77675
19533,40.42245,-75.99021
19534,40.57813,-75.88111
19535,40.3394,-75.79537
19536,40.48069,-75.75891
19538,40.54655,-75.70023
19539,40.49071,-75.68823
19540,40.23714,-75.9658
19541,40.47821,-76.02597
19543,40.1697,-75.89635
19544,40.41669,-76.29619
19545,40.3411,-75.62977
19547,40.38315,-75.76644
19549,40.58176,-76.02672
19550,40.45593,-76.25055
19551,40.35951,-76.14213
19554,40.51288,-76.10377
19555,40.49335,-75.94993
19559,40.49234,-76.18661
19560,40.40053,-75.88993
19562,40.50316,-75.70135
19564,40.51926,-75.87403
19565,40.34231,-76.08873
19567,40.3957,-76.20989
19601,40.3526,-75.9408
19602,40.32695,-75.91701
19604,40.35791,-75.90954
19605,40.39917,-75.94596
19606,40.3357,-75.85755
19607,40.29147,-75.94521
19608,40.31401,-76.03574
19609,40.32774,-75.99622
19610,40.34015,-75.97612
19611,40.32473,-75.9411
19701,39.58427,-75.69914
19702,39.62199,-75.72803
19703,39.8043,-75.45794
19706,39.5715,-75.5905
19707,39.78512,-75.68147
19709,39.48923,-75.68314
19710,39.78964,-75.58458
19711,39.71379,-75.74033
19713,39.67097,-75.70972
19716,39.66779,-75.74595
19717,39.68121,-75.75343
19720,39.645,-75.60678
19730,39.45443,-75.66077
19731,39.5102,-75.59616
19732,39.80033,-75.57455
19733,39.55928,-75.65143
19734,39.38377,-75.65026
19735,39.80666,-75.5973
19736,39.78031,-75.64274
19801,39.72782,-75.54615
19802,39.75715,-75.52873
19803,39.79912,-75.5422
19804,39.7166,-75.62094
19805,39.74523,-75.59373
19806,39.762,-75.56336
19807,39.79767,-75.61284
19808,39.73777,-75.66596
19809,39.75801,-75.50218
19810,39.81855,-75.50628
19901,39.17335,-75.47758
19902,39.12765,-75.46694
19904,39.17289,-75.59517
19930,38.56311,-75.07085
19931,38.56928,-75.61029
19933,38.73699,-75.60586
19934,39.08135,-75.63113
19936,39.21846,-75.58498
19938,39.25646,-75.69884
19939,38.56575,-75.2022
19940,38.47723,-75.56828
19941,38.7949,-75.42476
19943,39.00562,-75.60756
19944,38.47542,-75.05559
19945,38.50336,-75.22855
19946,39.03224,-75.45297
19947,38.67421,-75.39864
19950,38.82007,-75.59691
19951,38.68763,-75.25124
19952,38.91654,-75.62531
19953,39.15145,-75.69695
19954,38.89891,-75.52092
19955,39.22652,-75.6654
19956,38.5465,-75.53961
19958,38.72737,-75.16632
19960,38.85082,-75.41363
19962,39.07005,-75.49753
19963,38.93347,-75.37799
19964,39.09436,-75.72439
19966,38.58118,-75.28274
19967,38.53978,-75.1209
19968,38.77553,-75.28466
19970,38.55504,-75.09901
19971,38.69113,-75.10132
19973,38.63404,-75.62454
19975,38.46862,-75.17462
19977,39.29653,-75.55132
19979,39.05041,-75.57642
19980,39.07349,-75.57008
20001,38.91002,-77.018
20002,38.90511,-76.98431
20003,38.88193,-76.99033
20004,38.89504,-77.02661
20005,38.90443,-77.0316
20006,38.89847,-77.04119
20007,38.91259,-77.07756
20008,38.93539,-77.05935
20009,38.91986,-77.03749
20010,38.93255,-77.03128
20011,38.95295,-77.02323
20012,38.97863,-77.03076
20015,38.96661,-77.05837
20016,38.93822,-77.09139
20017,38.93813,-76.99294
20018,38.92596,-76.97281
20019,38.89214,-76.94195
20020,38.86234,-76.97446
20024,38.87517,-77.0295
20032,38.83142,-77.01514
20036,38.90705,-77.04155
20037,38.89213,-77.0535
20045,38.89673,-77.0308
20052,38.89884,-77.04779
20057,38.90892,-77.07511
20059,38.92247,-77.02003
20064,38.93637,-76.99924
20105,38.95949,-77.60829
20106,38.6871,-78.0133
20109,38.79472,-77.53105
20110,38.7464,-77.48699
20111,38.74907,-77.43039
20112,38.67274,-77.42901
20115,38.82138,-77.89764
20117,38.99473,-77.73851
20119,38.62159,-77.62819
20120,38.85576,-77.47987
20121,38.8175,-77.46015
20124,38.78059,-77.39085
20129,39.16673,-77.59404
20130,39.02756,-77.94243
20132,39.16648,-77.72748
20135,39.08602,-77.87659
20136,38.7374,-77.55473
20137,38.80682,-77.72992
20141,39.11675,-77.79159
20143,38.86421,-77.56792
20144,38.92117,-77.93759
20147,39.04151,-77.47958
20148,38.99062,-77.53284
20151,38.89583,-77.44453
20152,38.8998,-77.51917
20155,38.80646,-77.62145
20158,39.14126,-77.65514
20164,39.01244,-77.39586
20165,39.05058,-77.38854
20166,38.97146,-77.4637
20169,38.87172,-77.64627
20170,38.98075,-77.38042
20171,38.9246,-77.39824
20175,39.0641,-77.59939
20176,39.18147,-77.5345
20180,39.26775,-77.63804
20181,38.66687,-77.55374
20184,39.00143,-77.87874
20186,38.69045,-77.843
20187,38.71846,-77.74275
20190,38.95968,-77.33806
20191,38.93438,-77.35184
20194,38.97998,-77.34354
20197,39.19379,-77.62252
20198,38.87523,-77.76128
20204,38.88556,-77.01443
20220,38.89713,-77.03436
20230,38.89373,-77.03567
20240,38.89446,-77.04261
20245,38.89358,-77.04503
20250,38.88556,-77.03276
20260,38.88355,-77.02504
20317,38.93645,-77.0128
20319,38.86706,-77.01695
20373,38.85779,-77.01051
20388,38.8718,-76.99481
20390,38.87902,-76.99375
20408,38.89284,-77.02301
20415,38.89494,-77.0442
20418,38.8928,-77.04776
20422,38.92714,-77.0103
20427,38.90207,-77.04755
20431,38.89895,-77.04419
20510,38.89278,-77.00689
20515,38.88681,-77.00901
20520,38.8947,-77.04848
20530,38.89313,-77.02503
20535,38.89514,-77.02493
20540,38.88793,-77.00471
20542,38.94136,-77.02801
20551,38.8928,-77.0458
20560,38.8902,-77.02745
20565,38.89007,-77.01955
20566,38.89667,-77.05536
20591,38.88695,-77.02297
20601,38.61863,-76.85715
20602,38.58335,-76.89466
20603,38.62972,-76.97473
20606,38.25412,-76.73878
20607,38.67161,-77.02478
20608,38.58638,-76.70702
20609,38.27191,-76.74625
20611,38.46251,-76.98538
20612,38.50708,-76.67789
20613,38.67179,-76.80576
20615,38.4204,-76.54772
20616,38.65443,-77.08848
20617,38.54351,-76.854
20618,38.28152,-76.78891
20619,38.2919,-76.52714
20620,38.23288,-76.52196
20621,38.33062,-76.79438
20622,38.45281,-76.84504
20623,38.7423,-76.83747
20624,38.33523,-76.73451
20625,38.26212,-76.84877
20626,38.23256,-76.76404
20628,38.1459,-76.35027
20629,38.33996,-76.45388
20630,38.16653,-76.47087
20632,38.42591,-76.95682
20634,38.24582,-76.49412
20636,38.35582,-76.57212
20637,38.52577,-76.77897
20639,38.60823,-76.6086
20640,38.55408,-77.1657
20645,38.29838,-76.91413
20646,38.52114,-76.99989
20650,38.27186,-76.63276
20653,38.22795,-76.43139
20656,38.33914,-76.6787
20657,38.38358,-76.44537
20658,38.56973,-77.15958
20659,38.41886,-76.73238
20660,38.36928,-76.70741
20661,38.26474,-76.84473
20662,38.43359,-77.19972
20664,38.35062,-76.91631
20667,38.21782,-76.44537
20670,38.2824,-76.42031
20674,38.13307,-76.50019
20675,38.58349,-77.01522
20676,38.4869,-76.54788
20677,38.49992,-77.04016
20678,38.52164,-76.60072
20680,38.11071,-76.37353
20684,38.14308,-76.41027
20685,38.43465,-76.52904
20686,38.18557,-76.43898
20687,38.07578,-76.34382
20688,38.33475,-76.46965
20689,38.66963,-76.58591
20690,38.15916,-76.52631
20692,38.18352,-76.50682
20693,38.45924,-77.08931
20695,38.58885,-76.97269
20701,39.12877,-76.78803
20705,39.04503,-76.90009
20706,38.96548,-76.85091
20707,39.09563,-76.8842
20708,39.04546,-76.83462
20710,38.94204,-76.92623
20711,38.80485,-76.65245
20712,38.94306,-76.96517
20714,38.71813,-76.53987
20715,38.98643,-76.73967
20716,38.92734,-76.71494
20720,38.9971,-76.78588
20721,38.92106,-76.78881
20722,38.9351,-76.94944
20723,39.13664,-76.86647
20724,39.08028,-76.79054
20732,38.65573,-76.54292
20733,38.80628,-76.53139
20735,38.75034,-76.90566
20736,38.6913,-76.62855
20737,38.96247,-76.91571
20740,39.00193,-76.93096
20742,38.99422,-76.94347
20743,38.88372,-76.89362
20744,38.75362,-76.98393
20745,38.80552,-76.99495
20746,38.83664,-76.91936
20747,38.85348,-76.88377
20748,38.81692,-76.94124
20751,38.79552,-76.56221
20754,38.736,-76.65493
20755,39.09892,-76.74479
20758,38.73399,-76.58961
20759,39.15419,-76.92877
20762,38.80748,-76.87457
20763,39.13786,-76.82134
20764,38.83374,-76.51146
20765,38.84533,-76.54654
20769,38.98818,-76.81635
20770,38.99981,-76.88567
20771,39.00289,-76.85534
20772,38.7785,-76.76911
20774,38.87589,-76.76925
20776,38.86913,-76.6067
20777,39.17487,-76.96783
20778,38.83733,-76.56647
20779,38.76388,-76.57665
20781,38.94229,-76.93655
20782,38.96469,-76.9649
20783,38.99988,-76.96886
20784,38.95145,-76.89025
20785,38.91849,-76.88237
20794,39.15107,-76.78882
20812,38.96677,-77.14357
20814,39.00506,-77.10295
20815,38.98369,-77.07845
20816,38.95612,-77.11873
20817,38.99809,-77.14919
20818,38.97347,-77.16188
20832,39.15134,-77.07331
20833,39.20595,-77.05552
20837,39.11208,-77.40823
20838,39.22341,-77.37223
20839,39.17909,-77.41438
20841,39.1858,-77.32581
20842,39.20831,-77.42473
20850,39.0908,-77.1809
20851,39.07767,-77.12089
20852,39.05134,-77.12507
20853,39.10237,-77.09462
20854,39.03413,-77.22149
20855,39.13702,-77.13197
20860,39.15072,-77.03069
20861,39.14653,-76.99886
20862,39.18039,-77.01879
20866,39.10969,-76.93411
20868,39.12534,-76.96834
20871,39.2592,-77.28187
20872,39.29142,-77.21619
20874,39.1291,-77.29721
20876,39.20706,-77.23284
20877,39.14068,-77.18865
20878,39.11376,-77.24781
20879,39.16992,-77.17416
20880,39.14077,-77.17456
20882,39.23182,-77.14514
20886,39.17952,-77.197
20889,39.00193,-77.09038
20892,39.0006,-77.10373
20894,38.99591,-77.10221
20895,39.02696,-77.07781
20896,39.03521,-77.09494
20899,39.14442,-77.21621
20901,39.02155,-77.00919
20902,39.04381,-77.0421
20903,39.02128,-76.9821
20904,39.06608,-76.97918
20905,39.11052,-76.99036
20906,39.08858,-77.05522
20910,39.00227,-77.03634
20912,38.98182,-77.00106
21001,39.51077,-76.20274
21005,39.44101,-76.16509
21009,39.47032,-76.29378
21010,39.38953,-76.29851
21012,39.04529,-76.49716
21013,39.51123,-76.49124
21014,39.53606,-76.35164
21015,39.54691,-76.29619
21017,39.47498,-76.23667
21023,39.52368,-76.73984
21028,39.56832,-76.24162
21029,39.20633,-76.95206
21030,39.49002,-76.6659
21031,39.4874,-76.65792
21032,39.03376,-76.60401
21034,39.64905,-76.22261
21035,38.93637,-76.63875
21036,39.23416,-77.00223
21037,38.91476,-76.54361
21040,39.42953,-76.28947
21042,39.27105,-76.8924
21043,39.25759,-76.79773
21044,39.21047,-76.88353
21045,39.20622,-76.82747
21046,39.17357,-76.84183
21047,39.52818,-76.43781
21048,39.49568,-76.91057
21050,39.58569,-76.39228
21051,39.4721,-76.45388
21052,39.20238,-76.44379
21053,39.69296,-76.71567
21054,39.02624,-76.67083
21056,39.07805,-76.4338
21057,39.45111,-76.50606
21060,39.16893,-76.58346
21061,39.16116,-76.63226
21071,39.48516,-76.8081
21074,39.61746,-76.84351
21075,39.20414,-76.75301
21076,39.16856,-76.72239
21077,39.1583,-76.69953
21078,39.56911,-76.14776
21082,39.48284,-76.46735
21084,39.61659,-76.46317
21085,39.44462,-76.35601
21087,39.44728,-76.41583
21090,39.20919,-76.66796
21093,39.43773,-76.64318
21102,39.68732,-76.84564
21104,39.35044,-76.90654
21105,39.71512,-76.65225
21108,39.08932,-76.62139
21111,39.57568,-76.58089
21113,39.05448,-76.71519
21114,39.00967,-76.6839
21117,39.42719,-76.77795
21120,39.64723,-76.67703
21122,39.11631,-76.49941
21128,39.40526,-76.44628
21130,39.47495,-76.18921
21131,39.50338,-76.57486
21132,39.69601,-76.42577
21133,39.37705,-76.81174
21136,39.48851,-76.80888
21140,38.95062,-76.58569
21144,39.12058,-76.67767
21146,39.07737,-76.55613
21152,39.54905,-76.68107
21153,39.41649,-76.707
21154,39.65314,-76.36087
21155,39.57183,-76.80597
21156,39.43752,-76.397
21157,39.54889,-76.98162
21158,39.6466,-77.03217
21160,39.70728,-76.30754
21161,39.65983,-76.56475
21162,39.39084,-76.40164
21163,39.34024,-76.85706
21201,39.29487,-76.62237
21202,39.29705,-76.60747
21204,39.40353,-76.63024
21205,39.30227,-76.56413
21206,39.33932,-76.53706
21207,39.32417,-76.72017
21208,39.38401,-76.72547
21209,39.37261,-76.66802
21210,39.35878,-76.63521
21211,39.32857,-76.6389
21212,39.3678,-76.61456
21213,39.31501,-76.57723
21214,39.35217,-76.5644
21215,39.34578,-76.68367
21216,39.3108,-76.67145
21217,39.30701,-76.63833
21218,39.33031,-76.60235
21219,39.23097,-76.44383
21220,39.345,-76.3966
21221,39.29462,-76.44034
21222,39.26424,-76.49537
21223,39.28421,-76.65323
21224,39.28309,-76.54088
21225,39.22597,-76.61508
21226,39.2078,-76.5627
21227,39.24024,-76.67913
21228,39.27272,-76.74687
21229,39.28509,-76.69083
21230,39.26651,-76.62213
21231,39.28775,-76.592
21233,39.29244,-76.60503
21234,39.395,-76.53252
21236,39.38789,-76.48552
21237,39.33938,-76.49456
21239,39.36517,-76.58709
21240,39.17483,-76.67181
21244,39.3342,-76.78217
21250,39.25558,-76.71117
21251,39.34993,-76.58027
21252,39.39413,-76.61144
21285,39.3875,-76.61702
21286,39.41374,-76.57375
21287,39.29899,-76.58817
21401,38.98967,-76.5505
21402,38.98816,-76.47202
21403,38.94433,-76.49296
21405,39.02996,-76.54971
21409,39.01968,-76.44738
21502,39.64143,-78.75609
21520,39.63661,-79.30786
21521,39.55042,-79.04836
21523,39.47956,-79.07925
21524,39.70666,-78.80203
21529,39.71692,-78.77474
21530,39.68878,-78.54138
21531,39.64862,-79.42221
21532,39.65559,-78.96025
21536,39.65619,-79.16924
21538,39.40133,-79.22109
21539,39.59828,-79.01074
21540,39.47659,-79.05929
21541,39.55727,-79.36732
21542,39.59114,-78.95087
21543,39.64157,-78.96231
21545,39.6991,-78.86513
21550,39.39107,-79.39085
21555,39.58777,-78.55685
21557,39.5191,-78.92353
21560,39.56508,-78.70632
21561,39.49976,-79.20482
21562,39.50326,-79.05046
21601,38.79275,-76.08242
21607,39.13398,-75.85644
21610,39.3652,-76.06845
21612,38.74928,-76.27695
21613,38.49537,-76.07169
21617,39.04985,-76.03819
21619,38.95285,-76.27939
21620,39.20667,-76.08739
21622,38.40821,-76.17381
21623,39.11915,-75.96268
21624,38.83407,-76.27212
21625,38.86925,-75.99216
21626,38.33902,-76.08398
21627,38.23528,-76.04967
21628,39.23577,-75.92238
21629,38.86111,-75.82753
21631,38.58784,-75.94598
21632,38.72287,-75.77478
21634,38.27995,-76.185
21635,39.34006,-75.83826
21636,39.0261,-75.79839
21638,38.94513,-76.20263
21639,38.96533,-75.7928
21640,39.07036,-75.82533
21641,38.91696,-75.94161
21643,38.6442,-75.87124
21644,39.11728,-75.87441
21645,39.31979,-75.96216
21647,38.80114,-76.2831
21648,38.4966,-76.23386
21649,39.1366,-75.77453
21650,39.31286,-75.80795
21651,39.25821,-75.85802
21652,38.72028,-76.28108
21653,38.74704,-76.17744
21654,38.6908,-76.12518
21655,38.74601,-75.92103
21657,38.9534,-75.99042
21658,38.94071,-76.13819
21659,38.57442,-75.79985
21660,38.95534,-75.88839
21661,39.12905,-76.21967
21662,38.7136,-76.20209
21663,38.78333,-76.23303
21664,38.6081,-75.94732
21665,38.75158,-76.34469
21666,38.93956,-76.33272
21667,39.34377,-76.05188
21668,39.18967,-75.85139
21669,38.45897,-76.28509
21671,38.69658,-76.33562
21672,38.27707,-76.06148
21673,38.65235,-76.04163
21675,38.29011,-76.0884
21676,38.78628,-76.30548
21677,38.48454,-76.18544
21678,39.30889,-76.10336
21679,38.91722,-76.08875
21701,39.44729,-77.33512
21702,39.48019,-77.4578
21703,39.36961,-77.47088
21704,39.3506,-77.3735
21705,39.40887,-77.41002
21710,39.29652,-77.44941
21711,39.66808,-78.01247
21713,39.52618,-77.66933
21714,39.41059,-77.51003
21715,39.37879,-77.66063
21716,39.31798,-77.6262
21717,39.33865,-77.43147
21718,39.39343,-77.62734
21719,39.70501,-77.49977
21722,39.66575,-77.91457
21723,39.32825,-77.01056
21727,39.68865,-77.33096
21733,39.55004,-77.75838
21734,39.60583,-77.70382
21737,39.2543,-77.01959
21738,39.27973,-77.02554
21740,39.63233,-77.73902
21742,39.67363,-77.65928
21746,39.56591,-77.71409
21750,39.68698,-78.2129
21754,39.33684,-77.31131
21755,39.36101,-77.56887
21756,39.45758,-77.70118
21757,39.59902,-77.25906
21758,39.34567,-77.66265
21762,39.48058,-77.24842
21766,39.65928,-78.39859
21767,39.69773,-77.74638
21769,39.44582,-77.56489
21770,39.35245,-77.25791
21771,39.3955,-77.15869
21773,39.53725,-77.55301
21774,39.4088,-77.27844
21776,39.51861,-77.10376
21777,39.27918,-77.5287
21778,39.61576,-77.33754
21779,39.42447,-77.65398
21780,39.67676,-77.46777
21781,39.57123,-77.75981
21782,39.4552,-77.75995
21783,39.64885,-77.55903
21784,39.40087,-76.9726
21787,39.67169,-77.17317
21788,39.59429,-77.41958
21790,39.25908,-77.49559
21791,39.54267,-77.18713
21793,39.48963,-77.34357
21794,39.29705,-76.97388
21795,39.582,-77.82733
21797,39.33284,-77.07002
21798,39.53858,-77.29985
21801,38.38106,-75.64073
21804,38.31726,-75.53673
21810,38.29005,-75.68887
21811,38.31977,-75.22024
21813,38.42658,-75.17293
21814,38.29176,-75.88669
21817,37.98081,-75.83537
21821,38.16664,-75.90611
21822,38.28129,-75.65566
21824,37.97982,-76.02871
21826,38.32077,-75.62353
21829,38.09892,-75.38324
21830,38.40202,-75.72841
21835,38.53355,-75.93758
21837,38.4594,-75.76731
21838,38.01452,-75.73098
21840,38.25814,-75.89276
21841,38.24385,-75.29588
21842,38.3778,-75.09084
21849,38.37006,-75.46064
21850,38.36171,-75.39867
21851,38.07825,-75.54375
21853,38.20453,-75.7102
21856,38.33807,-75.79224
21861,38.53525,-75.72834
21862,38.39716,-75.21514
21863,38.19167,-75.40327
21864,38.04355,-75.40532
21865,38.28605,-75.83296
21866,37.9672,-76.02137
21867,38.11025,-75.79399
21869,38.43246,-75.89012
21871,38.10489,-75.73127
21872,38.4163,-75.29399
21874,38.39266,-75.35417
21875,38.44038,-75.54559
21890,38.15673,-75.6998
21901,39.58593,-75.95821
21902,39.55229,-76.06157
21903,39.57274,-76.04378
21904,39.62303,-76.07812
21911,39.68931,-76.03886
21912,39.42486,-75.81607
21913,39.40973,-75.87073
21914,39.57256,-75.98158
21915,39.50095,-75.84764
21917,39.67106,-76.09823
21918,39.68327,-76.16662
21919,39.42047,-75.93372
21920,39.65675,-75.83449
21921,39.62568,-75.85904
21930,39.37198,-75.89115
22003,38.8308,-77.21402
22015,38.78784,-77.28136
22025,38.59874,-77.3491
22026,38.56717,-77.29476
22027,38.89411,-77.22159
22030,38.83891,-77.34188
22031,38.85954,-77.2599
22032,38.82012,-77.29032
22033,38.87564,-77.38419
22035,38.85628,-77.36269
22039,38.74992,-77.31536
22041,38.8485,-77.14212
22042,38.86463,-77.19406
22043,38.90076,-77.19746
22044,38.85957,-77.15627
22046,38.88696,-77.18025
22060,38.70525,-77.15636
22066,39.01032,-77.30258
22079,38.67998,-77.2055
22101,38.9386,-77.16513
22102,38.95199,-77.22901
22124,38.8909,-77.33025
22125,38.68217,-77.26073
22134,38.53186,-77.409
22150,38.77198,-77.18605
22151,38.80283,-77.2096
22152,38.77564,-77.23149
22153,38.74443,-77.23451
22172,38.5742,-77.3895
22180,38.89619,-77.25426
22181,38.9053,-77.29466
22182,38.93611,-77.2736
22191,38.6249,-77.26849
22192,38.68358,-77.31821
22193,38.64233,-77.34881
22201,38.88684,-77.09501
22202,38.8569,-77.05175
22203,38.87377,-77.1164
22204,38.86076,-77.09894
22205,38.88337,-77.13948
22206,38.8442,-77.0886
22207,38.90665,-77.12384
22209,38.89413,-77.07309
22211,38.88011,-77.07482
22213,38.89459,-77.16239
22214,38.87499,-77.06501
22301,38.81995,-77.05934
22302,38.82799,-77.08432
22303,38.794,-77.08175
22304,38.81361,-77.11498
22305,38.83655,-77.06234
22306,38.75655,-77.09254
22307,38.7708,-77.05694
22308,38.72957,-77.05876
22309,38.71931,-77.10724
22310,38.78447,-77.12231
22311,38.83442,-77.12313
22312,38.81685,-77.15372
22314,38.80732,-77.0563
22315,38.75735,-77.14803
22401,38.29928,-77.48704
22405,38.31568,-77.40377
22406,38.39964,-77.55596
22407,38.28581,-77.58055
22408,38.21916,-77.44013
22427,38.07177,-77.28624
22432,37.8637,-76.35043
22433,38.35875,-77.86093
22435,37.97216,-76.57288
22436,38.04698,-77.07471
22437,37.7764,-76.8156
22438,38.03788,-76.99971
22443,38.18078,-76.99776
22448,38.33996,-77.03238
22454,37.83599,-76.85032
22460,37.87612,-76.60692
22469,38.0667,-76.64749
22472,37.95897,-76.67257
22473,37.88316,-76.41386
22476,38.03807,-77.06872
22480,37.66631,-76.41498
22482,37.73723,-76.35245
22485,38.2717,-77.15996
22488,38.04986,-76.58796
22503,37.7624,-76.50432
22504,37.76346,-76.72675
22508,38.31732,-77.7913
22509,38.10642,-77.06669
22511,37.98352,-76.50323
22514,37.9724,-77.24471
22520,38.11651,-76.80634
22529,38.01036,-76.67942
22534,38.08473,-77.67062
22535,38.12314,-77.19619
22538,38.18941,-77.27334
22539,37.85865,-76.28731
22542,38.29348,-77.88837
22546,37.94342,-77.44565
22548,37.82929,-76.69256
22551,38.17273,-77.70575
22553,38.26594,-77.6397
22554,38.42285,-77.3835
22556,38.48624,-77.513
22560,37.91289,-76.96196
22567,38.23395,-77.92401
22572,37.97552,-76.77495
22576,37.69398,-76.43277
22578,37.65063,-76.36268
22580,38.10941,-77.44419
22601,39.1743,-78.1743
22602,39.1508,-78.26555
22603,39.28153,-78.2056
22610,38.81803,-78.28102
22611,39.16374,-77.98512
22620,39.06417,-78.03317
22623,38.85158,-78.13734
22624,39.26535,-78.09507
22625,39.37397,-78.31172
22627,38.76554,-78.11371
22630,38.92909,-78.18052
22637,39.25057,-78.3605
22639,38.82625,-78.0321
22640,38.80737,-78.13302
22641,39.07795,-78.38588
22642,38.91532,-78.06538
22643,38.9034,-78.00801
22644,38.96362,-78.5314
22645,39.02152,-78.27457
22646,39.07019,-78.04803
22650,38.75893,-78.35817
22652,38.83921,-78.42894
22654,39.06863,-78.4586
22655,39.06443,-78.21425
22656,39.21723,-78.08901
22657,39.00155,-78.36755
22660,38.95628,-78.4383
22663,39.05,-78.11716
22664,38.8944,-78.53119
22701,38.44038,-77.99633
22709,38.32769,-78.21732
22711,38.46239,-78.27634
22712,38.55632,-77.75884
22713,38.54123,-78.13204
22714,38.52068,-77.89363
22715,38.41032,-78.18541
22716,38.62596,-78.10794
22718,38.47076,-77.82026
22719,38.52888,-78.28337
22720,38.48044,-77.6468
22722,38.46304,-78.22645
22723,38.33789,-78.38821
22724,38.63286,-77.90752
22725,38.44029,-78.1527
22726,38.40179,-77.81796
22727,38.39626,-78.30058
22728,38.57773,-77.68639
22729,38.35658,-78.01596
22730,38.36782,-78.16635
22731,38.34413,-78.26151
22732,38.30886,-78.19153
22733,38.33191,-78.0467
22734,38.52757,-77.81119
22735,38.47941,-78.18336
22736,38.39633,-77.69673
22737,38.59024,-78.00205
22738,38.28692,-78.27685
22740,38.63805,-78.26163
22741,38.44541,-77.86819
22742,38.4589,-77.71179
22743,38.52477,-78.37132
22746,38.62922,-78.0195
22747,38.7122,-78.16768
22749,38.61945,-78.18394
22801,38.40519,-78.87931
22802,38.50016,-78.8585
22807,38.43495,-78.86736
22810,38.84466,-78.78554
22811,38.79264,-78.9757
22812,38.37934,-79.03836
22815,38.63469,-78.80939
22820,38.74387,-79.00948
22821,38.46349,-79.0743
22824,38.84743,-78.6278
22827,38.3903,-78.6131
22830,38.65789,-78.97902
22831,38.56395,-79.10005
22832,38.45778,-78.75692
22834,38.55709,-78.85769
22835,38.67199,-78.4548
22840,38.38642,-78.73845
22841,38.33887,-78.89417
22842,38.77191,-78.6992
22843,38.36703,-79.16053
22844,38.65886,-78.66038
22845,38.77991,-78.8375
22846,38.38791,-78.79239
22847,38.71792,-78.70972
22849,38.5256,-78.6253
22850,38.56668,-78.92048
22851,38.56061,-78.51061
22853,38.65156,-78.76406
22901,38.08874,-78.55569
22902,37.95566,-78.46883
22903,38.01239,-78.60159
22904,38.03492,-78.51161
22908,38.03103,-78.49639
22911,38.09522,-78.4078
22920,37.97294,-78.81276
22922,37.68621,-78.92511
22923,38.18671,-78.32405
22931,37.90374,-78.71696
22932,38.15037,-78.69743
22935,38.25785,-78.55474
22936,38.1671,-78.49974
22937,37.81297,-78.60891
22938,37.86256,-78.78248
22939,38.10575,-78.97288
22940,38.20559,-78.59705
22942,38.10397,-78.19684
22943,38.04508,-78.78369
22946,37.84789,-78.56053
22947,38.04326,-78.32624
22948,38.35154,-78.12264
22949,37.788,-78.88257
22952,37.95836,-78.97136
22957,38.22998,-78.1918
22958,37.8983,-78.89611
22959,37.93758,-78.64794
22960,38.21992,-78.06624
22963,37.84793,-78.28524
22964,37.71722,-78.98861
22967,37.79945,-79.0192
22968,38.24111,-78.39407
22969,37.79699,-78.69367
22971,37.75019,-78.80299
22972,38.21746,-78.23451
22973,38.33588,-78.46915
22974,37.96207,-78.2753
22976,37.84555,-79.04036
22980,38.09588,-78.88585
22989,38.29328,-78.11943
23002,37.34917,-77.96357
23004,37.68307,-78.40567
23005,37.75982,-77.4826
23009,37.81038,-77.18717
23011,37.47562,-76.80691
23015,37.93127,-77.63124
23021,37.40102,-76.37187
23022,37.7353,-78.26432
23023,37.78293,-76.96586
23024,37.92448,-77.77554
23025,37.41447,-76.36204
23027,37.64551,-78.13183
23030,37.34652,-77.05962
23032,37.65552,-76.68199
23035,37.49809,-76.37679
23038,37.75627,-78.14552
23039,37.65503,-77.80596
23040,37.51017,-78.24919
23043,37.55519,-76.34357
23045,37.42937,-76.27069
23047,37.84765,-77.48973
23050,37.48918,-76.41986
23055,37.7706,-78.21852
23056,37.41809,-76.38724
23059,37.70424,-77.56539
23060,37.65981,-77.53427
23061,37.4331,-76.55019
23062,37.258,-76.50404
23063,37.71694,-77.99882
23065,37.8016,-77.92979
23066,37.49836,-76.28831
23068,37.49511,-76.33727
23069,37.76924,-77.32874
23070,37.55065,-76.38528
23071,37.54326,-76.45228
23072,37.29543,-76.48148
23075,37.54938,-77.31591
23076,37.47328,-76.30499
23079,37.7248,-76.68941
23081,37.20758,-76.7617
23083,37.31899,-78.11111
23084,37.8864,-78.11162
23085,37.70623,-76.84205
23086,37.66296,-77.05394
23089,37.47593,-76.91212
23091,37.64647,-76.80167
23092,37.59402,-76.50755
23093,38.00153,-78.03595
23102,37.71053,-77.83325
23103,37.6506,-77.72754
23106,37.71524,-77.2062
23108,37.65523,-76.73015
23109,37.43263,-76.32445
23110,37.58338,-76.76578
23111,37.6112,-77.24697
23112,37.43738,-77.66394
23113,37.53935,-77.68093
23114,37.48317,-77.66054
23116,37.67152,-77.33458
23117,37.97736,-77.87365
23119,37.45139,-76.27978
23120,37.40872,-77.78468
23123,37.65238,-78.3031
23124,37.55271,-77.05949
23126,37.92285,-77.1448
23128,37.4514,-76.43216
23129,37.705,-77.78261
23130,37.39048,-76.26494
23138,37.36245,-76.30062
23139,37.54999,-77.93507
23140,37.43852,-77.04818
23141,37.53042,-77.15791
23146,37.7273,-77.70928
23147,37.36965,-77.0391
23148,37.84262,-77.06223
23149,37.56794,-76.61599
23150,37.50718,-77.25402
23153,37.77641,-77.95719
23156,37.5244,-76.71106
23160,37.62757,-77.84028
23161,37.72152,-76.93037
23163,37.3572,-76.29765
23168,37.3942,-76.832
23169,37.58945,-76.46225
23173,37.57677,-77.54069
23175,37.65343,-76.62407
23176,37.56934,-76.41991
23177,37.73088,-77.00295
23180,37.69977,-76.62045
23181,37.59809,-76.889
23185,37.24927,-76.68702
23188,37.33849,-76.74925
23192,37.81732,-77.68209
23219,37.54076,-77.43484
23220,37.54923,-77.46012
23221,37.5533,-77.49056
23222,37.58265,-77.41894
23223,37.55595,-77.37927
23224,37.4985,-77.46563
23225,37.51872,-77.51044
23226,37.57774,-77.5198
23227,37.61486,-77.44234
23228,37.62588,-77.49125
23229,37.58785,-77.56973
23230,37.587,-77.49153
23231,37.44219,-77.31903
23233,37.64461,-77.62828
23234,37.45293,-77.46752
23235,37.51314,-77.56426
23236,37.47438,-77.58634
23237,37.40173,-77.45433
23238,37.59595,-77.64138
23250,37.50517,-77.32098
23284,37.54759,-77.45273
23294,37.63048,-77.54205
23298,37.5416,-77.42954
23301,37.68402,-75.6397
23302,37.85858,-75.52197
23303,37.90346,-75.50562
23304,36.99586,-76.56993
23306,37.56859,-75.88148
23307,37.43282,-75.87095
23308,37.82431,-75.61773
23310,37.26407,-75.95676
23314,36.95054,-76.53625
23315,36.73861,-76.84289
23316,37.29517,-75.96635
23320,36.75208,-76.21807
23321,36.80067,-76.42189
23322,36.62703,-76.26929
23323,36.70785,-76.37949
23324,36.79996,-76.27517
23325,36.81507,-76.239
23336,37.95461,-75.33759
23337,37.93332,-75.46691
23347,37.36026,-75.96798
23350,37.51489,-75.87428
23354,37.47806,-75.90225
23356,37.9905,-75.39228
23357,37.75862,-75.67459
23358,37.64406,-75.86495
23359,37.88643,-75.60422
23389,37.65731,-75.83226
23395,37.97051,-75.45159
23398,37.52054,-75.93971
23401,37.62776,-75.77843
23405,37.41466,-75.91969
23407,37.8432,-75.55362
23408,37.4533,-75.84587
23409,37.88017,-75.64709
23410,37.63802,-75.74306
23413,37.4653,-75.85356
23414,37.81375,-75.58688
23415,37.97459,-75.53443
23416,37.93371,-75.557
23417,37.73061,-75.76687
23418,37.63821,-75.66926
23420,37.58275,-75.81166
23421,37.76564,-75.61429
23422,37.63647,-75.82397
23423,37.52361,-75.73969
23426,37.92706,-75.67506
23427,37.9124,-75.71344
23430,36.98615,-76.66337
23432,36.87099,-76.55097
23433,36.90763,-76.49183
23434,36.70163,-76.59074
23435,36.83751,-76.4803
23436,36.89516,-76.50873
23437,36.63533,-76.80256
23438,36.58116,-76.69749
23440,37.83048,-75.99019
23441,37.71208,-75.69943
23442,37.90127,-75.56874
23451,36.87175,-76.00689
23452,36.84604,-76.09197
23453,36.785,-76.07679
23454,36.83216,-76.02616
23455,36.88974,-76.1441
23456,36.73435,-76.03492
23457,36.61686,-76.01576
23459,36.91607,-76.17043
23460,36.81848,-76.03161
23461,36.77244,-75.96172
23462,36.8366,-76.15105
23464,36.79732,-76.17899
23480,37.61388,-75.69077
23486,37.5177,-75.80824
23487,36.85197,-76.72303
23488,37.95237,-75.60831
23502,36.86274,-76.20983
23503,36.94727,-76.26223
23504,36.85677,-76.26568
23505,36.91418,-76.29081
23507,36.8642,-76.30304
23508,36.8844,-76.30898
23509,36.88215,-76.26203
23510,36.8518,-76.29154
23511,36.94,-76.30055
23513,36.88948,-76.23831
23517,36.86927,-76.29198
23518,36.91638,-76.21586
23523,36.83254,-76.27199
23551,36.92359,-76.29238
23601,37.05862,-76.46414
23602,37.11511,-76.51625
23603,37.19188,-76.56563
23604,37.13195,-76.58902
23605,37.01754,-76.43527
23606,37.07847,-76.49557
23607,36.98753,-76.42235
23608,37.15093,-76.54343
23651,37.0099,-76.30451
23661,37.00804,-76.38631
23662,37.13178,-76.35678
23663,37.03216,-76.31589
23664,37.07467,-76.2925
23665,37.08963,-76.36302
23666,37.05818,-76.40817
23667,37.02081,-76.33093
23668,37.02034,-76.33839
23669,37.05052,-76.33952
23681,37.09697,-76.38389
23690,37.21829,-76.52371
23691,37.25906,-76.57322
23692,37.18107,-76.45868
23693,37.12669,-76.44755
23696,37.19249,-76.42589
23701,36.81158,-76.36986
23702,36.80292,-76.32679
23703,36.88039,-76.37101
23704,36.82603,-76.3123
23707,36.84255,-76.34002
23708,36.84804,-76.30646
23709,36.81685,-76.29846
23801,37.23618,-77.33582
23803,37.21183,-77.48028
23805,37.12922,-77.3953
23821,36.876,-77.91794
23824,37.08767,-77.95749
23827,36.61491,-77.20724
23828,36.58693,-77.28557
23829,36.73393,-77.22525
23830,37.02098,-77.39771
23831,37.34437,-77.44998
23832,37.39436,-77.59491
23833,37.21094,-77.66947
23834,37.28911,-77.40063
23836,37.35087,-77.33253
23837,36.75816,-77.08753
23838,37.31772,-77.63288
23839,37.08718,-76.91895
23840,37.05638,-77.67076
23841,37.05421,-77.55305
23842,37.13625,-77.22086
23843,36.84988,-77.8109
23844,36.67032,-77.3358
23845,36.57048,-77.99322
23846,37.05947,-76.83224
23847,36.668,-77.54972
23850,37.16276,-77.7434
23851,36.6521,-76.95776
23856,36.78735,-77.70291
23857,36.58389,-77.88588
23860,37.28267,-77.22267
23866,36.92012,-76.86693
23867,36.82063,-77.4878
23868,36.70991,-77.8038
23870,36.75241,-77.50016
23872,36.98351,-77.72629
23874,36.60761,-77.09803
23875,37.22941,-77.25845
23876,36.95635,-77.83343
23878,36.8291,-77.02065
23879,36.59224,-77.59547
23881,37.1917,-76.98588
23882,36.92591,-77.41543
23883,37.12546,-76.7502
23884,36.91733,-77.28011
23885,37.18521,-77.57834
23887,36.56762,-77.81658
23888,36.95383,-76.97802
23889,36.8972,-77.74395
23890,37.00755,-77.11837
23891,37.04752,-77.20367
23893,36.6244,-77.93658
23894,37.13867,-77.82404
23897,36.83399,-77.28234
23898,36.82737,-76.85662
23899,37.23079,-76.96562
23901,37.32309,-78.41186
23909,37.29891,-78.39635
23915,36.70668,-78.28627
23917,36.62378,-78.34144
23919,36.59103,-78.13305
23920,36.72452,-77.97266
23921,37.59143,-78.61413
23922,37.17987,-78.21219
23923,37.09316,-78.64627
23924,36.80919,-78.43396
23927,36.60899,-78.51258
23930,37.17468,-78.09608
23934,37.17613,-78.62373
23936,37.52494,-78.4819
23937,36.94547,-78.52463
23938,36.90541,-78.00464
23942,37.13241,-78.30138
23943,37.24181,-78.46041
23944,36.9056,-78.13319
23947,37.02265,-78.44284
23950,36.66005,-78.07699
23952,36.91786,-78.27886
23954,37.10893,-78.38705
23955,37.10816,-78.06556
23958,37.26848,-78.65581
23959,37.10472,-78.79654
23960,37.31531,-78.5579
23962,36.93865,-78.70399
23963,37.195,-78.80168
23964,36.77713,-78.63149
23966,37.29177,-78.27418
23967,36.91813,-78.62857
23968,36.72123,-78.51922
23970,36.74818,-78.18637
23974,36.97323,-78.24549
23976,36.8482,-78.5797
24011,37.27048,-79.94128
24012,37.31585,-79.89833
24013,37.26691,-79.92219
24014,37.22427,-79.91282
24015,37.25588,-79.97979
24016,37.27208,-79.95468
24017,37.29472,-79.99183
24018,37.21238,-80.04261
24019,37.3446,-79.95564
24020,37.35739,-79.94279
24022,37.27689,-79.93429
24053,36.60999,-80.53283
24054,36.67806,-79.70396
24055,36.76333,-79.99741
24058,37.18257,-80.61637
24059,37.15577,-80.13159
24060,37.25772,-80.41961
24061,37.22539,-80.42658
24064,37.37237,-79.7759
24065,37.11814,-79.96453
24066,37.5382,-79.67822
24067,37.03737,-80.06884
24069,36.58376,-79.63779
24070,37.37316,-80.21238
24072,37.03809,-80.23113
24073,37.13053,-80.4225
24076,36.59704,-80.42116
24077,37.36337,-79.90278
24078,36.72376,-79.91303
24079,37.0539,-80.15418
24082,36.62923,-80.13204
24083,37.40614,-79.92031
24084,37.11468,-80.79088
24085,37.67539,-79.83639
24086,37.27268,-80.63585
24087,37.22594,-80.24748
24088,36.89492,-80.0798
24089,36.70392,-79.96078
24090,37.52633,-79.88921
24091,36.92131,-80.32264
24092,37.00158,-79.76306
24093,37.38784,-80.85657
24095,37.22304,-79.73787
24101,37.17702,-79.80111
24102,36.83994,-79.99891
24104,37.13546,-79.48773
24105,36.90278,-80.60127
24112,36.72378,-79.84921
24120,36.71891,-80.41277
24121,37.1709,-79.64141
24122,37.4212,-79.69372
24124,37.30996,-80.86774
24127,37.47949,-80.19468
24128,37.3426,-80.47196
24129,37.13947,-80.5918
24131,37.56836,-80.22894
24132,37.20534,-80.64707
24133,36.67563,-80.12794
24134,37.24595,-80.77901
24136,37.31927,-80.60686
24137,36.92587,-79.65456
24138,37.05052,-80.31684
24139,37.01092,-79.4752
24141,37.10105,-80.56677
24142,37.13833,-80.55084
24147,37.40178,-80.82815
24148,36.58156,-79.87231
24149,37.02277,-80.43424
24150,37.40229,-80.59694
24151,36.95827,-79.86457
24153,37.29674,-80.11609
24161,36.98132,-79.54391
24162,37.13735,-80.25828
24165,36.58368,-80.05319
24167,37.24718,-80.7345
24168,36.73613,-79.94876
24171,36.67095,-80.23835
24174,37.35087,-79.66762
24175,37.42589,-79.93788
24176,37.00937,-79.69193
24179,37.2855,-79.79963
24184,37.0881,-79.77642
24185,36.80868,-80.27557
24201,36.61059,-82.16971
24202,36.65904,-82.21564
24210,36.77231,-82.02244
24211,36.65413,-81.95643
24216,36.94237,-82.79571
24217,37.1014,-82.17783
24219,36.84831,-82.74645
24220,37.11957,-82.22641
24221,36.63398,-82.9943
24224,36.86059,-82.28322
24225,36.97543,-82.14115
24226,37.14223,-82.33384
24228,37.17047,-82.44963
24230,36.96928,-82.45449
24236,36.64408,-81.73689
24237,37.03939,-82.26424
24239,37.1136,-82.14577
24243,36.78174,-82.92083
24244,36.71075,-82.79785
24245,36.84045,-82.51598
24246,36.86609,-82.74395
24248,36.62708,-83.50767
24250,36.75752,-82.58705
24251,36.65807,-82.60582
24256,37.22344,-82.28503
24258,36.6517,-82.41199
24260,37.02291,-82.00059
24263,36.67164,-83.15079
24265,36.83811,-82.93904
24266,36.8671,-82.10523
24269,37.0803,-82.37894
24270,36.72846,-82.24693
24271,36.74712,-82.41714
24272,37.0302,-82.33401
24273,36.96142,-82.65632
24277,36.74948,-83.03037
24279,37.10383,-82.61909
24280,36.95575,-81.94167
24281,36.65051,-83.3295
24282,36.82159,-83.05533
24283,36.94155,-82.34554
24290,36.61186,-82.56688
24292,36.6147,-81.5791
24293,37.00559,-82.56458
24301,37.06319,-80.79735
24311,36.87292,-81.40161
24312,36.83117,-80.86897
24313,36.9105,-80.79805
24314,37.17166,-81.20728
24315,37.1393,-81.0534
24316,36.95277,-81.67145
24317,36.60138,-80.66876
24318,37.00047,-81.38658
24319,36.76048,-81.65778
24322,36.80534,-81.1195
24323,36.86513,-81.1997
24324,36.97461,-80.78836
24325,36.80918,-80.60608
24326,36.72771,-81.19625
24327,36.77357,-81.82971
24328,36.66185,-80.69382
24330,36.72375,-81.02471
24333,36.64057,-80.92921
24340,36.75267,-81.75891
24343,36.76612,-80.70045
24347,36.95958,-80.65598
24348,36.63897,-81.17392
24350,36.81109,-81.01757
24351,36.58081,-80.76591
24352,36.71547,-80.53437
24354,36.82159,-81.54001
24360,36.93917,-80.9023
24361,36.76672,-81.84552
24363,36.6137,-81.40084
24366,37.26426,-81.10315
24368,36.89283,-81.30003
24370,36.91345,-81.69107
24374,36.79129,-81.20178
24375,36.77128,-81.39026
24377,37.00206,-81.56961
24378,36.69126,-81.42944
24380,36.85672,-80.50183
24381,36.72453,-80.83924
24382,36.95702,-81.10652
24401,38.13257,-79.08846
24411,38.11784,-79.33052
24412,38.05774,-79.83096
24413,38.50753,-79.55925
24415,37.91099,-79.31126
24416,37.72892,-79.35534
24421,38.26389,-79.20019
24422,37.83041,-79.75128
24426,37.76589,-80.06927
24430,38.076,-79.34181
24431,38.16897,-78.83924
24432,38.17639,-79.43845
24433,38.41817,-79.46461
24435,37.86716,-79.30663
24437,38.2116,-78.933
24439,38.01151,-79.47359
24440,37.99595,-79.16574
24441,38.22823,-78.8109
24442,38.35971,-79.39028
24445,37.96615,-79.88013
24448,37.79836,-79.79002
24450,37.77883,-79.53888
24457,37.79379,-79.87014
24458,38.33066,-79.51201
24459,38.02955,-79.28621
24460,38.02237,-79.65048
24464,37.86082,-79.10398
24465,38.39611,-79.64636
24467,38.2592,-78.97249
24469,38.20099,-78.90828
24471,38.30837,-78.79645
24472,37.93833,-79.22194
24473,37.9129,-79.41052
24474,37.80504,-79.84731
24476,37.97231,-79.22
24477,38.00416,-79.04374
24479,38.15353,-79.23992
24482,38.20502,-78.99706
24483,37.81484,-79.2256
24484,38.1448,-79.82013
24485,38.27521,-79.33165
24486,38.29366,-78.92925
24487,38.20099,-79.58105
24501,37.35565,-79.15608
24502,37.35624,-79.2194
24503,37.45272,-79.24286
24504,37.36673,-79.04953
24515,37.35261,-79.17827
24517,37.14532,-79.23258
24520,36.58486,-79.03752
24521,37.63672,-79.09539
24522,37.37324,-78.78591
24523,37.3364,-79.52347
24526,37.55452,-79.40169
24527,36.7324,-79.34577
24528,37.07733,-78.8777
24529,36.62452,-78.64001
24530,36.80785,-79.61044
24531,36.83922,-79.44332
24534,36.87835,-78.76691
24536,37.48996,-79.32097
24538,37.32908,-78.95367
24539,36.85376,-78.90728
24540,36.64235,-79.42473
24541,36.59072,-79.51572
24549,36.71584,-79.50632
24550,37.23493,-79.26898
24551,37.36655,-79.3268
24553,37.54845,-78.81907
24554,37.13674,-79.06639
24555,37.6678,-79.47007
24556,37.38093,-79.4021
24557,36.9666,-79.30401
24558,36.77914,-78.95741
24562,37.70577,-78.62241
24563,37.06106,-79.27385
24565,36.85259,-79.18588
24566,36.72747,-79.25069
24569,37.0463,-79.12129
24570,37.3486,-79.4272
24571,37.13671,-79.37983
24572,37.46514,-79.09628
24574,37.57589,-79.24714
24577,36.93762,-78.97553
24578,37.66269,-79.55693
24579,37.58763,-79.50483
24580,36.58328,-78.68
24581,37.65692,-78.8098
24586,36.60776,-79.2828
24588,37.26408,-79.09997
24589,36.75528,-78.75555
24590,37.79353,-78.47767
24592,36.67808,-78.95474
24593,37.32651,-78.91342
24594,36.64217,-79.18504
24595,37.55904,-79.08421
24597,36.78553,-79.1095
24598,36.60521,-78.7828
24599,37.63289,-78.72452
24601,37.19068,-81.64049
24602,37.18383,-81.65762
24603,37.35607,-82.1914
24604,37.21088,-81.54378
24605,37.24093,-81.36123
24606,37.28814,-81.39183
24607,37.29498,-82.26533
24609,37.02955,-81.795
24612,37.09728,-81.84461
24613,37.262,-81.3385
24614,37.31466,-82.07181
24620,37.43335,-82.01932
24622,37.22005,-81.79638
24630,37.17292,-81.4782
24631,37.2202,-81.99714
24634,37.27411,-81.90253
24635,37.30683,-81.34962
24637,37.05258,-81.70981
24639,37.17357,-81.90461
24641,37.11797,-81.80802
24646,37.13751,-82.02976
24649,37.08303,-81.92198
24651,37.07732,-81.50054
24656,37.1743,-82.12364
24657,37.22363,-81.84737
24701,37.29929,-81.2065
24712,37.46903,-81.02029
24714,37.47627,-81.18352
24715,37.33408,-81.32933
24716,37.53331,-81.37337
24719,37.48722,-81.32652
24724,37.33603,-81.31579
24726,37.52084,-81.37229
24729,37.44759,-81.24699
24731,37.39733,-81.15162
24733,37.44986,-81.20094
24736,37.45045,-81.29589
24737,37.35042,-81.26055
24738,37.3032,-81.32013
24739,37.36784,-80.9949
24740,37.4042,-81.10205
24747,37.40182,-81.2273
24801,37.46841,-81.55544
24808,37.33142,-81.41048
24811,37.40881,-81.75381
24813,37.35954,-81.72489
24815,37.22036,-81.63026
24816,37.46139,-81.70516
24817,37.34206,-81.81721
24818,37.60809,-81.62275
24822,37.62908,-81.68755
24823,37.66761,-81.74105
24826,37.29212,-81.62411
24827,37.75186,-81.65997
24828,37.49975,-81.6553
24830,37.33399,-81.55799
24831,37.38943,-81.44085
24834,37.54313,-81.66093
24836,37.36846,-81.54908
24839,37.58216,-81.76504
24843,37.48378,-81.70923
24844,37.48554,-81.78703
24845,37.52643,-81.80041
24846,37.52611,-81.89175
24847,37.57339,-81.41455
24848,37.28206,-81.43413
24849,37.67435,-81.55848
24850,37.37807,-81.88516
24851,37.59922,-81.83805
24853,37.42924,-81.51686
24854,37.73997,-81.5789
24855,37.40882,-81.42499
24857,37.69591,-81.67557
24860,37.65919,-81.59075
24861,37.36182,-81.36525
24862,37.47905,-81.9489
24866,37.25216,-81.59925
24867,37.60432,-81.45261
24868,37.42412,-81.40259
24869,37.56133,-81.82315
24870,37.73784,-81.53203
24871,37.31693,-81.48552
24872,37.44986,-81.8932
24873,37.35734,-81.87415
24874,37.60201,-81.53072
24878,37.4321,-81.63086
24879,37.31639,-81.76725
24880,37.64679,-81.53187
24881,37.44435,-81.68785
24882,37.62771,-81.76623
24884,37.27943,-81.55048
24887,37.37808,-81.38664
24888,37.36195,-81.48876
24892,37.31691,-81.69699
24894,37.25186,-81.69052
24895,37.37718,-81.58208
24898,37.58752,-81.57504
24901,37.85298,-80.47598
24910,37.74173,-80.66835
24915,38.4693,-79.78668
24916,37.82735,-80.57735
24918,37.51793,-80.75461
24920,38.58918,-79.71723
24924,38.19294,-80.15174
24925,37.72919,-80.38348
24927,38.38999,-79.965
24931,37.91471,-80.59355
24934,38.32836,-79.89267
24935,37.56362,-80.80344
24938,37.92516,-80.38083
24941,37.58824,-80.3577
24943,37.83632,-80.72709
24944,38.39926,-79.77108
24945,37.54113,-80.68795
24946,38.17891,-80.2671
24951,37.48358,-80.63103
24954,38.22932,-80.07436
24957,37.88729,-80.40827
24962,37.66029,-80.72041
24963,37.43743,-80.77617
24966,38.03345,-80.35283
24970,37.73238,-80.47574
24974,37.65395,-80.44693
24976,37.66513,-80.52273
24977,37.90823,-80.67527
24981,37.63256,-80.73968
24983,37.59165,-80.51672
24984,37.48942,-80.41749
24985,37.59989,-80.68948
24986,37.91189,-80.19455
24991,38.00702,-80.48972
24993,37.66095,-80.63512
25002,38.13087,-81.25466
25003,38.25101,-81.77925
25005,38.58201,-81.26982
25007,37.8252,-81.42766
25008,37.95044,-81.35766
25009,38.19237,-81.71301
25011,38.51169,-81.8363
25015,38.24293,-81.49226
25019,38.37663,-81.08955
25021,37.91587,-81.68482
25022,37.84157,-81.79241
25024,38.15744,-81.6266
25025,38.29378,-81.4018
25028,37.95598,-81.72535
25030,38.45028,-81.22599
25031,38.14615,-81.2801
25033,38.61095,-81.92511
25035,38.16339,-81.52399
25036,38.19168,-81.26438
25039,38.24642,-81.36524
25040,38.13673,-81.24385
25043,38.44092,-80.98981
25044,37.91139,-81.32118
25045,38.45603,-81.32474
25047,37.9219,-81.76027
25048,37.95442,-81.44656
25049,38.11954,-81.57315
25051,38.15885,-81.70929
25053,38.04725,-81.87633
25054,38.12226,-81.45044
25057,38.1078,-81.23783
25059,38.25422,-81.2153
25060,37.97058,-81.47286
25061,38.1751,-81.43342
25062,37.87549,-81.44411
25063,38.57761,-80.92572
25064,38.37631,-81.74764
25067,38.20963,-81.44018
25070,38.54667,-81.93179
25071,38.47732,-81.46756
25075,38.0526,-81.42915
25076,37.86889,-81.937
25081,38.08235,-81.76875
25082,38.60861,-82.02879
25083,38.06809,-81.36118
25085,38.16762,-81.18867
25086,38.21326,-81.41238
25088,38.37963,-81.21551
25090,38.15544,-81.21655
25093,37.9653,-81.64137
25102,38.16735,-81.35192
25103,38.18207,-81.38225
25106,38.77598,-82.08237
25107,38.22427,-81.64493
25108,37.9655,-81.87289
25109,38.53097,-81.86062
25110,38.21324,-81.3264
25111,38.34841,-81.12591
25112,38.38103,-81.76633
25113,38.55741,-81.03338
25114,37.98199,-81.7986
25115,38.13065,-81.18997
25118,38.11882,-81.32294
25119,38.03362,-81.27494
25121,37.91167,-81.87787
25123,38.73172,-81.90214
25124,38.62006,-81.76536
25125,38.31554,-81.19074
25126,38.19058,-81.35382
25130,38.02776,-81.7455
25132,38.29328,-81.33441
25133,38.47976,-81.11831
25134,38.13596,-81.48553
25136,38.15864,-81.31977
25139,38.11038,-81.2874
25140,37.86738,-81.49733
25141,38.6305,-81.03592
25142,38.15001,-81.73066
25143,38.42001,-81.82414
25148,38.03511,-81.53695
25149,37.9558,-81.7745
25152,38.0411,-81.24004
25154,38.11572,-81.70249
25156,38.41181,-81.48217
25159,38.50186,-81.7806
25160,38.29884,-81.27314
25161,38.06123,-81.3189
25162,38.20712,-81.38435
25164,38.50406,-81.19373
25165,38.14907,-81.65308
25168,38.56394,-81.87733
25169,38.12788,-81.76288
25173,38.07519,-81.21898
25174,37.86115,-81.41376
25177,38.36928,-81.85021
25180,37.78961,-81.43316
25181,38.04962,-81.63476
25183,37.9074,-81.79745
25185,38.22149,-81.23587
25186,38.17113,-81.29811
25187,38.72617,-82.01878
25193,38.01672,-81.55089
25201,38.3489,-81.48645
25202,38.31593,-81.85372
25203,38.02125,-81.88162
25204,37.91546,-81.60914
25205,38.01841,-81.78926
25206,37.9596,-81.69296
25208,37.84579,-81.64282
25209,37.96271,-81.52861
25211,38.46107,-80.87932
25213,38.50776,-81.91796
25214,38.18947,-81.55127
25231,38.60464,-81.591
25234,38.81291,-81.12343
25235,38.66939,-81.08874
25239,38.84616,-81.83941
25241,38.78427,-81.80801
25243,38.67841,-81.48216
25244,38.77068,-81.54237
25245,38.69916,-81.7393
25247,39.001,-81.98987
25248,38.64255,-81.61454
25251,38.62119,-81.23173
25252,38.88345,-81.53679
25253,38.91947,-81.9669
25259,38.67465,-81.24836
25260,39.01653,-82.02465
25261,38.83027,-81.08886
25262,38.90751,-81.83219
25264,38.85547,-81.89516
25265,38.98129,-81.97356
25266,38.60224,-81.1589
25267,38.85778,-80.94187
25268,38.73969,-81.107
25270,38.88174,-81.43395
25271,38.78845,-81.68625
25275,38.92451,-81.61687
25276,38.78803,-81.33203
25285,38.54723,-81.1129
25286,38.62098,-81.39728
25287,38.96158,-82.04834
25301,38.35123,-81.62761
25302,38.39053,-81.59879
25303,38.36033,-81.68679
25304,38.30521,-81.59044
25305,38.33682,-81.61313
25306,38.31071,-81.49087
25309,38.31177,-81.75715
25311,38.36308,-81.55357
25312,38.46156,-81.656
25313,38.41547,-81.75704
25314,38.29705,-81.65463
25315,38.21032,-81.57992
25320,38.54124,-81.62706
25387,38.38523,-81.6642
25401,39.45642,-77.97267
25403,39.4842,-78.00725
25404,39.48631,-77.89782
25405,39.40892,-77.96235
25411,39.55497,-78.22004
25413,39.31632,-78.053
25414,39.25273,-77.87055
25419,39.58286,-77.88493
25420,39.38095,-78.11969
25421,39.37821,-78.16384
25422,39.55812,-78.35887
25425,39.27613,-77.79184
25427,39.52608,-78.09098
25428,39.37407,-78.02729
25430,39.34024,-77.93899
25431,39.48682,-78.57279
25432,39.29562,-77.78663
25434,39.45797,-78.45038
25437,39.4225,-78.57623
25438,39.31853,-77.86448
25442,39.37157,-77.83181
25443,39.43835,-77.81477
25444,39.43543,-78.52081
25446,39.24013,-77.95705
25501,38.16035,-81.95582
25502,38.66501,-82.11024
25503,38.60835,-82.11666
25504,38.37297,-82.26674
25505,38.01967,-82.03075
25506,38.20826,-82.18665
25507,38.39945,-82.55193
25508,37.96388,-82.01394
25510,38.38832,-82.06599
25511,38.03194,-82.35637
25512,38.17784,-82.32056
25514,38.08136,-82.51678
25515,38.75731,-82.15262
25517,38.10989,-82.45368
25520,38.55773,-82.17899
25521,38.22915,-81.98641
25523,38.27934,-82.06754
25524,38.01309,-82.11712
25526,38.3984,-81.98279
25529,38.15573,-81.8245
25530,38.35629,-82.56337
25534,38.08065,-82.27781
25535,38.30772,-82.43405
25537,38.53399,-82.26926
25540,38.15709,-82.13914
25541,38.45884,-82.12707
25544,38.23078,-82.11017
25545,38.45847,-82.22456
25547,37.92627,-81.9537
25550,38.86655,-82.0749
25555,38.23525,-82.55913
25557,38.09923,-82.16262
25559,38.32753,-82.23181
25560,38.44736,-81.89908
25564,38.26302,-81.88835
25565,38.10998,-81.96631
25567,38.21971,-81.87294
25570,38.23508,-82.41927
25571,38.2947,-82.15632
25573,38.22725,-81.94549
25601,37.86255,-82.0026
25606,37.76641,-81.82878
25607,37.78125,-81.77081
25608,37.57512,-81.89165
25611,37.6832,-81.87068
25612,37.76396,-81.98064
25617,37.74549,-81.80275
25621,37.63149,-81.89643
25624,37.90393,-81.97162
25625,37.82237,-82.09206
25628,37.7657,-81.86237
25630,37.79821,-81.6816
25632,37.76292,-81.9368
25634,37.73017,-81.82461
25635,37.71937,-81.87261
25637,37.85086,-82.02805
25638,37.74423,-82.05133
25639,37.88674,-81.95905
25644,37.70191,-82.00107
25646,37.83187,-81.89349
25647,37.786,-81.98738
25649,37.87166,-82.08489
25650,37.68358,-81.78773
25651,37.57142,-81.9662
25652,37.78702,-82.04865
25653,37.8287,-81.9944
25654,37.80302,-81.87401
25661,37.71062,-82.25377
25666,37.9203,-82.29432
25667,37.70619,-82.2738
25669,37.93186,-82.4519
25670,37.7385,-82.15588
25671,37.90411,-82.20283
25672,37.57017,-82.10044
25674,37.87114,-82.34672
25676,37.82509,-82.22972
25678,37.59564,-82.08187
25685,37.79592,-82.31426
25688,37.63952,-82.15832
25690,37.69124,-82.15505
25692,37.61804,-82.07375
25696,37.66116,-82.07154
25699,37.96297,-82.31493
25701,38.36809,-82.41127
25702,38.43825,-82.33344
25703,38.42201,-82.41827
25704,38.34969,-82.50693
25705,38.40636,-82.36276
25755,38.42359,-82.42796
25801,37.83805,-81.27017
25810,37.58355,-81.34953
25811,37.60835,-81.3065
25812,38.14048,-81.11512
25813,37.78309,-81.10001
25817,37.76393,-81.42191
25818,37.8608,-81.19252
25820,37.50812,-81.13549
25823,37.66626,-81.18231
25825,37.64736,-81.08862
25826,37.57291,-81.36565
25827,37.73869,-81.25368
25831,37.95645,-80.94037
25832,37.72637,-81.10494
25836,37.78693,-81.27804
25837,38.06041,-81.0383
25839,37.78091,-81.38228
25840,38.04001,-81.11442
25841,37.55325,-81.09061
25843,37.62129,-81.14129
25844,37.81056,-81.37022
25845,37.70291,-81.51107
25846,37.92476,-81.16628
25848,37.71427,-81.43117
25849,37.73175,-81.27799
25851,37.80177,-81.26154
25853,37.64616,-81.27827
25854,38.12629,-80.97537
25855,37.94052,-81.15296
25857,37.61443,-81.23288
25862,38.08448,-81.05192
25864,37.87948,-81.01781
25865,37.73076,-81.35212
25866,38.00883,-81.15738
25868,38.07172,-80.96461
25870,37.63931,-81.3813
25871,37.76917,-81.21165
25873,37.75136,-81.21515
25875,37.66907,-81.45956
25876,37.63677,-81.44731
25878,37.71303,-81.22464
25879,37.98048,-81.10453
25880,37.87672,-81.20095
25882,37.60359,-81.39892
25901,37.93575,-81.11242
25902,37.56301,-81.21115
25904,37.9128,-81.25213
25907,37.8593,-81.07196
25908,37.66782,-81.24434
25909,37.83687,-81.20192
25911,37.75232,-81.17848
25913,37.70781,-81.47301
25915,37.61575,-81.28691
25916,37.67818,-81.49019
25917,37.97944,-81.25021
25918,37.74575,-81.00993
25920,37.68646,-81.33661
25921,37.69181,-81.25882
25922,37.47147,-81.09966
25928,37.55481,-81.34126
25932,37.75623,-81.30282
25936,37.92917,-81.03105
25938,38.15993,-81.03447
25942,38.02691,-80.98836
25943,37.59657,-81.34914
25951,37.65535,-80.87197
25958,38.02156,-80.76077
25962,37.97044,-80.8098
25966,37.7975,-80.76729
25969,37.61657,-81.00903
25971,37.48001,-80.97821
25972,38.03576,-80.7222
25976,37.84372,-80.86221
25977,37.80819,-80.90571
25978,37.62861,-80.94138
25979,37.5126,-80.91736
25981,38.08321,-80.70274
25984,38.01409,-80.6026
25985,37.75752,-80.83044
25986,37.89395,-80.81741
25989,37.67864,-81.04594
26003,40.0693,-80.6508
26030,40.21662,-80.65965
26031,40.00236,-80.71985
26032,40.18646,-80.55024
26033,39.8284,-80.57985
26034,40.59404,-80.55258
26035,40.3482,-80.55522
26036,39.98406,-80.54339
26037,40.3344,-80.58494
26038,39.96329,-80.72595
26039,39.81641,-80.66969
26040,39.98389,-80.73104
26041,39.89764,-80.7107
26047,40.53223,-80.5837
26050,40.60108,-80.62646
26055,39.75338,-80.77396
26056,40.5211,-80.57022
26058,40.18622,-80.66453
26059,40.07156,-80.59379
26060,40.10465,-80.54649
26062,40.42189,-80.56123
26070,40.25008,-80.58037
26074,40.16889,-80.59813
26075,40.19748,-80.64567
26101,39.23394,-81.57483
26104,39.27413,-81.47779
26105,39.32949,-81.52267
26133,39.11973,-81.66968
26134,39.37686,-81.27544
26136,38.96553,-81.11478
26137,39.00647,-81.0385
26138,39.02114,-81.18155
26141,38.92925,-81.26059
26142,39.21488,-81.45431
26143,39.06338,-81.3764
26146,39.45053,-81.03601
26147,38.91368,-81.07629
26148,39.07122,-81.18088
26149,39.47429,-80.88269
26150,39.1566,-81.53697
26151,38.89493,-81.17503
26152,38.98355,-81.19308
26155,39.6333,-80.76707
26159,39.60724,-80.93216
26160,38.98066,-81.41368
26161,39.16789,-81.2526
26162,39.57231,-80.76572
26164,38.99061,-81.71949
26167,39.53454,-80.71429
26169,39.07291,-81.57121
26170,39.36136,-81.17136
26175,39.53899,-80.96577
26178,39.06001,-81.02888
26180,39.20016,-81.36699
26181,39.20707,-81.6733
26184,39.29739,-81.35086
26187,39.36711,-81.44894
26201,39.00082,-80.20249
26202,38.22657,-80.62639
26203,38.53136,-80.60149
26205,38.32078,-80.64828
26206,38.36992,-80.47848
26208,38.34781,-80.57314
26209,38.39401,-80.04434
26210,38.90315,-80.27812
26215,38.71931,-80.37915
26217,38.60837,-80.45901
26218,38.84506,-80.26798
26222,38.66123,-80.37122
26224,38.74485,-80.17474
26228,38.75437,-80.37054
26230,38.6437,-80.18881
26234,38.76618,-80.30833
26236,38.71755,-80.23088
26237,38.84769,-80.15145
26238,39.10178,-80.1584
26241,38.9163,-79.79229
26250,39.02757,-79.96198
26253,38.80772,-79.85654
26254,38.91261,-79.65341
26257,38.9226,-80.01239
26259,38.82536,-79.91528
26260,39.08923,-79.41147
26261,38.18881,-80.50454
26263,38.95705,-79.43586
26264,38.58923,-79.82277
26266,38.43411,-80.50219
26267,38.92557,-80.08069
26268,38.71457,-79.82276
26269,39.11612,-79.61617
26270,38.81229,-79.60034
26271,39.049,-79.55194
26273,38.62993,-79.963
26275,38.98313,-79.94583
26276,39.03201,-79.75659
26278,38.82572,-80.02547
26280,38.71738,-80.03775
26282,38.52022,-80.14619
26283,39.06436,-79.82088
26285,38.9102,-79.94945
26287,39.16657,-79.69057
26288,38.49664,-80.3645
26289,38.98972,-79.51268
26291,38.44109,-80.08637
26292,39.15247,-79.52916
26293,38.7824,-79.9365
26294,38.53443,-80.02309
26296,38.75425,-79.56369
26298,38.45054,-80.26552
26301,39.28629,-80.37735
26320,39.41514,-80.82614
26321,39.05461,-80.68732
26323,39.2623,-80.29057
26325,39.09749,-80.882
26327,39.12283,-80.9406
26330,39.28837,-80.22109
26335,38.85364,-80.67683
26337,39.23856,-81.16388
26338,39.08503,-80.61941
26339,39.42231,-80.60998
26342,39.0248,-80.84698
26343,38.82665,-80.39831
26346,39.29247,-81.06294
26347,39.26371,-80.1261
26348,39.46035,-80.53474
26349,39.22757,-80.11098
26351,38.92846,-80.84479
26354,39.34847,-80.02866
26361,39.36507,-80.31776
26362,39.15457,-81.05705
26366,39.38266,-80.33474
26369,39.33527,-80.33117
26372,38.95859,-80.37155
26374,39.44755,-79.88101
26376,38.77565,-80.46864
26377,39.49185,-80.64068
26378,39.12264,-80.44772
26384,38.97467,-80.7178
26385,39.15895,-80.3517
26386,39.39878,-80.40263
26404,39.34636,-80.30996
26405,39.23093,-79.89076
26408,39.20313,-80.28973
26410,39.4032,-79.82389
26411,39.18078,-80.70723
26412,38.89164,-80.59457
26415,39.29808,-80.93499
26416,39.16349,-80.02245
26419,39.58469,-80.631
26421,39.18412,-80.91607
26422,39.29797,-80.43323
26424,39.28117,-80.17272
26425,39.3116,-79.68651
26426,39.28758,-80.56313
26430,38.88475,-80.7598
26431,39.39144,-80.28085
26435,39.26743,-80.08875
26436,39.2965,-80.71683
26437,39.53147,-80.5193
26438,39.34315,-80.31631
26440,39.32947,-79.90625
26443,39.06814,-80.7554
26444,39.36861,-79.7626
26447,38.90546,-80.4854
26448,39.40595,-80.49265
26451,39.20439,-80.40352
26452,39.03286,-80.51315
26456,39.28078,-80.77354
26463,39.43174,-80.35007
26501,39.62872,-80.04025
26505,39.6511,-79.94306
26506,39.64677,-79.9701
26508,39.59941,-79.89724
26519,39.55179,-79.63212
26520,39.50105,-79.82393
26521,39.71374,-80.23065
26524,39.54075,-79.80716
26525,39.65465,-79.6184
26534,39.64748,-79.99733
26537,39.4846,-79.71189
26541,39.68179,-80.07458
26542,39.573,-79.79041
26543,39.66375,-80.00219
26544,39.71233,-80.17064
26546,39.66099,-80.03115
26547,39.5133,-79.80757
26554,39.46475,-80.11461
26559,39.52141,-80.18015
26560,39.54088,-80.14362
26562,39.63957,-80.45072
26563,39.48085,-80.27369
26568,39.42542,-80.27729
26570,39.64284,-80.23444
26571,39.51945,-80.26013
26572,39.4871,-80.31973
26574,39.55926,-80.17741
26575,39.6978,-80.43256
26576,39.49307,-80.25644
26581,39.66554,-80.56781
26582,39.53114,-80.38767
26585,39.6065,-80.42379
26586,39.52786,-80.10952
26587,39.51606,-80.29751
26588,39.5738,-80.15339
26590,39.67428,-80.31674
26591,39.45499,-80.2903
26601,38.63307,-80.6567
26610,38.47769,-80.71887
26611,38.84639,-80.83339
26615,38.83242,-80.73136
26617,38.4828,-80.82572
26619,38.77542,-80.73562
26621,38.72186,-80.56057
26623,38.6576,-80.87714
26624,38.72071,-80.80883
26627,38.75578,-80.5943
26629,38.56846,-80.70152
26631,38.79795,-80.56856
26636,38.73386,-80.96599
26638,38.77265,-80.99878
26651,38.3185,-80.87902
26656,38.24358,-81.18082
26660,38.35513,-80.70061
26662,38.25813,-80.7695
26667,38.2384,-80.99908
26671,38.31978,-80.90929
26676,38.16173,-80.65944
26678,38.16883,-80.91085
26679,38.16509,-80.7971
26680,38.08991,-80.87423
26681,38.22983,-80.71905
26684,38.16324,-80.8544
26690,38.21757,-81.12069
26691,38.39785,-80.67213
26704,39.28619,-78.59471
26705,39.32388,-79.56663
26707,39.22275,-79.39418
26710,39.30996,-78.94544
26711,39.30301,-78.47073
26714,39.17634,-78.64177
26716,39.2641,-79.51892
26717,39.34583,-79.17597
26719,39.49778,-78.7678
26720,39.27761,-79.33126
26722,39.49774,-78.63463
26726,39.40508,-78.98222
26731,39.15243,-79.06859
26739,39.21508,-79.2647
26743,39.28873,-79.07998
26750,39.47764,-79.04627
26753,39.56017,-78.79026
26755,39.15856,-78.73534
26757,39.31652,-78.75001
26761,39.27303,-78.6997
26763,39.4789,-78.69316
26764,39.45042,-79.56035
26767,39.61581,-78.75674
26801,39.05694,-78.79374
26802,38.64454,-79.18706
26804,38.63306,-79.54526
26807,38.62895,-79.36157
26808,39.19563,-78.44416
26810,38.97721,-78.74853
26812,38.88184,-78.87688
26814,38.75176,-79.46648
26815,38.48923,-79.35884
26817,39.35957,-78.39067
26818,39.07662,-79.02238
26823,39.13033,-78.51139
26833,39.08119,-79.2083
26836,39.00693,-78.96366
26838,38.80492,-79.07237
26845,39.16734,-78.96193
26847,38.95809,-79.15189
26851,39.04801,-78.62878
26852,39.2477,-78.91599
26855,38.96933,-79.25935
26865,39.19053,-78.51932
26866,38.80493,-79.2512
26884,38.84273,-79.40118
26886,38.88742,-79.40064
27006,35.94352,-80.43673
27007,36.38799,-80.59144
27009,36.23089,-80.07927
27011,36.21649,-80.69728
27012,36.00434,-80.37547
27013,35.75633,-80.70235
27014,35.8121,-80.55508
27016,36.44318,-80.2219
27017,36.38141,-80.76052
27018,36.1978,-80.52096
27019,36.28604,-80.23548
27020,36.1047,-80.81272
27021,36.31859,-80.3386
27022,36.51409,-80.21739
27023,36.09103,-80.45101
27024,36.52399,-80.84027
27025,36.3771,-79.97148
27027,36.4456,-79.98883
27028,35.92433,-80.5742
27030,36.48836,-80.63013
27040,36.16869,-80.38969
27041,36.41539,-80.48465
27042,36.34177,-80.05434
27043,36.33709,-80.44917
27045,36.23482,-80.29614
27046,36.49228,-80.09223
27047,36.31178,-80.57786
27048,36.47611,-79.91295
27050,36.23608,-80.40116
27051,36.18728,-80.16012
27052,36.32259,-80.14552
27053,36.47317,-80.34989
27054,35.79304,-80.59833
27055,36.11382,-80.63586
27101,36.11204,-80.19889
27103,36.05822,-80.32125
27104,36.09465,-80.32501
27105,36.16294,-80.23521
27106,36.14255,-80.3228
27107,36.01488,-80.17819
27109,36.13371,-80.27539
27110,36.08919,-80.225
27127,36.02028,-80.27847
27201,36.03258,-79.48418
27202,36.18565,-79.50594
27203,35.73253,-79.78857
27205,35.6399,-79.85094
27207,35.6064,-79.38893
27208,35.56246,-79.54231
27209,35.34254,-79.74936
27212,36.46207,-79.27976
27213,35.6473,-79.40454
27214,36.21407,-79.68283
27215,36.03055,-79.48729
27217,36.19221,-79.38404
27229,35.24853,-79.79873
27231,36.20455,-79.17268
27233,35.8882,-79.6988
27235,36.09734,-80.00871
27239,35.60566,-80.09024
27242,35.33645,-79.63761
27243,36.07821,-79.1945
27244,36.21402,-79.48747
27247,35.46096,-79.78784
27248,35.78916,-79.70953
27249,36.16014,-79.58134
27252,35.56033,-79.35563
27253,35.96239,-79.34581
27256,35.56058,-79.2725
27258,36.03401,-79.32623
27259,35.49149,-79.52624
27260,35.95473,-79.98697
27262,35.96191,-80.03845
27263,35.90931,-79.93829
27265,36.00947,-80.03272
27268,35.97139,-79.99471
27278,36.08673,-79.08778
27281,35.18538,-79.62689
27282,35.99656,-79.92869
27283,35.95293,-79.63621
27284,36.11818,-80.07794
27288,36.49812,-79.74587
27291,36.40173,-79.16679
27292,35.73469,-80.20845
27295,35.86756,-80.31623
27298,35.88563,-79.56816
27299,35.75131,-80.38402
27301,36.11512,-79.66755
27302,36.13749,-79.2647
27305,36.52029,-79.22553
27306,35.22098,-79.97685
27310,36.17294,-79.99159
27311,36.48137,-79.47577
27312,35.75446,-79.19648
27313,35.92892,-79.75142
27314,36.29072,-79.18594
27315,36.50613,-79.39173
27316,35.68996,-79.62366
27317,35.83809,-79.80376
27320,36.3434,-79.6599
27325,35.46236,-79.57249
27326,36.45542,-79.55867
27330,35.51624,-79.18394
27332,35.37836,-79.13599
27340,35.94557,-79.31141
27341,35.52467,-79.70014
27342,36.06641,-79.6186
27343,36.50229,-79.08892
27344,35.7289,-79.43366
27349,35.89845,-79.41202
27350,35.80631,-79.88917
27351,35.65976,-80.26786
27355,35.78859,-79.5678
27356,35.43991,-79.7982
27357,36.26844,-79.97641
27358,36.22723,-79.88124
27360,35.85684,-80.09987
27370,35.8116,-79.99133
27371,35.42489,-79.94912
27374,35.91752,-80.25777
27376,35.25607,-79.53184
27377,36.03728,-79.60221
27379,36.37653,-79.34653
27401,36.06995,-79.76724
27403,36.06406,-79.82538
27405,36.11373,-79.73463
27406,35.9982,-79.76686
27407,36.01124,-79.87588
27408,36.10321,-79.81411
27409,36.09242,-79.94431
27410,36.11826,-79.89223
27411,36.07665,-79.77157
27412,36.06903,-79.81062
27455,36.18283,-79.80794
27501,35.48684,-78.68419
27502,35.72123,-78.90828
27503,36.15832,-78.87757
27504,35.39963,-78.51863
27505,35.414,-79.00198
27506,35.40875,-78.73896
27507,36.51253,-78.55143
27508,35.95882,-78.25105
27509,36.12889,-78.77604
27510,35.91147,-79.08211
27511,35.76324,-78.78437
27513,35.80269,-78.80159
27514,35.96776,-79.04406
27516,35.91239,-79.15156
27517,35.84389,-79.03186
27518,35.72927,-78.7736
27519,35.80815,-78.88711
27520,35.61274,-78.47075
27521,35.41298,-78.65847
27522,36.10565,-78.67676
27523,35.77102,-78.95367
27524,35.39392,-78.37948
27525,36.11721,-78.46997
27526,35.54179,-78.8274
27527,35.65767,-78.38336
27529,35.65048,-78.58167
27530,35.36825,-78.07511
27531,35.34362,-77.96743
27533,35.38746,-78.03896
27534,35.37153,-77.90646
27536,36.32645,-78.40754
27537,36.35343,-78.38887
27539,35.67713,-78.81269
27540,35.6103,-78.87332
27541,36.26176,-79.0866
27542,35.61776,-78.1377
27544,36.20018,-78.44097
27545,35.78513,-78.48045
27546,35.38458,-78.86626
27549,36.10439,-78.24282
27551,36.43339,-78.05231
27553,36.48047,-78.30643
27555,35.56242,-78.20353
27556,36.39869,-78.31294
27557,35.77941,-78.2
27559,35.6299,-79.0973
27560,35.85845,-78.82544
27562,35.64157,-78.98141
27563,36.4312,-78.23343
27565,36.36203,-78.64604
27568,35.51132,-78.24299
27569,35.43306,-78.17432
27570,36.43861,-78.23662
27571,35.92151,-78.4647
27572,36.24872,-78.88045
27573,36.3978,-78.97476
27574,36.43166,-78.94147
27576,35.58297,-78.25776
27577,35.49166,-78.3446
27581,36.20155,-78.73355
27582,36.44736,-78.5691
27583,36.29723,-78.93153
27584,36.4934,-78.44601
27587,35.98098,-78.54963
27589,36.33461,-78.12819
27591,35.7859,-78.38638
27592,35.55922,-78.67164
27593,35.58579,-78.36231
27594,36.47294,-78.16622
27596,36.00906,-78.44448
27597,35.84034,-78.30303
27599,35.90394,-79.05234
27601,35.7737,-78.63453
27603,35.66408,-78.66186
27604,35.82011,-78.56369
27605,35.79046,-78.65452
27606,35.73991,-78.71833
27607,35.82145,-78.72697
27608,35.81004,-78.64815
27609,35.8437,-78.63282
27610,35.7435,-78.54644
27612,35.85034,-78.70387
27613,35.92633,-78.71183
27614,35.94739,-78.62059
27615,35.89772,-78.636
27616,35.86735,-78.53792
27617,35.90723,-78.77221
27695,35.78558,-78.679
27697,35.7788,-78.62297
27701,35.99858,-78.89872
27703,35.96299,-78.80452
27704,36.04088,-78.83007
27705,36.0259,-78.98046
27707,35.95463,-78.95451
27708,36.00009,-78.94305
27709,35.91441,-78.86666
27712,36.09606,-78.90481
27713,35.88401,-78.936
27801,35.91209,-77.73656
27803,35.89627,-77.85407
27804,35.98958,-77.84778
27805,36.20863,-77.08861
27806,35.29713,-76.76264
27807,35.80915,-78.0917
27808,35.47228,-76.76494
27809,36.01932,-77.74085
27810,35.58637,-76.49706
27812,35.80506,-77.37616
27813,35.63083,-77.93587
27814,35.37987,-76.93513
27815,35.92473,-77.69304
27816,36.10732,-78.07245
27817,35.4506,-77.0825
27818,36.50275,-77.01394
27819,35.81412,-77.45731
27820,36.4154,-77.24431
27821,35.3237,-76.87392
27822,35.80402,-77.83868
27823,36.20616,-77.71685
27824,35.55688,-76.02105
27825,35.83527,-77.17152
27826,35.58988,-76.2521
27827,35.69823,-77.51224
27828,35.58509,-77.58519
27829,35.69272,-77.61215
27830,35.55557,-77.95224
27831,36.45614,-77.56574
27832,36.51262,-77.72178
27834,35.6571,-77.37981
27837,35.51606,-77.20892
27839,36.28818,-77.55009
27840,35.9343,-77.23186
27841,35.90859,-77.27632
27842,36.52458,-77.85593
27843,35.99332,-77.39509
27844,36.24555,-77.94945
27845,36.37403,-77.43331
27846,35.76519,-76.89191
27847,36.18597,-77.20738
27849,36.06796,-77.20675
27850,36.40202,-77.88141
27851,35.63965,-78.02739
27852,35.75288,-77.63581
27853,36.51716,-77.30488
27855,36.42171,-77.08432
27856,36.00998,-77.98151
27857,35.96968,-77.27198
27858,35.53229,-77.29709
27860,35.67693,-76.65001
27861,35.81716,-77.31899
27862,36.49264,-77.18906
27863,35.48739,-77.96993
27864,35.8075,-77.64789
27865,35.60588,-76.83244
27866,36.51832,-77.51577
27869,36.26631,-77.31665
27870,36.43053,-77.71828
27871,35.81355,-77.26306
27872,36.20096,-77.24601
27873,35.65331,-77.77606
27874,36.12874,-77.41037
27875,35.45623,-76.48532
27876,36.48015,-77.40065
27877,36.51883,-77.19219
27878,35.86606,-77.83062
27879,35.57456,-77.27968
27880,35.73656,-78.08912
27881,35.9702,-77.44228
27882,35.94222,-78.11825
27883,35.59141,-77.80095
27884,35.70771,-77.27176
27885,35.44429,-76.23125
27886,35.90369,-77.52248
27888,35.59589,-77.70448
27889,35.58909,-77.02386
27890,36.41505,-77.59194
27891,36.09968,-77.74103
27892,35.81844,-77.06434
27893,35.69351,-77.90458
27896,35.79303,-77.97399
27897,36.3246,-77.20969
27909,36.29548,-76.28394
27910,36.27996,-76.99281
27915,35.40794,-75.49465
27916,36.32933,-75.91996
27917,36.36071,-75.99071
27919,36.31178,-76.50293
27920,35.25109,-75.54755
27921,36.3446,-76.15512
27922,36.32118,-76.84837
27923,36.38852,-75.93562
27924,36.17835,-76.83822
27925,35.84336,-76.18349
27926,36.51687,-76.60288
27927,36.4131,-75.8497
27928,35.80857,-76.43579
27929,36.42407,-76.02534
27932,36.10223,-76.59414
27935,36.43026,-76.85962
27936,35.24224,-75.60547
27937,36.50453,-76.77726
27938,36.38422,-76.71628
27939,36.23528,-75.87689
27941,36.09147,-75.81678
27942,36.28785,-76.7597
27943,35.21432,-75.69363
27944,36.17908,-76.41446
27946,36.35901,-76.59648
27947,36.20278,-75.86922
27948,36.01761,-75.68663
27949,36.10814,-75.73112
27950,36.52599,-76.00081
27953,35.79298,-75.8685
27954,35.91056,-75.68202
27956,36.39999,-76.00115
27957,36.05577,-76.76293
27958,36.48971,-76.15378
27959,35.88566,-75.59641
27960,35.12593,-75.92165
27962,35.78437,-76.75026
27964,36.10074,-75.80438
27965,36.28404,-75.92681
27966,36.13325,-75.83833
27967,36.22232,-76.90838
27968,35.68549,-75.49195
27969,36.4633,-76.80259
27970,35.87596,-76.57945
27972,35.55427,-75.46986
27973,36.36448,-76.07058
27974,36.23941,-76.00264
27976,36.48185,-76.34005
27978,35.66438,-75.76959
27979,36.44072,-76.56243
27980,36.24292,-76.62161
27981,35.85602,-75.64041
27982,35.5635,-75.46466
27983,35.98198,-76.94704
27985,36.22085,-76.46928
27986,36.3891,-76.92816
28001,35.33594,-80.20419
28006,35.40664,-81.0926
28007,35.12169,-80.13052
28009,35.40826,-80.10743
28012,35.21054,-81.04077
28016,35.31729,-81.28737
28017,35.24708,-81.67059
28018,35.48458,-81.79393
28019,35.28395,-81.79396
28020,35.52408,-81.64328
28021,35.39952,-81.41035
28023,35.56922,-80.60321
28024,35.24347,-81.77066
28025,35.38095,-80.52719
28027,35.40879,-80.67524
28031,35.47539,-80.89344
28032,35.23354,-81.07925
28033,35.42005,-81.3239
28034,35.35323,-81.18016
28036,35.48586,-80.79375
28037,35.5064,-81.01712
28039,35.6803,-80.43626
28040,35.38738,-81.74762
28041,35.58747,-80.46249
28042,35.42334,-81.50747
28043,35.31301,-81.86971
28052,35.22492,-81.23266
28054,35.26128,-81.15072
28056,35.21768,-81.12503
28071,35.51859,-80.32175
28072,35.61326,-80.44241
28073,35.19776,-81.48126
28074,35.23933,-81.8783
28075,35.30192,-80.63929
28076,35.25904,-81.79074
28077,35.40413,-81.20284
28078,35.40545,-80.86633
28079,35.1132,-80.60183
28080,35.45269,-81.10995
28081,35.50199,-80.67024
28083,35.49108,-80.58092
28086,35.24381,-81.37028
28088,35.54437,-80.61463
28089,35.3202,-81.66067
28090,35.45987,-81.55957
28091,34.98628,-79.93171
28092,35.48404,-81.25391
28097,35.29675,-80.39327
28098,35.27057,-81.09749
28101,35.25703,-81.07572
28102,34.81482,-79.97663
28103,35.0037,-80.35316
28104,35.06017,-80.69666
28105,35.11914,-80.71116
28107,35.24992,-80.52115
28108,34.93411,-80.67975
28109,35.48609,-80.28628
28110,35.06552,-80.52781
28112,34.89355,-80.54113
28114,35.23,-81.74814
28115,35.58001,-80.77477
28117,35.57405,-80.89658
28119,34.85112,-80.01492
28120,35.33305,-81.02692
28124,35.40136,-80.40406
28125,35.66061,-80.69949
28127,35.44978,-80.16552
28128,35.21476,-80.15862
28129,35.23224,-80.32737
28133,34.93468,-80.26239
28134,35.08364,-80.89125
28135,35.03547,-80.21412
28136,35.4206,-81.64241
28137,35.50009,-80.25783
28138,35.52121,-80.44193
28139,35.34736,-81.99702
28144,35.70645,-80.46341
28146,35.62194,-80.39563
28147,35.67997,-80.56275
28150,35.34712,-81.57502
28152,35.24188,-81.59289
28159,35.69411,-80.43528
28160,35.36064,-81.92234
28163,35.20702,-80.4285
28164,35.39091,-81.03846
28166,35.68025,-80.87528
28167,35.5062,-81.95986
28168,35.55452,-81.42228
28169,35.36036,-81.42935
28170,34.99263,-80.09259
28173,34.91532,-80.73021
28174,34.96959,-80.4382
28202,35.22773,-80.8447
28203,35.20832,-80.8577
28204,35.21469,-80.82677
28205,35.22019,-80.78737
28206,35.25631,-80.82144
28207,35.19512,-80.82606
28208,35.23153,-80.90611
28209,35.17878,-80.85418
28210,35.12969,-80.8548
28211,35.16816,-80.79604
28212,35.1896,-80.74519
28213,35.28459,-80.73339
28214,35.27177,-80.96847
28215,35.24854,-80.69571
28216,35.31039,-80.8883
28217,35.17146,-80.9077
28223,35.30824,-80.73282
28226,35.10767,-80.81837
28227,35.18851,-80.6507
28244,35.2246,-80.8431
28262,35.32609,-80.74234
28269,35.33747,-80.8026
28270,35.10963,-80.76005
28273,35.12624,-80.94469
28274,35.18909,-80.83384
28277,35.05212,-80.81622
28278,35.13063,-81.00753
28280,35.22633,-80.84309
28282,35.22481,-80.84529
28301,35.07442,-78.88376
28303,35.0852,-78.95815
28304,35.02498,-78.99072
28305,35.05321,-78.90687
28306,34.9582,-78.89487
28307,35.14154,-78.99447
28308,35.17206,-79.0149
28310,35.12946,-79.0523
28311,35.17033,-78.88223
28312,34.94713,-78.73225
28314,35.0557,-79.01678
28315,35.1122,-79.44452
28318,35.0176,-78.61665
28320,34.55378,-78.77456
28323,35.31192,-78.83842
28325,35.15335,-78.10425
28326,35.27938,-79.16989
28327,35.35759,-79.42333
28328,35.00504,-78.33513
28330,34.91077,-79.82332
28331,35.19883,-78.64944
28332,34.65808,-78.70971
28333,35.28292,-78.01239
28334,35.2681,-78.57051
28337,34.66094,-78.57733
28338,35.09644,-79.75506
28339,35.31409,-78.72115
28340,34.47136,-79.1403
28341,35.11919,-78.17577
28342,35.18949,-78.6499
28343,34.76454,-79.58129
28344,35.16506,-78.63139
28345,34.87464,-79.6716
28347,35.04652,-79.56203
28348,34.92691,-78.91313
28349,34.98206,-77.92033
28350,35.2488,-79.32064
28351,34.84098,-79.56102
28352,34.76762,-79.45321
28355,35.39053,-79.19514
28356,35.23092,-78.79113
28357,34.90606,-79.08688
28358,34.60527,-78.94097
28359,34.58686,-79.05475
28360,34.67588,-79.07582
28362,34.36961,-79.12882
28363,34.95772,-79.53384
28364,34.71447,-79.32759
28365,35.17807,-78.05827
28366,35.22974,-78.36317
28367,35.16982,-79.72325
28368,35.36942,-79.11331
28369,34.42184,-79.02901
28371,34.9079,-78.99018
28372,34.69991,-79.1786
28373,35.09079,-79.48522
28374,35.19705,-79.46009
28375,34.47723,-79.04337
28376,35.052,-79.23342
28377,34.83526,-79.21282
28378,34.85872,-79.0506
28379,34.93073,-79.78252
28382,34.97546,-78.50561
28383,34.57553,-79.26856
28384,34.79687,-78.95035
28385,35.04461,-78.50012
28386,34.85889,-79.12984
28387,35.18059,-79.37566
28390,35.21783,-78.95488
28391,35.03045,-78.70009
28392,34.73467,-78.79465
28393,34.98205,-78.18895
28394,35.21652,-79.23777
28395,35.13643,-78.73855
28396,34.93948,-79.40971
28398,34.99307,-78.07143
28399,34.77885,-78.72953
28401,34.29053,-77.97053
28403,34.22177,-77.87902
28405,34.26388,-77.86743
28409,34.15244,-77.86477
28411,34.3015,-77.79307
28412,34.13306,-77.9191
28420,34.07831,-78.46087
28421,34.52183,-78.17802
28422,34.05192,-78.20147
28423,34.27782,-78.40483
28424,34.29032,-78.69971
28425,34.5591,-77.90253
28428,34.03831,-77.90682
28429,34.34171,-77.9011
28430,34.28419,-78.93333
28431,34.31661,-78.84397
28432,34.17018,-78.75795
28433,34.48979,-78.62598
28434,34.47154,-78.47479
28435,34.41007,-78.11508
28436,34.26703,-78.27552
28438,34.4166,-78.92221
28439,34.29411,-79.00947
28441,34.79047,-78.4355
28442,34.31023,-78.60106
28443,34.46211,-77.67312
28444,34.6885,-78.31798
28445,34.54199,-77.54019
28447,34.59953,-78.25848
28448,34.49078,-78.31933
28449,33.98151,-77.92748
28450,34.29689,-78.51425
28451,34.2327,-78.11503
28452,34.0031,-78.55068
28453,34.88283,-78.06805
28454,34.6703,-77.65393
28455,34.11045,-78.62865
28456,34.37678,-78.29228
28457,34.45608,-77.86618
28458,34.81886,-78.07895
28460,34.52569,-77.41873
28461,33.96607,-78.03874
28462,34.0,-78.30497
28463,34.10213,-78.78001
28464,34.77661,-78.01854
28465,33.91227,-78.09913
28466,34.73219,-77.8954
28467,33.91968,-78.58434
28468,33.90333,-78.52295
28469,33.93271,-78.47159
28470,33.96415,-78.3987
28472,34.29707,-78.68452
28478,34.64217,-78.04255
28479,34.09488,-78.01496
28480,34.21679,-77.79957
28501,35.23838,-77.52658
28504,35.22755,-77.63566
28508,35.09684,-77.82789
28509,35.14524,-76.80662
28510,35.00516,-76.81171
28511,34.89959,-76.35195
28512,34.69857,-76.77505
28513,35.44276,-77.3897
28515,35.19285,-76.70263
28516,34.84827,-76.61128
28518,34.89678,-77.75569
28519,35.1268,-77.01477
28520,34.95613,-76.44484
28521,34.82136,-77.73684
28523,35.20662,-77.29541
28524,34.78893,-76.47452
28525,35.1241,-77.68987
28526,35.24439,-77.40447
28527,35.26396,-77.01568
28528,34.73695,-76.5396
28529,35.12237,-76.86848
28530,35.372,-77.41579
28531,34.70015,-76.56116
28532,34.88857,-76.90872
28533,34.90167,-76.89955
28537,35.25558,-76.55912
28538,35.41769,-77.56366
28539,34.6891,-77.23615
28540,34.74361,-77.49833
28542,34.72992,-77.46198
28543,34.73263,-77.39825
28544,34.70853,-77.31562
28546,34.83461,-77.38818
28547,34.62518,-77.36307
28551,35.32204,-77.78087
28552,35.29281,-76.54382
28553,34.73217,-76.51335
28554,35.47569,-77.5926
28555,34.86982,-77.24543
28556,35.12233,-76.66904
28557,34.74064,-76.74566
28560,35.13354,-76.97575
28562,35.08105,-77.12486
28570,34.78123,-76.88003
28571,35.05679,-76.72311
28572,35.02256,-77.72637
28573,34.97997,-77.19794
28574,34.87716,-77.59212
28575,34.68833,-76.88129
28577,34.91494,-76.40769
28578,35.20017,-77.86332
28579,34.80411,-76.50422
28580,35.45116,-77.68053
28581,34.84992,-76.43341
28582,34.7613,-77.14507
28584,34.72632,-77.10002
28585,35.05264,-77.41497
28586,35.31884,-77.16602
28587,35.18714,-76.66783
28589,34.79343,-76.49398
28590,35.52046,-77.41651
28594,34.66486,-77.02918
28601,35.7729,-81.32704
28602,35.67574,-81.38459
28604,36.17701,-81.84745
28605,36.13454,-81.70218
28606,36.05346,-81.31413
28607,36.21547,-81.64427
28609,35.67608,-81.05314
28610,35.73103,-81.13837
28611,36.00608,-81.73699
28612,35.6641,-81.53619
28613,35.73978,-81.20897
28615,36.46407,-81.65368
28616,36.02138,-81.93021
28617,36.48433,-81.38264
28618,36.20888,-81.51291
28619,35.76013,-81.60674
28621,36.30863,-80.83612
28622,36.19492,-81.94899
28623,36.53088,-80.97185
28624,36.11971,-81.41327
28625,35.86487,-80.88709
28626,36.29256,-81.50119
28627,36.4528,-81.01294
28628,35.72914,-81.77826
28629,36.34196,-81.36423
28630,35.82771,-81.41998
28631,36.55218,-81.40994
28634,35.97052,-80.75528
28635,36.33297,-81.12603
28636,35.94241,-81.06589
28637,35.71768,-81.41939
28638,35.84411,-81.47701
28640,36.40385,-81.40751
28641,35.97902,-81.89684
28642,36.22433,-80.81628
28643,36.52982,-81.53486
28644,36.43134,-81.26758
28645,35.97778,-81.54371
28646,36.08261,-81.83811
28649,36.33198,-81.20326
28650,35.57347,-81.15668
28651,36.27241,-81.28496
28652,36.08969,-81.98656
28653,36.06615,-81.90072
28654,36.06338,-81.15003
28655,35.75578,-81.74212
28657,36.02833,-81.93977
28658,35.63557,-81.24222
28659,36.16647,-81.07913
28660,35.9689,-80.85785
28662,36.02237,-81.89171
28663,36.53477,-81.30063
28664,36.04249,-82.00596
28665,36.20969,-81.37392
28666,35.71864,-81.47057
28667,35.77423,-81.42793
28668,36.40698,-80.99024
28669,36.22538,-80.99443
28670,36.19508,-80.92282
28671,35.7502,-81.52668
28672,36.48381,-81.32735
28673,35.60704,-80.99817
28675,36.50642,-81.13546
28676,36.3283,-80.85722
28677,35.73743,-80.92272
28678,35.83586,-81.06151
28679,36.25962,-81.84207
28681,35.92185,-81.22151
28682,35.5838,-80.96369
28683,36.38835,-80.91219
28684,36.33541,-81.6163
28685,36.34729,-81.04097
28689,36.04319,-80.93345
28690,35.73237,-81.5739
28692,36.28023,-81.79259
28693,36.46622,-81.55434
28694,36.36197,-81.47465
28697,36.13666,-81.16317
28698,36.344,-81.73604
28701,35.70558,-82.64096
28702,35.39346,-83.62906
28704,35.46305,-82.57142
28705,36.04349,-82.1573
28707,35.39873,-83.0662
28708,35.27105,-82.85979
28709,35.76321,-82.40428
28710,35.45683,-82.27971
28711,35.59666,-82.28767
28712,35.17324,-82.76711
28713,35.3697,-83.50559
28714,35.87739,-82.30714
28715,35.51247,-82.71196
28716,35.4358,-82.86126
28717,35.07131,-83.09458
28718,35.16614,-82.63108
28719,35.53223,-83.47056
28720,35.42766,-82.25145
28721,35.63378,-82.93081
28722,35.23408,-82.12794
28723,35.27776,-83.12195
28725,35.37631,-83.26411
28726,35.282,-82.41752
28729,35.31961,-82.60283
28730,35.52792,-82.37588
28731,35.28905,-82.37796
28732,35.44667,-82.46577
28733,35.43536,-83.78403
28734,35.1825,-83.42599
28735,35.47544,-82.3485
28736,35.18039,-83.0838
28739,35.2719,-82.5419
28740,36.04118,-82.30287
28741,35.06614,-83.21053
28742,35.39486,-82.65436
28743,35.80869,-82.90114
28745,35.52524,-82.97152
28746,35.461,-82.16779
28747,35.15185,-82.9249
28748,35.65492,-82.76032
28749,35.84098,-82.09797
28751,35.50547,-83.11955
28752,35.71124,-82.03631
28753,35.87181,-82.7002
28754,35.87696,-82.51441
28755,35.90825,-82.21756
28756,35.34256,-82.18219
28757,35.64781,-82.30006
28758,35.37489,-82.49569
28759,35.38348,-82.58431
28761,35.69134,-81.90714
28762,35.63517,-82.18929
28763,35.03796,-83.43215
28766,35.24945,-82.61923
28768,35.30437,-82.70925
28770,35.62104,-82.2782
28771,35.34245,-83.8567
28772,35.13927,-82.83709
28773,35.25246,-82.31166
28774,35.08976,-82.99791
28775,35.01916,-83.32186
28777,35.90833,-82.06617
28778,35.61667,-82.40768
28779,35.3558,-83.20962
28781,35.21417,-83.63877
28782,35.23569,-82.1519
28783,35.24906,-83.02
28785,35.64632,-83.08952
28786,35.46272,-82.99294
28787,35.72795,-82.52306
28788,35.35044,-83.22266
28789,35.4077,-83.31727
28790,35.20036,-82.49507
28791,35.35674,-82.508
28792,35.39289,-82.36786
28801,35.59441,-82.55785
28803,35.52949,-82.52007
28804,35.64814,-82.5612
28805,35.61528,-82.47923
28806,35.57154,-82.61386
28901,35.20127,-83.80506
28902,35.02503,-83.9571
28904,35.06185,-83.73041
28905,35.1631,-83.9409
28906,35.11873,-84.13343
28909,35.00125,-83.90319
29001,33.78528,-80.17338
29003,33.24135,-81.01838
29006,33.87673,-81.55294
29009,34.44097,-80.37642
29010,34.21487,-80.26946
29014,34.54368,-81.13553
29015,34.4412,-81.33807
29016,34.20367,-80.99296
29018,33.34619,-80.64373
29020,34.31036,-80.59334
29030,33.57917,-80.65441
29031,34.60624,-81.42665
29032,34.34002,-80.44374
29033,33.9552,-81.05691
29036,34.13396,-81.33622
29037,34.18961,-81.86868
29038,33.37494,-80.98095
29039,33.41855,-80.90556
29040,34.06253,-80.43455
29042,33.30735,-81.14723
29044,33.93437,-80.69446
29045,34.18389,-80.8141
29046,34.11252,-80.16131
29047,33.53218,-80.57956
29048,33.39057,-80.29702
29051,33.8669,-80.12231
29052,33.81036,-80.73832
29053,33.82734,-81.08646
29054,33.94834,-81.37875
29055,34.57248,-80.91753
29056,33.60798,-79.99473
29058,34.56297,-80.73473
29059,33.32853,-80.41891
29061,33.89923,-80.84955
29062,33.99818,-80.60785
29063,34.13948,-81.20457
29065,34.29495,-81.29239
29067,34.54976,-80.53268
29069,34.18798,-80.09654
29070,33.91742,-81.45517
29072,33.9985,-81.27098
29073,33.89299,-81.23774
29074,34.4512,-80.8144
29075,34.19985,-81.37581
29078,34.18162,-80.6994
29079,34.289,-80.11318
29080,34.01525,-80.08374
29081,33.09161,-81.0426
29082,33.04012,-80.93868
29101,34.47798,-80.24038
29102,33.6437,-80.19225
29104,33.99524,-80.21373
29105,33.80764,-81.59047
29107,33.52348,-81.11856
29108,34.29805,-81.62433
29111,33.78648,-80.01433
29112,33.62662,-81.0837
29113,33.43514,-81.13173
29114,33.95436,-79.93537
29115,33.47673,-80.84758
29117,33.49828,-80.85
29118,33.57056,-80.89501
29122,34.24015,-81.32532
29123,33.76563,-81.25844
29125,33.70165,-80.47434
29126,34.32195,-81.41932
29127,34.16568,-81.51192
29128,34.0963,-80.53268
29129,33.79236,-81.66823
29130,34.32757,-80.89205
29133,33.35726,-80.80698
29135,33.68834,-80.7875
29137,33.59626,-81.32226
29138,34.04491,-81.77152
29142,33.46491,-80.52329
29145,34.21905,-81.77453
29146,33.50816,-81.29812
29148,33.53731,-80.34386
29150,33.87621,-80.35609
29152,33.97517,-80.47019
29153,33.96515,-80.30675
29154,33.88515,-80.47547
29160,33.74358,-81.04188
29161,34.10532,-79.94143
29162,33.88751,-80.00865
29163,33.42019,-80.43918
29164,33.65699,-81.42586
29166,33.90102,-81.71304
29168,33.84848,-80.54483
29169,33.9967,-81.09676
29170,33.93929,-81.14487
29172,33.90603,-81.07264
29175,34.44266,-80.60666
29177,34.1405,-81.2675
29178,34.4992,-81.5961
29180,34.36472,-81.09821
29201,33.98381,-81.02829
29203,34.10198,-81.04009
29204,34.02938,-81.00008
29205,33.99001,-80.99661
29206,34.02848,-80.95828
29207,34.04306,-80.84208
29208,33.99751,-81.02681
29209,33.92442,-80.95284
29210,34.04764,-81.10697
29212,34.0777,-81.2022
29223,34.09243,-80.92153
29225,33.99538,-81.03006
29229,34.14697,-80.89316
29301,34.93516,-82.01301
29302,34.89399,-81.84151
29303,34.99424,-81.96883
29306,34.89338,-81.92177
29307,34.98381,-81.83146
29316,35.04179,-81.9766
29320,34.95847,-81.9922
29321,34.71975,-81.74151
29322,35.12254,-82.13157
29323,35.12911,-81.90902
29324,34.98944,-81.82523
29325,34.47682,-81.83973
29329,34.99262,-81.83682
29330,35.05362,-81.80463
29331,34.64351,-81.85836
29332,34.28329,-81.97292
29333,34.97092,-81.91069
29334,34.90372,-82.12526
29335,34.65714,-81.90035
29338,35.13444,-82.00172
29340,34.98225,-81.59427
29341,35.1184,-81.71321
29346,34.94524,-81.83627
29349,35.07045,-82.0688
29351,34.42177,-81.80967
29353,34.83064,-81.65636
29355,34.37012,-81.75894
29356,35.14411,-82.26187
29360,34.49361,-82.04884
29364,34.78846,-81.46202
29365,34.98079,-82.16869
29368,35.08262,-81.86281
29369,34.86535,-82.02207
29370,34.37315,-81.96816
29372,34.9059,-81.70878
29373,34.92442,-81.74276
29374,34.7861,-81.84854
29375,34.86049,-82.11386
29376,34.81564,-81.94921
29377,34.93036,-82.0971
29378,34.96684,-81.96857
29379,34.68772,-81.60403
29384,34.33976,-82.0904
29385,34.97623,-82.1024
29388,34.76292,-82.04299
29401,32.77868,-79.9354
29403,32.80347,-79.94561
29404,32.89783,-80.05246
29405,32.85207,-79.97903
29406,32.93417,-80.03083
29407,32.79912,-79.99872
29409,32.79662,-79.96072
29410,32.93258,-80.0056
29412,32.70979,-79.95115
29414,32.84479,-80.10756
29418,32.88896,-80.0644
29420,32.93202,-80.09938
29424,32.78494,-79.93778
29425,32.78516,-79.94828
29426,32.79275,-80.37023
29429,32.98699,-79.68011
29431,33.27708,-79.87711
29432,33.2294,-80.81428
29434,33.14027,-79.8453
29435,32.9526,-80.4672
29436,33.31658,-80.18457
29437,33.13673,-80.42319
29438,32.5722,-80.31893
29439,32.66636,-79.92902
29440,33.38229,-79.32908
29445,32.9976,-79.98757
29446,32.6281,-80.54028
29448,33.24062,-80.44639
29449,32.70183,-80.28038
29450,33.08731,-79.77164
29451,32.81633,-79.75266
29452,32.6997,-80.46998
29453,33.21984,-79.61269
29455,32.68581,-80.08604
29456,32.98433,-80.11206
29458,33.11922,-79.4872
29461,33.17009,-80.00773
29464,32.82082,-79.85583
29466,32.87486,-79.78785
29468,33.42624,-80.06856
29469,33.24366,-80.13106
29470,32.81904,-80.23855
29471,33.18714,-80.66955
29472,33.05379,-80.31928
29474,32.90833,-80.52448
29475,32.96687,-80.8189
29477,33.16626,-80.57176
29479,33.3808,-79.89499
29481,33.11382,-80.80301
29482,32.76845,-79.83556
29483,33.03126,-80.23205
29485,32.94398,-80.19362
29486,33.10744,-80.1458
29487,32.65691,-80.18476
29488,32.90664,-80.67458
29492,32.91657,-79.87818
29493,33.04536,-80.84276
29501,34.20414,-79.82654
29505,34.12348,-79.68974
29506,34.2103,-79.64432
29510,33.45326,-79.61068
29511,33.97519,-79.11043
29512,34.62733,-79.71091
29516,34.44323,-79.62414
29518,33.7892,-79.84851
29519,34.01622,-79.36048
29520,34.68083,-79.92601
29525,34.5722,-79.53327
29526,33.86696,-78.9718
29527,33.78271,-79.14715
29530,33.98984,-79.74222
29532,34.28421,-79.85119
29536,34.41911,-79.37241
29540,34.38903,-79.85028
29541,34.0653,-79.74087
29543,34.28759,-79.26591
29544,34.00067,-79.21083
29545,34.16175,-78.96635
29546,33.89001,-79.35151
29547,34.48684,-79.33243
29550,34.39309,-80.07595
29554,33.69879,-79.38816
29555,33.83864,-79.46191
29556,33.66849,-79.76403
29560,33.83535,-79.74747
29563,34.35301,-79.2044
29564,33.47686,-79.85522
29565,34.35841,-79.50457
29566,33.8821,-78.65906
29567,34.55325,-79.42649
29568,33.90815,-78.75455
29569,34.0326,-78.90359
29570,34.67495,-79.5624
29571,34.138,-79.42205
29572,33.76798,-78.79279
29574,34.17134,-79.26695
29575,33.628,-78.97369
29576,33.56952,-79.05076
29577,33.69711,-78.90495
29579,33.76052,-78.91463
29580,33.65827,-79.56164
29581,34.19864,-79.11295
29582,33.83423,-78.66049
29583,33.9724,-79.57045
29584,34.5764,-80.05419
29585,33.50537,-79.13557
29588,33.67112,-79.02574
29589,34.10037,-79.32015
29590,33.55892,-79.84784
29591,33.93894,-79.759
29592,34.26941,-79.47704
29593,34.49462,-79.85429
29594,34.64017,-79.57728
29596,34.74456,-79.83978
29601,34.84744,-82.40257
29605,34.77693,-82.38064
29607,34.80952,-82.33193
29609,34.91209,-82.38928
29611,34.83137,-82.45965
29613,34.9257,-82.4384
29614,34.87386,-82.36302
29615,34.85591,-82.29553
29617,34.91262,-82.4666
29620,34.1813,-82.42804
29621,34.50598,-82.60328
29624,34.43778,-82.62553
29625,34.55577,-82.76294
29626,34.46004,-82.76057
29627,34.51807,-82.47861
29628,34.09253,-82.55821
29630,34.73882,-82.79646
29631,34.68133,-82.81716
29634,34.67517,-82.83978
29635,35.07754,-82.63152
29638,34.36087,-82.3346
29639,34.31402,-82.4205
29640,34.88706,-82.57725
29642,34.77487,-82.56538
29643,34.50506,-82.97441
29644,34.66864,-82.19714
29645,34.59453,-82.12375
29646,34.13995,-82.15032
29649,34.24354,-82.13825
29650,34.89805,-82.25826
29651,34.94653,-82.22649
29653,34.30028,-82.23173
29654,34.46621,-82.36354
29655,34.267,-82.64032
29657,34.76713,-82.68941
29658,34.76191,-83.29858
29659,34.21167,-82.64535
29661,35.06706,-82.53852
29662,34.77837,-82.30557
29664,34.86393,-83.15991
29665,34.72399,-82.91413
29666,34.12345,-81.99121
29667,34.76446,-82.75655
29669,34.6405,-82.41495
29670,34.64191,-82.72455
29671,34.94071,-82.72057
29672,34.75036,-82.94257
29673,34.71901,-82.455
29676,34.93326,-82.96006
29678,34.63365,-82.93991
29680,34.69011,-82.29073
29681,34.76988,-82.22218
29682,34.83295,-82.84701
29683,35.03032,-82.49306
29684,34.3791,-82.72722
29685,34.98297,-82.84727
29686,34.92858,-83.04541
29687,34.9855,-82.32833
29689,34.53624,-82.87658
29690,35.06008,-82.42136
29691,34.78547,-83.07669
29692,34.42142,-82.22208
29693,34.65641,-83.15284
29696,34.77458,-83.00771
29697,34.62887,-82.54786
29702,35.11674,-81.47884
29704,34.82293,-80.91592
29706,34.71773,-81.23055
29707,34.98148,-80.85669
29708,35.04655,-80.98604
29709,34.71882,-80.09752
29710,35.10598,-81.22209
29712,34.79439,-80.98398
29714,34.71171,-80.9145
29715,35.01028,-80.92752
29717,34.95119,-81.44304
29718,34.6291,-80.35469
29720,34.74265,-80.73684
29724,34.77503,-81.01248
29726,34.85738,-81.23223
29727,34.71566,-80.2684
29728,34.76831,-80.40445
29729,34.67716,-81.00528
29730,34.8878,-81.02116
29732,34.96979,-81.07963
29733,34.93945,-81.03173
29741,34.72511,-80.20138
29742,34.86939,-81.38155
29743,35.02865,-81.40772
29745,34.99549,-81.21573
29801,33.58675,-81.69701
29803,33.45889,-81.70076
29805,33.6495,-81.61044
29809,33.41653,-81.6889
29810,32.99358,-81.3798
29812,33.21185,-81.37911
29816,33.50105,-81.87164
29817,33.36989,-81.27096
29819,34.04764,-82.22632
29821,33.64242,-82.11667
29824,33.81647,-81.99666
29826,33.383,-81.36697
29827,32.96951,-81.24542
29828,33.52299,-81.82891
29829,33.57715,-81.85537
29831,33.33657,-81.84293
29832,33.83922,-81.80656
29834,33.5178,-81.84216
29835,33.91779,-82.29559
29836,33.09046,-81.50026
29838,33.73452,-82.1667
29840,33.99797,-82.52749
29841,33.52508,-81.93954
29842,33.44559,-81.8645
29843,33.18385,-81.18218
29844,33.78528,-82.2142
29845,33.8231,-82.20788
29847,33.69941,-81.84878
29848,33.99616,-82.18304
29849,33.10168,-81.23641
29851,33.51098,-81.81597
29853,33.39871,-81.43217
29856,33.48365,-81.51276
29860,33.60667,-81.97776
29899,33.92801,-82.25064
29902,32.37426,-80.69438
29904,32.47899,-80.72198
29905,32.35383,-80.69537
29906,32.44521,-80.75159
29907,32.45326,-80.60926
29909,32.34042,-80.85465
29910,32.2204,-80.88277
29911,32.9327,-81.14536
29912,32.58262,-80.93102
29915,32.11464,-80.86892
29916,32.72863,-80.95708
29918,32.74461,-81.24899
29920,32.36441,-80.54946
29921,32.68664,-81.18011
29922,32.59632,-81.27407
29923,32.84821,-81.23856
29924,32.87737,-81.10749
29926,32.22936,-80.74931
29927,32.24343,-81.04971
29928,32.16214,-80.76274
29929,32.93805,-80.9434
29932,32.82529,-81.34853
29934,32.59651,-81.11245
29935,32.38277,-80.6963
29936,32.48475,-80.96766
29939,32.68127,-81.24538
29940,32.5524,-80.67511
29941,32.54357,-80.81509
29943,32.4821,-81.14952
29944,32.79129,-81.03409
29945,32.68694,-80.80912
30002,33.77309,-84.26093
30004,34.14352,-84.29926
30005,34.08582,-84.22158
30008,33.8966,-84.58847
30009,34.07711,-84.3029
30011,34.02281,-83.8364
30012,33.71739,-83.99913
30013,33.643,-83.97147
30014,33.58109,-83.8191
30016,33.51836,-83.93073
30017,33.88939,-83.96348
30018,33.71737,-83.80034
30019,33.97642,-83.88252
30021,33.80803,-84.23909
30022,34.02745,-84.24643
30024,34.06341,-84.09116
30025,33.65689,-83.69869
30028,34.28928,-84.17985
30030,33.7721,-84.29135
30032,33.73987,-84.2641
30033,33.81342,-84.28355
30034,33.69198,-84.24835
30035,33.72563,-84.20541
30038,33.67078,-84.14209
30039,33.79871,-84.03414
30040,34.21622,-84.17978
30041,34.20166,-84.09371
30043,34.00353,-84.00703
30044,33.92207,-84.06924
30045,33.93046,-83.93019
30046,33.9497,-83.99389
30047,33.87104,-84.11304
30052,33.81654,-83.89538
30054,33.67651,-83.87558
30055,33.49055,-83.74224
30056,33.49496,-83.65068
30058,33.7377,-84.10779
30060,33.9209,-84.543
30062,33.99977,-84.46899
30064,33.93809,-84.61691
30066,34.034,-84.50798
30067,33.93286,-84.46187
30068,33.96887,-84.43273
30070,33.5733,-83.89546
30071,33.93977,-84.20561
30072,33.79115,-84.20598
30075,34.05282,-84.38739
30076,34.02777,-84.31723
30078,33.86118,-84.01795
30079,33.79173,-84.25839
30080,33.87864,-84.5053
30082,33.85517,-84.5373
30083,33.79641,-84.19231
30084,33.85457,-84.21657
30087,33.81087,-84.13135
30088,33.75959,-84.17918
30090,33.953,-84.54837
30092,33.97145,-84.23537
30093,33.90879,-84.17839
30094,33.61243,-84.0555
30096,33.97691,-84.14791
30097,34.0271,-84.14702
30101,34.04355,-84.71244
30102,34.10857,-84.64622
30103,34.36457,-84.92014
30104,34.0879,-85.06982
30105,34.47012,-85.15532
30106,33.83476,-84.62947
30107,34.3352,-84.34744
30108,33.53172,-85.26242
30110,33.74071,-85.137
30111,33.8318,-84.65499
30113,33.8531,-85.20967
30114,34.24433,-84.5393
30115,34.21296,-84.40138
30116,33.55224,-85.01298
30117,33.58113,-85.13197
30118,33.57288,-85.09938
30120,34.16639,-84.85597
30121,34.21073,-84.77802
30122,33.76329,-84.6386
30124,34.12872,-85.35589
30125,34.00067,-85.27331
30126,33.81588,-84.55171
30127,33.87647,-84.69648
30132,33.99042,-84.85279
30134,33.77436,-84.78241
30135,33.67285,-84.74523
30137,34.11657,-84.7657
30139,34.43346,-84.70575
30141,33.86244,-84.77521
30143,34.46198,-84.42385
30144,34.03672,-84.59174
30145,34.24177,-84.98076
30147,34.13751,-85.21877
30148,34.46009,-84.2648
30149,34.31107,-85.21691
30152,33.99435,-84.6474
30153,33.96678,-85.05425
30157,33.88641,-84.8731
30161,34.23758,-85.17319
30165,34.30279,-85.27233
30168,33.78354,-84.58765
30170,33.43065,-85.16821
30171,34.36122,-84.73584
30173,34.13541,-85.14217
30175,34.54239,-84.52793
30176,33.76972,-85.30398
30177,34.40705,-84.37401
30178,34.09709,-84.97051
30179,33.78088,-85.01961
30180,33.72018,-84.91956
30182,33.65603,-85.24628
30183,34.33854,-84.59762
30184,34.26042,-84.71603
30185,33.51975,-84.90879
30187,33.65736,-84.85454
30188,34.11873,-84.45526
30189,34.12835,-84.57148
30204,33.05844,-84.12343
30205,33.26911,-84.46634
30206,33.09671,-84.46303
30213,33.59113,-84.6333
30214,33.49222,-84.48697
30215,33.3888,-84.45709
30216,33.23951,-83.88162
30217,33.28671,-85.13309
30218,33.12706,-84.58093
30220,33.22849,-84.82463
30222,33.04113,-84.74294
30223,33.28635,-84.28012
30224,33.20411,-84.23587
30228,33.40374,-84.30575
30229,33.22791,-84.57033
30230,33.16699,-84.92071
30233,33.29492,-83.97501
30234,33.33001,-84.02617
30236,33.52157,-84.32405
30238,33.4949,-84.38181
30240,33.03757,-85.12222
30241,33.02115,-84.95285
30248,33.34975,-84.10838
30250,33.43473,-84.30603
30251,33.18871,-84.69983
30252,33.47206,-84.06416
30253,33.45028,-84.18579
30256,33.01654,-84.31515
30257,33.14218,-84.18606
30258,32.99278,-84.47024
30259,33.26522,-84.74073
30260,33.5862,-84.33046
30263,33.38852,-84.85911
30265,33.41649,-84.70749
30268,33.54357,-84.72262
30269,33.39375,-84.56974
30272,33.62313,-84.50175
30273,33.58365,-84.27208
30274,33.55583,-84.40091
30275,33.43066,-84.86798
30276,33.26552,-84.582
30277,33.37962,-84.64767
30281,33.56338,-84.1961
30284,33.34032,-84.28858
30285,32.98647,-84.25255
30286,32.88078,-84.33334
30288,33.65502,-84.32813
30289,33.32358,-84.63368
30290,33.47675,-84.58804
30291,33.57569,-84.5408
30292,33.17207,-84.39438
30293,32.97581,-84.59612
30294,33.6371,-84.26289
30295,33.09319,-84.31819
30296,33.56351,-84.44254
30297,33.61511,-84.37145
30303,33.75284,-84.39028
30305,33.83518,-84.38931
30306,33.78867,-84.35136
30307,33.77053,-84.33419
30308,33.77094,-84.37773
30309,33.798,-84.38774
30310,33.72695,-84.42726
30311,33.72345,-84.47442
30312,33.74463,-84.37577
30313,33.76369,-84.39761
30314,33.75787,-84.43193
30315,33.70312,-84.38272
30316,33.71277,-84.33218
30317,33.74913,-84.31537
30318,33.79235,-84.44831
30319,33.87875,-84.33596
30322,33.7948,-84.32539
30324,33.8196,-84.3572
30326,33.84957,-84.36342
30327,33.86708,-84.42358
30328,33.93194,-84.38617
30329,33.82625,-84.32282
30331,33.70627,-84.54439
30332,33.77757,-84.40429
30334,33.74855,-84.38804
30336,33.73718,-84.56768
30337,33.64019,-84.44962
30338,33.9437,-84.31801
30339,33.86786,-84.46483
30340,33.89808,-84.25113
30341,33.88711,-84.28992
30342,33.88227,-84.37429
30344,33.67508,-84.46029
30345,33.85082,-84.28317
30346,33.92425,-84.33881
30349,33.62346,-84.52591
30350,33.97881,-84.33366
30354,33.66058,-84.38609
30360,33.93198,-84.27302
30363,33.79147,-84.39887
30401,32.604,-82.34825
30410,32.18655,-82.51767
30411,32.1254,-82.79362
30412,32.07973,-82.48643
30413,32.88467,-82.51393
30414,32.15618,-81.98522
30415,32.32773,-81.6008
30417,32.16953,-81.91978
30420,32.30363,-82.12958
30421,32.18401,-82.11096
30423,32.14601,-81.82301
30425,32.64732,-82.02337
30426,33.03546,-81.65159
30427,31.92271,-81.96622
30428,32.21706,-82.71436
30429,32.15897,-81.93714
30434,33.02867,-82.3727
30436,32.1494,-82.29026
30439,32.4169,-82.07112
30441,32.81467,-82.23682
30442,32.81677,-81.97549
30445,32.16715,-82.58413
30446,32.5599,-81.46734
30448,32.48754,-82.36444
30449,32.52254,-81.52987
30450,32.55964,-81.93322
30451,32.39325,-81.95622
30452,32.31706,-81.89417
30453,32.01926,-82.11899
30454,32.43857,-82.73421
30455,32.70111,-81.80652
30456,32.98137,-81.79246
30457,32.39852,-82.56498
30458,32.39732,-81.82694
30460,32.42718,-81.78272
30461,32.5072,-81.71941
30464,32.43509,-82.22186
30467,32.75114,-81.60468
30470,32.33018,-82.51818
30471,32.53816,-82.18563
30473,32.01613,-82.47198
30474,32.22393,-82.41381
30477,32.86279,-82.3979
30501,34.31844,-83.81636
30504,34.26639,-83.88751
30506,34.34918,-83.89486
30507,34.26082,-83.76622
30510,34.44194,-83.58446
30511,34.45674,-83.47474
30512,34.85667,-83.97204
30513,34.82469,-84.31891
30516,34.37535,-83.03748
30517,34.13047,-83.7975
30518,34.132,-84.02578
30519,34.08792,-83.9423
30520,34.33833,-83.08661
30521,34.36202,-83.29355
30522,34.78351,-84.34233
30523,34.72012,-83.54166
30525,34.91289,-83.35853
30527,34.47948,-83.7863
30528,34.6083,-83.77589
30529,34.2155,-83.482
30530,34.22691,-83.38433
30531,34.51017,-83.59103
30533,34.57344,-84.01576
30534,34.43085,-84.1439
30535,34.58063,-83.57652
30536,34.65151,-84.35223
30537,34.97855,-83.32975
30538,34.5035,-83.26888
30539,34.68061,-84.47016
30540,34.72313,-84.54421
30541,34.91164,-84.53482
30542,34.17846,-83.90915
30543,34.29781,-83.64971
30545,34.74208,-83.75813
30546,34.90673,-83.71016
30547,34.35737,-83.46095
30548,34.09311,-83.7646
30549,34.10731,-83.57684
30552,34.76965,-83.44575
30553,34.44473,-83.08771
30554,34.40093,-83.65926
30555,34.97216,-84.42459
30557,34.48143,-83.18484
30558,34.2683,-83.56787
30559,34.95233,-84.26612
30560,34.87785,-84.19528
30562,34.91937,-83.38177
30563,34.5596,-83.46283
30564,34.47251,-83.8826
30565,34.08802,-83.41203
30566,34.23747,-83.89477
30567,34.18326,-83.6814
30568,34.95348,-83.41218
30571,34.71219,-83.68322
30572,34.73539,-84.07364
30573,34.74242,-83.39986
30575,34.20353,-83.71556
30576,34.82682,-83.44539
30577,34.55549,-83.32632
30581,34.80195,-83.42405
30582,34.9494,-83.89869
30597,34.52762,-83.98462
30598,34.59663,-83.35411
30601,34.00032,-83.34851
30602,33.94252,-83.37256
30605,33.90551,-83.32405
30606,33.93873,-83.43305
30607,34.01895,-83.44774
30609,33.93289,-83.37223
30619,33.85752,-83.2403
30620,33.92917,-83.75958
30621,33.80194,-83.4791
30622,33.92041,-83.53076
30623,33.73113,-83.51592
30624,34.18097,-83.03885
30625,33.52128,-83.34211
30627,33.98264,-82.96265
30628,34.03115,-83.21364
30629,34.07779,-83.11625
30630,33.89894,-83.14366
30631,33.56553,-82.87034
30633,34.17896,-83.24612
30634,34.20307,-82.94522
30635,34.10346,-82.80145
30639,34.28283,-83.15232
30641,33.77872,-83.56456
30642,33.5446,-83.1832
30643,34.36464,-82.91143
30646,34.08011,-83.31254
30648,33.87577,-83.03319
30650,33.5907,-83.46693
30655,33.78214,-83.69072
30656,33.86302,-83.71903
30660,33.78237,-82.94369
30662,34.26383,-83.14624
30663,33.61572,-83.60357
30664,33.55786,-82.79904
30665,33.53707,-83.07475
30666,33.95891,-83.58266
30667,33.78526,-83.16634
30668,33.90835,-82.69486
30669,33.67159,-83.11187
30673,33.72716,-82.71594
30677,33.7929,-83.38186
30678,33.44626,-83.07598
30680,33.99725,-83.69743
30683,33.94703,-83.25775
30701,34.49535,-84.95385
30705,34.74711,-84.74929
30707,34.77943,-85.36028
30708,34.93985,-84.66754
30710,34.95002,-84.91993
30711,34.92905,-84.76259
30720,34.73472,-85.00289
30721,34.79168,-84.91187
30724,34.8253,-84.75795
30725,34.92443,-85.35359
30726,34.97579,-85.13959
30728,34.68015,-85.23417
30730,34.36017,-85.42172
30731,34.58317,-85.47894
30733,34.41574,-85.04349
30734,34.53361,-84.71346
30735,34.60183,-84.89375
30736,34.90244,-85.13306
30738,34.79534,-85.47846
30739,34.80345,-85.21515
30740,34.75407,-85.07786
30741,34.95168,-85.28213
30742,34.93566,-85.24482
30746,34.59214,-85.03285
30747,34.50179,-85.29407
30750,34.93681,-85.3882
30751,34.98212,-84.73743
30752,34.91136,-85.53079
30753,34.57896,-85.28806
30755,34.86944,-85.04072
30756,34.90103,-84.97458
30757,34.94164,-85.4324
30802,33.60215,-82.31832
30803,33.13878,-82.55013
30805,33.28012,-82.19936
30807,33.45517,-82.64777
30808,33.38234,-82.40237
30809,33.55522,-82.16357
30810,33.23247,-82.58849
30812,33.36731,-82.0291
30813,33.47037,-82.2193
30814,33.43604,-82.31879
30815,33.2869,-82.0829
30816,33.1639,-82.17061
30817,33.7746,-82.43469
30818,33.26765,-82.32646
30820,33.22457,-82.71989
30821,33.48502,-82.73121
30822,32.91866,-81.94439
30823,33.222,-82.45647
30824,33.51586,-82.51467
30828,33.37281,-82.65351
30830,33.08204,-81.9751
30833,33.18934,-82.36014
30901,33.43811,-81.95327
30904,33.47864,-82.01315
30905,33.4087,-82.15073
30906,33.34842,-81.97239
30907,33.52193,-82.08596
30909,33.47068,-82.08376
30912,33.47021,-81.98789
31001,31.97595,-83.33979
31002,32.54802,-82.59012
31003,32.59688,-83.22299
31004,32.95167,-83.80536
31005,32.54533,-83.59497
31006,32.58164,-84.25531
31007,32.18917,-83.93377
31008,32.65479,-83.78287
31009,32.27636,-83.00564
31011,32.13315,-83.0556
31012,32.39422,-83.17717
31014,32.41439,-83.34504
31015,31.93729,-83.77444
31016,32.83656,-84.11477
31017,32.62075,-83.23305
31018,32.97888,-82.62012
31019,32.42622,-83.0534
31020,32.65376,-83.501
31021,32.49002,-82.93435
31022,32.51216,-83.10954
31023,32.18288,-83.1991
31024,33.32344,-83.36987
31025,32.33833,-83.73876
31027,32.57405,-82.81959
31028,32.63164,-83.68459
31029,33.03894,-83.92977
31030,32.56861,-83.89103
31031,32.87424,-83.32555
31032,33.01039,-83.57292
31033,33.07661,-83.43643
31034,33.05473,-83.22538
31035,32.84601,-82.7062
31036,32.27055,-83.49597
31037,32.12056,-82.93245
31038,33.15554,-83.61644
31039,32.6024,-84.38036
31041,32.37905,-84.1721
31042,32.74421,-83.16964
31044,32.66857,-83.37612
31045,33.28484,-82.78933
31046,33.05237,-83.78302
31047,32.46786,-83.58009
31049,32.68281,-82.52634
31050,32.72924,-83.94096
31051,32.14456,-83.87812
31052,32.7743,-83.84664
31054,32.88214,-83.20723
31055,31.98248,-82.89046
31057,32.43319,-83.94324
31058,32.4911,-84.41273
31060,31.98333,-83.05673
31061,33.06041,-83.22816
31062,33.04336,-83.21563
31063,32.29249,-83.9648
31064,33.29031,-83.69986
31065,32.56301,-83.16642
31066,32.80757,-83.98953
31067,32.85229,-82.96471
31068,32.33226,-84.10704
31069,32.4406,-83.74373
31070,32.18801,-83.78669
31071,32.13325,-83.52255
31072,31.96582,-83.56619
31075,32.35428,-82.95277
31076,32.54709,-84.10762
31077,31.93489,-83.17727
31078,32.6987,-84.06456
31079,31.94104,-83.46303
31081,32.40824,-84.27725
31082,32.992,-82.89815
31083,32.04473,-82.81957
31085,33.42557,-83.631
31087,33.26609,-83.00712
31088,32.58587,-83.65528
31089,32.85239,-82.86361
31090,32.79599,-83.0512
31091,32.23653,-83.69966
31092,32.08984,-83.78304
31093,32.64815,-83.65688
31094,33.11378,-82.79892
31096,32.71875,-82.70636
31097,32.89947,-84.15554
31098,32.61898,-83.57357
31201,32.81433,-83.61846
31204,32.84996,-83.67609
31206,32.79383,-83.6832
31207,32.82859,-83.64928
31210,32.90486,-83.7356
31211,32.90665,-83.60435
31213,32.84009,-83.63937
31216,32.72885,-83.67914
31217,32.84506,-83.50568
31220,32.87813,-83.8209
31301,31.7581,-81.60386
31302,32.12567,-81.34134
31303,32.49631,-81.30616
31305,31.39057,-81.39054
31307,32.17979,-81.3967
31308,32.1758,-81.48024
31309,31.88382,-81.44358
31312,32.3211,-81.40126
31313,31.83534,-81.6183
31314,31.90628,-81.61671
31315,31.88768,-81.60598
31316,31.7183,-81.73457
31318,32.13575,-81.37566
31320,31.76707,-81.36231
31321,32.18185,-81.66472
31322,32.10265,-81.25626
31323,31.67359,-81.45304
31324,31.85707,-81.26951
31326,32.29653,-81.22824
31327,31.44909,-81.25132
31328,32.01046,-80.89009
31329,32.4251,-81.34314
31331,31.5159,-81.42042
31333,31.76786,-81.62758
31401,32.06831,-81.09252
31404,32.05064,-81.05367
31405,32.0392,-81.17352
31406,31.97783,-81.08517
31407,32.18232,-81.19942
31408,32.11164,-81.18158
31409,32.0106,-81.15539
31410,32.01821,-80.99215
31411,31.94002,-81.03511
31415,32.0802,-81.126
31419,31.98479,-81.23867
31421,32.08712,-81.08016
31501,31.22693,-82.34852
31503,31.17687,-82.40173
31510,31.54729,-82.43992
31512,31.54535,-83.01255
31513,31.77792,-82.34622
31516,31.30946,-82.2565
31518,31.51272,-82.18325
31519,31.67641,-82.86946
31520,31.17745,-81.48729
31522,31.23595,-81.35528
31523,31.21113,-81.61519
31524,31.24098,-81.47449
31525,31.3114,-81.5229
31527,31.07155,-81.42225
31532,31.72462,-82.74889
31533,31.55021,-82.8287
31535,31.45841,-82.86504
31537,30.89223,-82.12492
31539,31.82393,-82.60658
31542,31.1528,-82.12166
31543,31.34455,-81.82697
31544,31.83802,-82.95561
31545,31.64867,-81.9405
31546,31.52521,-81.8113
31547,30.79096,-81.53443
31548,30.7953,-81.71043
31549,31.94503,-82.70922
31550,31.13924,-82.59575
31551,31.49223,-82.27322
31552,31.29144,-82.5996
31553,31.17307,-81.98026
31554,31.48265,-82.61861
31555,31.70275,-82.06647
31556,31.40508,-82.1152
31557,31.3745,-82.09711
31558,30.80173,-81.51606
31560,31.50312,-82.02896
31561,31.20199,-81.3373
31562,30.47778,-82.10755
31563,31.73653,-82.18288
31564,31.24872,-82.47093
31565,31.06868,-81.64783
31566,31.18357,-81.8084
31567,31.63011,-82.70705
31568,31.00975,-81.82218
31569,30.90167,-81.68249
31599,31.56333,-81.90271
31601,30.74772,-83.33968
31602,30.86734,-83.34269
31605,30.93334,-83.23482
31606,30.7963,-83.18647
31620,31.11861,-83.43731
31622,31.37446,-83.2023
31623,31.07137,-82.644
31624,31.29911,-82.72612
31625,30.9918,-83.52556
31626,30.77609,-83.80208
31627,31.03923,-83.39238
31629,30.82051,-83.68809
31630,30.92354,-82.85667
31631,30.71119,-82.64657
31632,30.9876,-83.36006
31634,31.02867,-82.7321
31635,31.103,-83.04317
31636,30.7337,-83.1096
31637,31.293,-83.44092
31638,30.90627,-83.51589
31639,31.21239,-83.19248
31641,30.93182,-83.09672
31642,31.25989,-82.88273
31643,30.77061,-83.55859
31645,31.06245,-83.21846
31647,31.21033,-83.43158
31648,30.70834,-83.00838
31649,30.94349,-83.00781
31650,31.38327,-83.02761
31698,30.84749,-83.29051
31699,30.96666,-83.19237
31701,31.57376,-84.15508
31704,31.551,-84.05634
31705,31.51169,-84.05333
31707,31.58736,-84.20689
31709,32.05071,-84.14011
31711,32.18766,-84.12258
31712,31.8215,-83.72806
31714,31.71075,-83.67496
31716,31.36512,-84.11445
31719,32.08261,-84.29768
31720,30.87986,-83.72297
31721,31.5087,-84.30331
31722,31.05492,-83.61559
31727,31.41778,-83.3874
31730,31.20749,-84.28438
31733,31.59293,-83.48599
31735,31.97195,-83.96446
31738,31.01133,-83.87502
31743,31.90089,-84.00604
31744,31.33709,-83.90646
31747,31.1753,-83.58736
31749,31.42128,-83.3315
31750,31.73391,-83.21752
31753,31.20044,-83.87287
31756,31.17558,-83.96224
31757,30.87291,-83.89945
31763,31.73889,-84.14711
31764,31.9772,-84.08135
31765,31.09514,-84.0346
31768,31.19329,-83.84047
31771,31.24332,-83.64775
31772,31.72213,-83.96504
31773,30.97795,-84.04624
31774,31.56102,-83.27125
31775,31.33418,-83.60366
31778,30.9754,-83.70931
31779,31.10032,-84.19117
31780,32.02898,-84.39024
31781,31.56062,-83.79316
31783,31.76416,-83.4738
31784,31.25671,-84.0431
31787,31.89994,-84.24947
31788,31.10891,-83.68099
31789,31.47858,-83.73257
31790,31.64823,-83.5693
31791,31.53383,-83.87833
31792,30.77079,-84.04238
31793,31.46104,-83.58386
31794,31.44418,-83.45151
31795,31.47611,-83.67633
31796,31.77351,-83.87659
31798,31.64117,-83.04333
31801,32.51765,-84.5906
31803,32.30501,-84.51682
31804,32.66199,-84.88402
31805,32.26621,-84.74612
31806,32.26147,-84.30043
31807,32.64054,-84.80142
31808,32.63545,-85.00707
31810,32.56775,-84.53236
31811,32.74522,-84.93327
31812,32.63173,-84.42019
31814,32.20531,-84.8614
31815,32.04117,-84.85407
31816,32.8762,-84.60169
31820,32.57576,-84.82947
31821,32.14048,-84.97083
31822,32.86708,-84.91107
31823,32.80061,-84.81377
31824,32.05687,-84.5229
31825,32.1081,-84.6693
31826,32.79526,-84.70292
31827,32.69821,-84.49847
31829,32.56681,-84.72787
31830,32.8951,-84.72689
31831,32.66486,-84.70701
31832,31.95501,-84.61709
31833,32.84963,-85.09202
31836,32.79189,-84.54891
31901,32.46461,-84.97986
31903,32.41484,-84.95321
31904,32.55189,-85.00009
31905,32.37304,-84.84331
31906,32.46815,-84.94963
31907,32.48388,-84.89976
31909,32.54517,-84.92385
32003,30.09813,-81.71255
32008,29.90351,-82.90311
32009,30.42078,-81.97252
32011,30.56985,-81.83975
32013,30.19366,-83.29116
32024,30.0793,-82.72597
32025,30.11266,-82.57072
32033,29.78851,-81.44263
32034,30.624,-81.49392
32038,29.93617,-82.69924
32040,30.24696,-82.23531
32043,29.92991,-81.74304
32044,29.85344,-82.16425
32046,30.70253,-81.91718
32052,30.48683,-82.94499
32053,30.56417,-83.1519
32054,30.0281,-82.39143
32055,30.27031,-82.62507
32058,30.07988,-82.10743
32059,30.38672,-83.27066
32060,30.27554,-83.04935
32061,30.08311,-82.51666
32062,30.13276,-82.9754
32063,30.27045,-82.11974
32064,30.28907,-83.02375
32065,30.15613,-81.81762
32066,30.04423,-83.22495
32068,30.08218,-81.88245
32071,30.04097,-82.945
32073,30.16766,-81.74069
32079,29.97814,-81.80563
32080,29.82453,-81.27412
32081,30.12143,-81.42089
32082,30.12488,-81.36577
32083,30.09074,-82.23222
32084,29.91412,-81.36417
32086,29.75656,-81.30282
32087,30.36999,-82.29741
32091,29.93205,-82.11324
32092,29.92849,-81.52209
32094,30.19797,-82.82767
32095,30.01693,-81.40927
32096,30.43678,-82.7011
32097,30.65851,-81.64478
32102,29.1359,-81.52544
32110,29.44456,-81.36131
32112,29.42664,-81.55649
32113,29.39836,-82.08127
32114,29.19312,-81.04915
32117,29.23351,-81.06727
32118,29.21035,-81.00425
32119,29.16001,-81.02707
32124,29.15802,-81.15732
32127,29.10866,-80.97907
32128,29.09773,-81.07467
32129,29.13721,-81.02381
32130,29.15704,-81.34501
32131,29.67803,-81.56785
32132,28.97731,-80.92345
32133,29.01061,-81.92036
32134,29.37177,-81.82562
32136,29.45252,-81.14025
32137,29.58057,-81.22455
32139,29.37693,-81.61431
32140,29.76274,-81.86306
32141,28.92322,-80.90196
32145,29.67899,-81.41973
32147,29.63157,-81.79577
32148,29.60088,-81.88191
32157,29.46296,-81.58165
32159,28.92456,-81.90528
32162,28.91629,-81.99374
32163,28.81878,-81.98663
32164,29.48316,-81.2174
32168,28.98214,-81.03721
32169,28.97934,-80.87386
32174,29.28928,-81.16446
32176,29.33216,-81.06327
32177,29.69011,-81.70565
32179,29.09631,-81.89686
32180,29.23437,-81.44521
32181,29.50658,-81.60126
32182,29.50926,-81.94113
32187,29.57827,-81.55392
32189,29.54991,-81.64819
32190,29.33289,-81.49056
32192,29.35005,-82.11109
32193,29.47605,-81.6647
32195,28.9854,-81.89814
32202,30.32505,-81.64786
32203,30.33702,-81.67129
32204,30.31636,-81.68095
32205,30.30275,-81.72257
32206,30.35069,-81.63865
32207,30.29,-81.64018
32208,30.39351,-81.68245
32209,30.36141,-81.69573
32210,30.26491,-81.74746
32211,30.33276,-81.58428
32212,30.21916,-81.67869
32214,30.20749,-81.68334
32216,30.27891,-81.58305
32217,30.2394,-81.62722
32218,30.48673,-81.66959
32219,30.41815,-81.81367
32220,30.33693,-81.85335
32221,30.26043,-81.86764
32222,30.21651,-81.8293
32223,30.1549,-81.64821
32224,30.26815,-81.4642
32225,30.35768,-81.50592
32226,30.46444,-81.50999
32227,30.38792,-81.40571
32228,30.39158,-81.40022
32233,30.35943,-81.42098
32234,30.20784,-82.01096
32244,30.2171,-81.75384
32246,30.29422,-81.51782
32250,30.27846,-81.41035
32254,30.34164,-81.73549
32256,30.1929,-81.50309
32257,30.19515,-81.6123
32258,30.13874,-81.54941
32259,30.07109,-81.6029
32266,30.31648,-81.41177
32277,30.3728,-81.59465
32301,30.42701,-84.25799
32303,30.51237,-84.34386
32304,30.45346,-84.35314
32305,30.3337,-84.26977
32306,30.44227,-84.29455
32307,30.42173,-84.28686
32308,30.4781,-84.21968
32309,30.57174,-84.10128
32310,30.39924,-84.50694
32311,30.39647,-84.16843
32312,30.60421,-84.23996
32313,30.44168,-84.30287
32317,30.46746,-84.11442
32320,29.74232,-85.06938
32321,30.26196,-84.9891
32322,29.89948,-84.62327
32323,29.89185,-84.6122
32324,30.65635,-84.79126
32327,30.18705,-84.30472
32328,29.8463,-84.90991
32330,30.57859,-84.74799
32331,30.45851,-83.6294
32332,30.61168,-84.6657
32333,30.60677,-84.41249
32334,30.2612,-84.75835
32336,30.26371,-83.86319
32337,30.48307,-84.02104
32340,30.45651,-83.42667
32343,30.48515,-84.47652
32344,30.44645,-83.91902
32346,29.97919,-84.38387
32347,30.14416,-83.64268
32348,29.94808,-83.56762
32350,30.58662,-83.32242
32351,30.52358,-84.68362
32352,30.6499,-84.58535
32355,30.1695,-84.21002
32356,29.85387,-83.40018
32358,30.09535,-84.54468
32359,29.66181,-83.37047
32360,30.36506,-84.81238
32361,30.35765,-83.98865
32399,30.40162,-84.24426
32401,30.14477,-85.67448
32403,30.05337,-85.55679
32404,30.19075,-85.51122
32405,30.20002,-85.66869
32407,30.20276,-85.7912
32408,30.1593,-85.75324
32409,30.33447,-85.70516
32410,29.94805,-85.41812
32413,30.30975,-85.88745
32420,30.63637,-85.38123
32421,30.52973,-85.19308
32423,30.94496,-85.06073
32424,30.38901,-85.08232
32425,30.85538,-85.72225
32426,30.94861,-85.36714
32427,30.71587,-85.79311
32428,30.61797,-85.57154
32430,30.41872,-85.22562
32431,30.78609,-85.40982
32432,30.71415,-85.07727
32433,30.84848,-86.19822
32435,30.65367,-86.11597
32437,30.43315,-85.90694
32438,30.51251,-85.41744
32439,30.49082,-86.12933
32440,30.92025,-85.52588
32442,30.68531,-85.00829
32443,30.86586,-85.11695
32444,30.23854,-85.65185
32445,30.96924,-85.19504
32446,30.84493,-85.23017
32448,30.66663,-85.21616
32449,30.27611,-85.20607
32455,30.63831,-85.96395
32456,29.84586,-85.3188
32459,30.36527,-86.18429
32460,30.77565,-84.94949
32461,30.30905,-86.03508
32462,30.55753,-85.83241
32463,30.6279,-85.58728
32464,30.89687,-85.95592
32465,30.00239,-85.18615
32466,30.38618,-85.464
32501,30.42826,-87.22277
32502,30.40928,-87.22636
32503,30.46022,-87.21372
32504,30.48495,-87.19093
32505,30.45575,-87.26082
32506,30.39152,-87.37167
32507,30.34035,-87.37706
32508,30.35614,-87.29866
32509,30.47096,-87.34115
32511,30.4064,-87.29129
32512,30.399,-87.29925
32514,30.53209,-87.22235
32526,30.49824,-87.36543
32530,30.5926,-87.02344
32531,30.88513,-86.696
32533,30.61329,-87.32561
32534,30.53276,-87.28374
32535,30.96515,-87.34673
32536,30.75399,-86.59491
32539,30.78128,-86.46646
32541,30.39666,-86.47486
32542,30.58743,-86.59296
32544,30.42801,-86.70441
32547,30.46649,-86.65513
32548,30.4094,-86.6494
32550,30.38541,-86.34438
32561,30.35165,-87.10906
32563,30.38782,-87.0331
32564,30.72755,-86.7875
32565,30.89241,-87.14071
32566,30.4253,-86.8843
32567,30.92207,-86.43396
32568,30.87085,-87.46792
32569,30.40666,-86.72962
32570,30.80022,-86.98158
32571,30.67162,-87.20004
32577,30.73453,-87.37471
32578,30.50871,-86.4535
32579,30.44553,-86.57401
32580,30.50337,-86.50942
32583,30.60084,-86.97513
32601,29.64886,-82.32506
32603,29.65305,-82.35054
32605,29.67659,-82.37351
32606,29.68169,-82.44391
32607,29.64524,-82.41923
32608,29.59271,-82.3935
32609,29.76296,-82.27978
32610,29.64077,-82.34326
32612,29.64469,-82.35307
32615,29.81706,-82.49065
32616,29.78205,-82.49933
32617,29.30659,-82.07553
32618,29.53789,-82.52295
32619,29.75661,-82.86668
32621,29.426,-82.62936
32622,29.89914,-82.31216
32625,29.23005,-82.98331
32626,29.42146,-82.89464
32628,29.65471,-83.16247
32631,29.71719,-82.10225
32634,29.3646,-82.25419
32639,29.23092,-82.72007
32640,29.56889,-82.08021
32641,29.62956,-82.22557
32643,29.81845,-82.64155
32648,29.50515,-83.24498
32653,29.74506,-82.40546
32656,29.82533,-81.95287
32658,29.84817,-82.41214
32664,29.44986,-82.22187
32666,29.72301,-81.99145
32667,29.49484,-82.31084
32668,29.26327,-82.50321
32669,29.63666,-82.60015
32680,29.58144,-83.08041
32681,29.42694,-82.21527
32683,29.29519,-82.76743
32686,29.36214,-82.26236
32692,29.32519,-83.15995
32693,29.62814,-82.79446
32694,29.79086,-82.15367
32696,29.39544,-82.46728
32697,29.92831,-82.42538
32701,28.66509,-81.36916
32702,29.04642,-81.6259
32703,28.65579,-81.52139
32707,28.66255,-81.31403
32708,28.68751,-81.27086
32709,28.49266,-80.98801
32712,28.72917,-81.54103
32713,28.8816,-81.3238
32714,28.66237,-81.4115
32720,29.01775,-81.37802
32723,29.03454,-81.30452
32724,29.0506,-81.23284
32725,28.88368,-81.25061
32726,28.8541,-81.68
32730,28.65242,-81.34301
32732,28.74565,-81.10563
32735,28.89099,-81.73718
32736,28.89831,-81.49317
32738,28.90755,-81.18862
32744,28.98497,-81.21899
32746,28.76297,-81.35499
32750,28.7074,-81.34955
32751,28.631,-81.36457
32754,28.68565,-80.9208
32757,28.77954,-81.637
32759,28.84004,-80.9034
32763,28.94291,-81.30593
32764,28.83883,-81.07239
32765,28.66732,-81.20033
32766,28.64761,-81.08124
32767,29.01957,-81.52065
32768,28.69577,-81.55795
32771,28.81496,-81.31751
32773,28.75264,-81.24659
32775,28.76704,-80.8767
32776,28.81033,-81.4872
32778,28.77554,-81.72884
32779,28.71632,-81.41343
32780,28.54672,-80.7841
32784,28.97626,-81.7232
32789,28.59977,-81.35235
32792,28.61066,-81.29923
32796,28.62591,-80.84051
32798,28.72647,-81.58648
32801,28.542,-81.37343
32803,28.55592,-81.34895
32804,28.57688,-81.39748
32805,28.52981,-81.40614
32806,28.5123,-81.36031
32807,28.55245,-81.30165
32808,28.57932,-81.44342
32809,28.46301,-81.38428
32810,28.62113,-81.42863
32811,28.51624,-81.44516
32812,28.4848,-81.32767
32814,28.57002,-81.32663
32816,28.60075,-81.19511
32817,28.59002,-81.2445
32818,28.58518,-81.48716
32819,28.45565,-81.472
32820,28.58493,-81.12127
32821,28.38095,-81.47719
32822,28.49001,-81.29056
32824,28.38991,-81.34471
32825,28.53681,-81.24243
32826,28.58543,-81.18263
32827,28.41399,-81.29032
32828,28.53052,-81.17022
32829,28.47639,-81.22478
32830,28.38643,-81.56732
32831,28.47439,-81.14729
32832,28.39843,-81.18407
32833,28.4948,-81.081
32835,28.52182,-81.48473
32836,28.41734,-81.51536
32837,28.38074,-81.41998
32839,28.48833,-81.40689
32899,28.58331,-80.63544
32901,28.07887,-80.62268
32903,28.10818,-80.58709
32904,28.01,-80.79104
32905,28.03136,-80.59997
32907,28.01565,-80.68187
32908,27.95622,-80.69827
32909,27.90435,-80.65515
32920,28.44603,-80.58503
32922,28.37252,-80.74279
32925,28.24272,-80.62287
32926,28.39051,-80.81773
32927,28.46372,-80.80709
32931,28.32193,-80.62731
32934,28.13532,-80.71153
32935,28.1444,-80.64832
32937,28.17464,-80.61146
32940,28.21813,-80.7543
32948,27.75901,-80.61826
32949,27.92005,-80.55203
32950,27.9757,-80.57839
32951,27.9595,-80.51498
32952,28.31749,-80.66832
32953,28.45613,-80.69916
32955,28.29414,-80.77528
32958,27.79364,-80.49135
32959,28.44513,-80.7637
32960,27.64069,-80.40366
32962,27.5865,-80.38414
32963,27.71951,-80.39646
32966,27.68716,-80.70693
32967,27.71359,-80.46015
32968,27.58808,-80.50993
32970,27.75402,-80.45136
32976,27.86198,-80.53721
33001,24.82041,-80.80992
33004,26.05939,-80.13637
33009,25.98531,-80.1466
33010,25.83309,-80.27902
33012,25.86583,-80.30247
33013,25.86209,-80.27032
33014,25.90332,-80.30173
33015,25.94116,-80.31761
33016,25.89361,-80.33186
33018,25.92,-80.39274
33019,26.02346,-80.1236
33020,26.01911,-80.15251
33021,26.02277,-80.18742
33022,26.01385,-80.14407
33023,25.98812,-80.21263
33024,26.02501,-80.24475
33025,25.98737,-80.28134
33026,26.02575,-80.29625
33027,25.98245,-80.34359
33028,26.01852,-80.34488
33029,25.99184,-80.40794
33030,25.4848,-80.50857
33031,25.52709,-80.50312
33032,25.52963,-80.39234
33033,25.47858,-80.4057
33034,25.4195,-80.86342
33035,25.4216,-80.4036
33036,24.9227,-80.6385
33037,25.19779,-80.38634
33039,25.49796,-80.39818
33040,24.5855,-81.74904
33042,24.67481,-81.50717
33043,24.70563,-81.3587
33050,24.72843,-81.03405
33051,24.72328,-81.02155
33054,25.90775,-80.25753
33055,25.94812,-80.27809
33056,25.94922,-80.24562
33060,26.23513,-80.12084
33062,26.24101,-80.09399
33063,26.25138,-80.21014
33064,26.27806,-80.11524
33065,26.27318,-80.26029
33066,26.25347,-80.17753
33067,26.307,-80.2257
33068,26.21644,-80.21535
33069,26.23565,-80.15808
33070,25.00873,-80.52501
33071,26.24395,-80.26627
33073,26.29818,-80.1827
33076,26.31788,-80.27431
33101,25.77976,-80.19877
33109,25.7616,-80.14197
33122,25.80523,-80.31706
33125,25.7839,-80.23738
33126,25.78061,-80.30054
33127,25.81307,-80.20553
33128,25.77661,-80.20407
33129,25.7527,-80.20046
33130,25.76805,-80.20291
33131,25.76417,-80.18459
33132,25.77719,-80.17395
33133,25.72983,-80.24327
33134,25.75338,-80.2712
33135,25.76657,-80.23495
33136,25.78703,-80.20444
33137,25.81538,-80.17798
33138,25.85388,-80.17846
33139,25.78523,-80.15085
33140,25.81606,-80.13895
33141,25.85116,-80.14147
33142,25.80665,-80.25517
33143,25.70255,-80.29792
33144,25.76335,-80.31228
33145,25.75322,-80.23461
33146,25.72059,-80.27274
33147,25.85104,-80.23861
33149,25.72479,-80.16118
33150,25.85196,-80.20702
33154,25.88609,-80.13332
33155,25.73672,-80.31117
33156,25.66779,-80.29728
33157,25.60671,-80.34314
33158,25.63744,-80.30945
33160,25.93234,-80.13583
33161,25.89357,-80.18285
33162,25.92845,-80.17844
33165,25.73437,-80.35862
33166,25.8253,-80.31049
33167,25.8848,-80.23631
33168,25.89318,-80.2093
33169,25.94298,-80.2147
33170,25.55827,-80.45313
33172,25.78655,-80.3623
33173,25.70163,-80.35765
33174,25.76199,-80.36029
33175,25.73435,-80.40621
33176,25.65876,-80.35919
33177,25.59703,-80.40458
33178,25.83578,-80.4213
33179,25.95821,-80.17981
33180,25.96145,-80.1415
33181,25.89717,-80.1531
33182,25.78252,-80.40182
33183,25.70047,-80.40578
33184,25.7597,-80.4066
33185,25.73035,-80.45448
33186,25.65565,-80.41062
33187,25.54889,-80.57638
33189,25.57314,-80.33929
33190,25.55734,-80.34897
33193,25.70175,-80.46672
33194,25.7163,-80.62799
33196,25.64505,-80.55524
33301,26.12128,-80.12745
33304,26.13845,-80.12166
33305,26.15375,-80.123
33306,26.16548,-80.11404
33308,26.18952,-80.10859
33309,26.18793,-80.17385
33311,26.14412,-80.17319
33312,26.08835,-80.18166
33313,26.15069,-80.22634
33314,26.06822,-80.22391
33315,26.08703,-80.15297
33316,26.09913,-80.12398
33317,26.11268,-80.22607
33319,26.1826,-80.22641
33321,26.2121,-80.2697
33322,26.14997,-80.27429
33323,26.14988,-80.32222
33324,26.11205,-80.27469
33325,26.11032,-80.32261
33326,26.11033,-80.37403
33327,26.24429,-80.39267
33328,26.06673,-80.27301
33330,26.06034,-80.32333
33331,26.0587,-80.36989
33332,26.03825,-80.44352
33334,26.18316,-80.13456
33351,26.17938,-80.27463
33388,26.11715,-80.25409
33401,26.71805,-80.0685
33403,26.8032,-80.07562
33404,26.78248,-80.06567
33405,26.66774,-80.0584
33406,26.66503,-80.09093
33407,26.75841,-80.09195
33408,26.84115,-80.05677
33409,26.7161,-80.0965
33410,26.84629,-80.08823
33411,26.71517,-80.20305
33412,26.80561,-80.21557
33413,26.66397,-80.1553
33414,26.64829,-80.24943
33415,26.66002,-80.12742
33417,26.71994,-80.12495
33418,26.86077,-80.16641
33426,26.53359,-80.08295
33428,26.35054,-80.22792
33430,26.61415,-80.57952
33431,26.37996,-80.1028
33432,26.34546,-80.0838
33433,26.34706,-80.15919
33434,26.38139,-80.16913
33435,26.52565,-80.06297
33436,26.52423,-80.10758
33437,26.51164,-80.14917
33438,26.95443,-80.56524
33440,26.54065,-81.04325
33441,26.31096,-80.09885
33442,26.31012,-80.14503
33444,26.45781,-80.08002
33445,26.4548,-80.1063
33446,26.45444,-80.18353
33449,26.59272,-80.2339
33455,27.05748,-80.1703
33458,26.93477,-80.12906
33460,26.61872,-80.05527
33461,26.61936,-80.09048
33462,26.58027,-80.07337
33463,26.59508,-80.12968
33467,26.59472,-80.17567
33469,26.98275,-80.1092
33470,26.7832,-80.38063
33471,26.9105,-81.19754
33472,26.53974,-80.18903
33473,26.50328,-80.19225
33476,26.80109,-80.65305
33477,26.91401,-80.0799
33478,26.93788,-80.26298
33480,26.69796,-80.04075
33483,26.46157,-80.0638
33484,26.45432,-80.13434
33486,26.34729,-80.11449
33487,26.40991,-80.09169
33493,26.47559,-80.72306
33496,26.40887,-80.16139
33498,26.39529,-80.21982
33503,27.76375,-82.27425
33510,27.95564,-82.29986
33511,27.9099,-82.29405
33513,28.66849,-82.17143
33514,28.65771,-81.99886
33521,28.79788,-82.0752
33523,28.41787,-82.26476
33525,28.33503,-82.18383
33527,27.97571,-82.2138
33530,27.90773,-82.17236
33534,27.82273,-82.37505
33538,28.84679,-82.18218
33540,28.21936,-82.14866
33541,28.23029,-82.22073
33542,28.23562,-82.17708
33543,28.20279,-82.30503
33544,28.25132,-82.37039
33545,28.26578,-82.28832
33547,27.77239,-82.13665
33548,28.13788,-82.48184
33549,28.1392,-82.44624
33550,27.97956,-82.30698
33556,28.17029,-82.59264
33558,28.15871,-82.51597
33559,28.15788,-82.41007
33563,28.01694,-82.12544
33565,28.08858,-82.15595
33566,27.99241,-82.1172
33567,27.92159,-82.1217
33569,27.84429,-82.29069
33570,27.69354,-82.45861
33572,27.7659,-82.39999
33573,27.72179,-82.36
33574,28.33811,-82.257
33576,28.32472,-82.31682
33578,27.86187,-82.34775
33579,27.79585,-82.28376
33584,28.00637,-82.28959
33585,28.74089,-82.03347
33592,28.10087,-82.28698
33594,27.94081,-82.24207
33596,27.88765,-82.23591
33597,28.52675,-82.08613
33598,27.69531,-82.29025
33602,27.95371,-82.45675
33603,27.98526,-82.46458
33604,28.01686,-82.45519
33605,27.95121,-82.42924
33606,27.93209,-82.46493
33607,27.96677,-82.51408
33609,27.94307,-82.51108
33610,27.9972,-82.38015
33611,27.89059,-82.50632
33612,28.05071,-82.451
33613,28.08344,-82.44873
33614,28.00619,-82.50598
33615,28.00546,-82.58144
33616,27.86712,-82.5287
33617,28.03893,-82.39327
33618,28.07313,-82.49781
33619,27.93536,-82.37841
33620,28.06112,-82.41172
33621,27.8436,-82.50089
33624,28.07903,-82.52608
33625,28.06807,-82.56016
33626,28.06256,-82.61526
33629,27.92181,-82.51007
33634,28.00769,-82.54614
33635,28.02408,-82.61882
33637,28.04715,-82.36118
33647,28.13401,-82.36017
33701,27.7705,-82.63566
33702,27.84567,-82.63251
33703,27.81756,-82.62433
33704,27.79666,-82.63292
33705,27.73641,-82.64265
33706,27.74396,-82.75014
33707,27.74913,-82.72293
33708,27.81192,-82.7933
33709,27.81721,-82.73075
33710,27.7898,-82.73069
33711,27.73884,-82.68845
33712,27.73719,-82.66535
33713,27.78882,-82.67753
33714,27.81696,-82.67794
33715,27.66323,-82.72214
33716,27.8774,-82.65119
33744,27.8084,-82.77451
33755,27.9793,-82.78007
33756,27.94421,-82.79216
33759,27.98095,-82.7145
33760,27.90535,-82.71389
33761,28.03103,-82.72511
33762,27.89685,-82.67946
33763,28.00298,-82.74347
33764,27.93679,-82.7424
33765,27.97452,-82.74419
33767,27.97022,-82.82329
33770,27.91477,-82.8035
33771,27.90585,-82.7583
33772,27.84286,-82.79666
33773,27.88156,-82.75594
33774,27.88275,-82.8278
33776,27.84975,-82.82634
33777,27.85257,-82.76026
33778,27.88266,-82.79843
33781,27.83861,-82.71512
33782,27.85964,-82.70901
33785,27.88559,-82.84425
33786,27.92385,-82.83635
33801,28.0401,-81.8947
33803,28.00887,-81.93604
33805,28.09829,-81.91279
33809,28.20291,-81.96597
33810,28.13027,-82.03989
33811,27.97933,-82.01866
33812,27.97262,-81.89304
33813,27.94789,-81.92701
33815,28.04067,-81.99634
33823,28.09041,-81.81267
33825,27.62704,-81.44343
33827,27.81445,-81.51484
33830,27.88234,-81.80565
33834,27.62778,-81.92115
33835,27.78829,-81.97256
33837,28.19012,-81.59163
33838,28.01851,-81.60956
33839,27.97481,-81.75365
33840,28.00915,-81.90506
33841,27.7381,-81.7674
33843,27.73131,-81.5108
33844,28.08616,-81.58717
33847,27.80864,-81.82381
33848,28.27594,-81.50824
33849,28.21613,-82.07414
33850,28.11886,-81.73191
33851,28.04439,-81.62677
33852,27.25904,-81.37844
33853,27.90023,-81.58556
33854,27.85608,-81.41033
33855,27.79104,-81.35971
33856,27.85648,-81.42828
33857,27.35647,-81.16517
33858,28.24506,-81.55832
33859,27.88428,-81.63106
33860,27.8056,-81.99511
33865,27.42944,-81.96262
33867,27.78249,-81.20136
33868,28.25882,-81.84769
33870,27.50571,-81.36071
33872,27.50911,-81.53147
33873,27.56181,-81.77855
33875,27.41813,-81.49198
33876,27.4269,-81.35086
33877,27.98766,-81.61985
33880,27.9914,-81.77448
33881,28.05439,-81.70081
33884,27.97669,-81.67653
33890,27.4558,-81.68354
33896,28.24663,-81.57526
33897,28.28088,-81.69533
33898,27.83946,-81.34943
33901,26.62304,-81.88228
33903,26.68217,-81.90688
33904,26.57601,-81.94536
33905,26.66873,-81.76166
33907,26.56447,-81.87171
33908,26.48857,-81.91319
33909,26.72032,-81.96443
33912,26.53288,-81.82502
33913,26.51718,-81.69712
33914,26.57052,-82.01944
33916,26.63998,-81.84104
33917,26.75403,-81.84779
33919,26.55607,-81.90388
33920,26.72903,-81.6529
33921,26.77919,-82.25386
33922,26.66476,-82.15897
33924,26.54521,-82.19832
33928,26.43545,-81.71002
33930,26.55916,-81.40069
33931,26.44036,-81.90974
33935,26.75692,-81.41966
33936,26.6292,-81.5602
33944,26.97163,-81.36924
33946,26.853,-82.26958
33947,26.89015,-82.27184
33948,26.98411,-82.15126
33950,26.91166,-82.04009
33952,26.99008,-82.0972
33953,26.99991,-82.21222
33954,27.02506,-82.12167
33955,26.82528,-81.97007
33956,26.54622,-82.09589
33957,26.4534,-82.10228
33960,27.07709,-81.41682
33965,26.46126,-81.76862
33966,26.58234,-81.83206
33967,26.47226,-81.81231
33971,26.63856,-81.69948
33972,26.64954,-81.61721
33973,26.6014,-81.73012
33974,26.56205,-81.60271
33976,26.59128,-81.68543
33980,26.98062,-82.05206
33981,26.87544,-82.21047
33982,26.91587,-81.75753
33983,27.00712,-82.01508
33990,26.62875,-81.94602
33991,26.63074,-82.01065
33993,26.67194,-82.04522
34101,26.05694,-81.78056
34102,26.13783,-81.79654
34103,26.19197,-81.80207
34104,26.15321,-81.74214
34105,26.18938,-81.7626
34108,26.24533,-81.80694
34109,26.24073,-81.76365
34110,26.29619,-81.78505
34112,26.12053,-81.73908
34113,26.05685,-81.73523
34114,25.98902,-81.58517
34116,26.18816,-81.71058
34117,26.11864,-81.548
34119,26.26658,-81.71493
34120,26.31382,-81.58344
34134,26.36634,-81.83503
34135,26.36923,-81.73303
34137,26.03542,-81.40757
34138,25.82255,-81.37084
34139,25.85449,-81.38253
34140,25.92531,-81.65888
34141,25.91774,-81.07706
34142,26.31392,-81.28601
34145,25.91903,-81.69506
34201,27.4029,-82.46784
34202,27.40722,-82.39254
34203,27.44319,-82.50834
34205,27.48418,-82.5835
34207,27.43762,-82.57993
34208,27.48693,-82.51404
34209,27.49489,-82.6433
34210,27.43897,-82.63117
34211,27.44944,-82.37738
34212,27.49559,-82.40528
34215,27.47444,-82.68409
34216,27.52837,-82.7331
34217,27.48916,-82.7044
34219,27.58041,-82.26094
34221,27.57777,-82.54285
34222,27.53474,-82.50699
34223,26.97963,-82.33257
34224,26.91902,-82.30581
34228,27.39258,-82.63407
34229,27.19159,-82.48309
34231,27.26651,-82.51626
34232,27.32601,-82.47239
34233,27.2836,-82.47311
34234,27.36934,-82.5574
34235,27.36673,-82.47724
34236,27.32964,-82.55874
34237,27.33761,-82.51409
34238,27.23049,-82.4687
34239,27.31094,-82.52179
34240,27.34218,-82.35177
34241,27.24944,-82.37305
34242,27.26237,-82.53997
34243,27.40264,-82.52809
34250,27.57168,-82.58923
34251,27.37819,-82.17152
34266,27.19895,-81.80304
34267,27.0893,-81.9543
34268,27.14459,-81.91775
34269,27.08865,-81.9639
34275,27.15203,-82.41966
34285,27.0918,-82.43408
34286,27.09099,-82.14147
34287,27.05735,-82.24677
34288,27.05385,-82.11161
34289,27.08587,-82.13664
34291,27.11494,-82.21722
34292,27.10308,-82.33496
34293,27.04642,-82.35595
34420,29.05359,-82.04008
34428,28.9608,-82.63421
34429,28.85737,-82.65152
34431,29.1339,-82.52963
34432,29.06588,-82.36353
34433,28.996,-82.52383
34434,28.99535,-82.43775
34436,28.72672,-82.29134
34442,28.93084,-82.39122
34445,28.97143,-82.42414
34446,28.74904,-82.52344
34448,28.77009,-82.61201
34449,29.10451,-82.68694
34450,28.82699,-82.25767
34452,28.76231,-82.37986
34453,28.89276,-82.33663
34461,28.81544,-82.48029
34465,28.92869,-82.49092
34470,29.20098,-82.08262
34471,29.16054,-82.12786
34472,29.11187,-81.99625
34473,29.00506,-82.18833
34474,29.15515,-82.21106
34475,29.25282,-82.16065
34476,29.08579,-82.19279
34479,29.25285,-82.10945
34480,29.10178,-82.09975
34481,29.11902,-82.30769
34482,29.24984,-82.27702
34484,28.93417,-82.08867
34487,28.78148,-82.61272
34488,29.22584,-81.93226
34491,28.99634,-82.04665
34498,29.03299,-82.734
34601,28.5892,-82.36857
34602,28.50252,-82.28007
34604,28.4781,-82.43322
34606,28.46961,-82.59759
34607,28.57528,-82.62715
34608,28.48258,-82.5532
34609,28.4792,-82.50818
34610,28.38339,-82.50058
34613,28.56183,-82.53803
34614,28.64627,-82.51324
34637,28.29589,-82.46368
34638,28.26035,-82.52036
34639,28.24456,-82.42475
34652,28.2368,-82.73661
34653,28.24266,-82.69308
34654,28.29757,-82.62904
34655,28.21201,-82.65516
34661,28.62108,-82.26507
34667,28.38926,-82.65654
34668,28.30176,-82.70516
34669,28.3577,-82.61476
34677,28.05293,-82.67549
34679,28.42226,-82.67716
34681,28.0903,-82.77801
34683,28.08626,-82.76025
34684,28.08122,-82.72779
34685,28.09995,-82.68851
34688,28.14445,-82.68543
34689,28.14971,-82.75956
34690,28.19228,-82.72726
34691,28.19042,-82.76603
34695,28.00927,-82.69673
34698,28.03204,-82.78433
34705,28.69367,-81.71138
34711,28.52724,-81.75349
34714,28.40406,-81.80132
34715,28.6242,-81.73019
34729,28.61764,-81.69901
34731,28.86788,-81.89638
34734,28.5376,-81.52204
34736,28.57883,-81.88844
34737,28.69638,-81.80243
34739,27.92236,-81.10762
34741,28.30544,-81.42567
34743,28.33066,-81.35441
34744,28.2954,-81.34675
34746,28.24233,-81.4423
34747,28.31111,-81.59107
34748,28.77366,-81.88552
34753,28.58684,-81.89624
34756,28.58651,-81.68214
34758,28.19142,-81.4871
34759,28.09113,-81.43774
34760,28.55694,-81.62916
34761,28.57975,-81.53386
34762,28.75772,-81.9152
34769,28.24366,-81.29412
34771,28.26647,-81.11908
34772,28.16534,-81.27273
34773,28.14695,-80.99968
34785,28.84516,-82.06065
34786,28.48161,-81.55501
34787,28.48309,-81.62833
34788,28.88542,-81.79678
34797,28.73517,-81.81813
34945,27.45219,-80.55213
34946,27.50456,-80.36106
34947,27.44903,-80.37633
34949,27.4668,-80.30417
34950,27.44341,-80.32969
34951,27.52268,-80.41783
34952,27.2969,-80.29748
34953,27.24938,-80.38137
34956,27.07969,-80.50074
34957,27.28399,-80.24252
34972,27.48016,-80.90926
34974,27.15062,-80.91371
34981,27.39329,-80.37163
34982,27.37669,-80.31082
34983,27.32295,-80.35052
34984,27.24784,-80.33456
34986,27.32804,-80.40524
34987,27.28637,-80.50953
34990,27.13623,-80.35655
34994,27.19954,-80.2557
34996,27.20071,-80.19644
34997,27.05085,-80.27268
35004,33.60369,-86.49333
35005,33.59215,-86.99833
35006,33.43159,-87.19961
35007,33.21751,-86.79307
35010,32.91433,-85.93816
35013,33.90166,-86.51785
35014,33.36097,-86.25909
35016,34.32545,-86.5033
35019,34.29828,-86.63496
35020,33.40502,-86.95436
35022,33.33107,-86.95959
35023,33.46674,-87.08891
35031,34.10256,-86.5455
35032,33.26321,-86.33408
35033,33.94517,-87.02904
35034,32.9016,-87.26948
35035,33.04423,-86.97149
35036,33.64095,-86.91601
35040,33.10487,-86.72958
35042,32.93297,-87.12542
35043,33.30926,-86.66028
35044,33.26859,-86.36324
35045,32.81127,-86.67249
35046,32.923,-86.54127
35049,33.95674,-86.59904
35051,33.20457,-86.61523
35052,33.59228,-86.40771
35053,34.05495,-87.06527
35054,33.50417,-86.32693
35055,34.1542,-86.75932
35057,34.13788,-86.95876
35058,34.23082,-86.73265
35060,33.55768,-86.92822
35061,33.47529,-86.9469
35062,33.72862,-87.02775
35063,33.8221,-87.00765
35064,33.47474,-86.91964
35068,33.60933,-86.83174
35070,34.01394,-86.74443
35071,33.70376,-86.84286
35072,33.08985,-86.06057
35073,33.65377,-86.98051
35074,33.22235,-87.12415
35077,34.01984,-86.83108
35078,33.32279,-86.44116
35079,33.94118,-86.75261
35080,33.25508,-86.91894
35082,33.1563,-86.15456
35083,34.19718,-86.5931
35085,32.97975,-86.73584
35087,34.30556,-86.58252
35089,32.9426,-86.07457
35091,33.78344,-86.78963
35094,33.52057,-86.56127
35096,33.62141,-86.10849
35097,33.89871,-86.62526
35098,34.12779,-87.04626
35111,33.28309,-87.09002
35112,33.69374,-86.47248
35114,33.22274,-86.86739
35115,33.12133,-86.89605
35116,33.73167,-86.76819
35117,33.67085,-86.89678
35118,33.53916,-87.05212
35119,33.63809,-86.77864
35120,33.66777,-86.42064
35121,33.9397,-86.454
35124,33.31368,-86.76194
35125,33.62567,-86.29594
35126,33.73071,-86.65385
35127,33.49118,-86.97581
35128,33.54738,-86.34596
35130,33.63235,-87.13313
35131,33.72062,-86.19965
35133,33.81969,-86.59878
35135,33.61814,-86.1991
35136,32.87877,-86.28965
35143,33.08797,-86.55369
35146,33.79275,-86.43258
35147,33.41233,-86.53164
35148,33.75643,-87.04556
35149,33.24378,-86.20709
35150,33.18581,-86.24454
35151,33.108,-86.36704
35160,33.36898,-86.1005
35171,32.87823,-86.74636
35172,33.84389,-86.69788
35173,33.65284,-86.56337
35175,34.43731,-86.51673
35176,33.4817,-86.50221
35178,33.42003,-86.39993
35179,34.27004,-86.96847
35180,33.82388,-86.83987
35181,33.62647,-86.87999
35183,33.00675,-86.35706
35184,33.1152,-87.13931
35185,33.34903,-86.53871
35186,33.25699,-86.51442
35188,33.18326,-87.17322
35203,33.51847,-86.80999
35204,33.52203,-86.84067
35205,33.49509,-86.8084
35206,33.57024,-86.71328
35207,33.5682,-86.8223
35208,33.49717,-86.87909
35209,33.46507,-86.81107
35210,33.5431,-86.6661
35211,33.45262,-86.87046
35212,33.54765,-86.75272
35213,33.50659,-86.74241
35214,33.57322,-86.89081
35215,33.64911,-86.70435
35216,33.41995,-86.78746
35217,33.60711,-86.7613
35218,33.50771,-86.89388
35221,33.4497,-86.89901
35222,33.52378,-86.76994
35223,33.48777,-86.73605
35224,33.52965,-86.94518
35226,33.39823,-86.84421
35228,33.45606,-86.92165
35229,33.46434,-86.79399
35233,33.50916,-86.80132
35234,33.54005,-86.80382
35235,33.61723,-86.65008
35242,33.42371,-86.67073
35243,33.44185,-86.74055
35244,33.35205,-86.8267
35249,33.50657,-86.80316
35254,33.51375,-86.85282
35401,33.179,-87.61586
35404,33.21661,-87.48655
35405,33.12087,-87.55082
35406,33.33194,-87.4683
35441,32.85616,-87.73114
35442,33.06016,-88.20159
35443,32.76538,-88.01908
35444,33.33474,-87.30387
35446,33.21642,-87.74833
35447,33.25701,-88.15716
35452,33.28349,-87.6854
35453,33.16176,-87.387
35456,33.05651,-87.43515
35457,33.29891,-87.77229
35458,33.3814,-87.79713
35459,32.79337,-88.3003
35460,32.71882,-88.19452
35461,33.41749,-88.21158
35462,32.93389,-87.94183
35463,33.0563,-87.68687
35464,32.78369,-88.14383
35466,33.25904,-87.91554
35469,33.01447,-87.80578
35470,32.56801,-88.09894
35473,33.27236,-87.58481
35474,32.93679,-87.57226
35475,33.42792,-87.5854
35476,33.2271,-87.60464
35477,32.96304,-88.23121
35480,33.09794,-87.80734
35481,33.39852,-88.03934
35487,33.21426,-87.54782
35490,33.21607,-87.24546
35491,32.93665,-88.09774
35501,33.82145,-87.29544
35503,33.93664,-87.30147
35504,33.89311,-87.16672
35540,34.23066,-87.18374
35541,34.07936,-87.1801
35542,33.7083,-87.68161
35543,34.21219,-87.75197
35544,33.95392,-88.02022
35545,33.6421,-87.93147
35546,33.60555,-87.54763
35548,34.06263,-87.75251
35549,33.83474,-87.55001
35550,33.74249,-87.16534
35552,34.07311,-88.14266
35553,34.12471,-87.38794
35554,33.89745,-87.65593
35555,33.66829,-87.82309
35559,33.91166,-87.73537
35563,33.99678,-87.90149
35564,34.25733,-87.84306
35565,34.23555,-87.56309
35570,34.16532,-87.99466
35571,34.35153,-87.94672
35572,34.20672,-87.29447
35573,33.90137,-87.54999
35574,33.5683,-87.95757
35575,34.04521,-87.57716
35576,33.582,-88.1315
35577,34.09175,-87.59931
35578,33.982,-87.46638
35579,33.63069,-87.34441
35580,33.7011,-87.27331
35581,34.35789,-87.71267
35582,34.48577,-88.09536
35584,33.82161,-87.08692
35585,34.41868,-87.82008
35586,33.87332,-88.13837
35587,33.80071,-87.4521
35592,33.74315,-88.09672
35593,34.35721,-88.07328
35594,33.92222,-87.7813
35601,34.60616,-87.00795
35603,34.53712,-86.96717
35610,34.95361,-87.23714
35611,34.76554,-87.08418
35613,34.82336,-86.88001
35614,34.86433,-87.08457
35615,34.66229,-86.87596
35616,34.7382,-88.01889
35618,34.64334,-87.30552
35619,34.38606,-87.14545
35620,34.93141,-86.99086
35621,34.34967,-86.7239
35622,34.34491,-86.89535
35630,34.82526,-87.66018
35632,34.80763,-87.68043
35633,34.87586,-87.79645
35634,34.92306,-87.60738
35640,34.4414,-86.94315
35643,34.66882,-87.20707
35645,34.89605,-87.4936
35646,34.66988,-87.53165
35647,34.96539,-87.11933
35648,34.95857,-87.38022
35649,34.62091,-86.87965
35650,34.45176,-87.30289
35651,34.46254,-87.48044
35652,34.84742,-87.31137
35653,34.53131,-87.86974
35654,34.49971,-87.62
35660,34.75837,-87.69847
35661,34.77737,-87.56331
35670,34.46318,-86.72356
35671,34.66607,-86.95191
35672,34.65106,-87.40705
35673,34.58601,-87.13166
35674,34.66343,-87.75996
35677,34.95367,-88.02529
35739,34.96914,-86.79501
35740,34.95009,-85.75855
35741,34.7242,-86.47745
35744,34.61435,-85.90603
35745,34.94101,-86.20002
35746,34.8287,-85.99868
35747,34.49414,-86.30497
35748,34.71925,-86.39036
35749,34.82314,-86.75662
35750,34.95407,-86.5951
35751,34.81066,-86.27931
35752,34.75593,-85.95119
35754,34.51819,-86.61099
35755,34.50676,-86.12609
35756,34.64287,-86.82114
35757,34.78426,-86.74419
35758,34.71417,-86.74707
35759,34.86856,-86.55262
35760,34.54768,-86.38324
35761,34.914,-86.41001
35763,34.62022,-86.46615
35764,34.73102,-86.31381
35765,34.69393,-85.82423
35766,34.87342,-86.27661
35768,34.77852,-86.10383
35769,34.59255,-86.09472
35771,34.53635,-85.99843
35772,34.89152,-85.88614
35773,34.89431,-86.71282
35774,34.7611,-86.22805
35775,34.5477,-86.69623
35776,34.66083,-86.24338
35801,34.72497,-86.56304
35802,34.67398,-86.55449
35803,34.56476,-86.52185
35805,34.70875,-86.6219
35806,34.76615,-86.68324
35808,34.63236,-86.65579
35810,34.80183,-86.60264
35811,34.79925,-86.50386
35816,34.73923,-86.62985
35824,34.64458,-86.75193
35896,34.75318,-86.65213
35901,34.04848,-85.92395
35903,34.03144,-85.85703
35904,34.07569,-85.98519
35905,33.93667,-85.89842
35906,33.93159,-86.09033
35907,33.89874,-86.02408
35950,34.25273,-86.26023
35951,34.33713,-86.1553
35952,34.05322,-86.3082
35953,33.81058,-86.20986
35954,34.08952,-86.05771
35956,34.1433,-86.14799
35957,34.19105,-86.19531
35958,34.91796,-85.64731
35959,34.23968,-85.60575
35960,34.12515,-85.56786
35961,34.27753,-85.86241
35962,34.29916,-86.03795
35963,34.35812,-85.93114
35966,34.79696,-85.68833
35967,34.3981,-85.69698
35968,34.48095,-85.77232
35971,34.45603,-85.9466
35972,33.98797,-86.24943
35973,34.34222,-85.5554
35974,34.36284,-86.0099
35975,34.43832,-86.06655
35976,34.34819,-86.32919
35978,34.64239,-85.72983
35979,34.82994,-85.6125
35980,34.17719,-86.38335
35981,34.72218,-85.64072
35983,34.17088,-85.76746
35984,34.52781,-85.56594
35986,34.50524,-85.84012
35987,33.91557,-86.23889
35988,34.5589,-85.79994
35989,34.60858,-85.63162
35990,34.06676,-86.3052
36003,32.44651,-86.72536
36005,31.88137,-85.72802
36006,32.63831,-86.72531
36008,32.49747,-86.56416
36009,31.58395,-86.30531
36010,31.66751,-85.81439
36013,32.2976,-85.97959
36016,31.84562,-85.4255
36017,31.68142,-85.55411
36020,32.49616,-86.31858
36022,32.61951,-86.40492
36024,32.6654,-86.03312
36025,32.54664,-86.33941
36026,32.77587,-86.13269
36027,31.93307,-85.20968
36028,31.49031,-86.38271
36029,32.18479,-85.92953
36030,31.86044,-86.85697
36031,32.24944,-85.75157
36032,31.99857,-86.57179
36033,31.66983,-86.771
36034,31.62308,-86.11155
36035,31.79285,-86.12415
36036,31.97541,-86.16063
36037,31.79384,-86.62356
36038,31.40788,-86.4869
36039,32.28939,-85.82789
36040,32.17795,-86.66972
36041,31.92361,-86.32172
36042,31.86655,-86.44897
36043,32.1939,-86.42811
36046,31.9994,-86.33948
36047,32.07868,-86.52474
36048,31.79011,-85.59066
36049,31.76612,-86.28092
36051,32.68771,-86.488
36052,32.17935,-86.04309
36053,32.03514,-85.43945
36054,32.46821,-86.35962
36057,32.37464,-86.08461
36064,32.3008,-86.08186
36066,32.48216,-86.42431
36067,32.51134,-86.57084
36069,32.0905,-86.16008
36071,31.70534,-86.39815
36075,32.38913,-85.91257
36078,32.53991,-85.93328
36079,31.76605,-86.01206
36080,32.70497,-86.28662
36081,31.90663,-85.89804
36082,31.80271,-85.95514
36083,32.39512,-85.68672
36088,32.41911,-85.718
36089,32.15745,-85.69872
36091,32.74881,-86.52021
36092,32.61401,-86.19619
36093,32.49584,-86.13956
36101,32.38177,-86.29763
36104,32.39889,-86.31593
36105,32.21808,-86.28778
36106,32.35264,-86.25793
36107,32.38434,-86.2795
36108,32.33956,-86.40602
36109,32.38682,-86.24052
36110,32.44899,-86.25566
36111,32.33755,-86.27154
36112,32.38343,-86.36
36113,32.38146,-86.34172
36114,32.40484,-86.24568
36115,32.40688,-86.24685
36116,32.27312,-86.21765
36117,32.37831,-86.14627
36130,32.37778,-86.29926
36201,33.65082,-85.88264
36203,33.58205,-85.83312
36205,33.70037,-85.78898
36206,33.73225,-85.81638
36207,33.68196,-85.71356
36250,33.76564,-85.89675
36251,33.22996,-85.86532
36255,33.18094,-85.73933
36256,33.04181,-85.70775
36258,33.47795,-85.716
36260,33.58662,-86.00025
36262,33.7965,-85.46741
36263,33.46727,-85.36016
36264,33.59305,-85.53817
36265,33.84659,-85.78662
36266,33.35338,-85.75062
36267,33.19513,-85.94659
36268,33.49469,-85.94016
36269,33.73569,-85.38314
36271,33.78215,-86.01624
36272,33.94441,-85.60454
36273,33.53904,-85.37742
36274,33.17687,-85.36283
36276,33.12644,-85.57772
36277,33.7609,-85.81541
36278,33.31885,-85.5253
36279,33.87237,-85.88645
36280,33.38427,-85.3891
36301,31.14387,-85.40321
36303,31.26389,-85.39213
36305,31.20229,-85.49798
36310,31.60296,-85.21229
36311,31.60092,-85.68372
36312,31.16748,-85.23867
36313,31.18024,-85.79368
36314,31.02141,-85.77645
36316,31.17835,-85.86496
36317,31.63532,-85.38748
36318,31.17612,-85.95653
36319,31.32367,-85.14931
36320,31.05105,-85.31765
36321,31.20558,-85.30093
36322,31.25575,-85.73249
36323,31.42702,-86.07221
36330,31.30743,-85.85854
36340,31.05391,-85.89155
36343,31.05753,-85.11812
36344,31.1007,-85.70931
36345,31.3741,-85.31
36346,31.55783,-85.9331
36350,31.3435,-85.49669
36351,31.41469,-85.90596
36352,31.25682,-85.61629
36353,31.4817,-85.36208
36360,31.46648,-85.61641
36362,31.35072,-85.69027
36370,31.13175,-85.15688
36371,31.3208,-85.54738
36373,31.52131,-85.10355
36374,31.5723,-85.48956
36375,31.07681,-85.54111
36376,31.25213,-85.26961
36401,31.47123,-86.94928
36420,31.18092,-86.57618
36421,31.32769,-86.50903
36425,31.75884,-87.19731
36426,31.14386,-87.076
36432,31.30055,-87.03888
36435,31.87889,-87.45564
36436,31.76636,-87.6614
36439,31.42252,-87.34512
36441,31.04064,-87.25885
36442,31.07312,-86.36355
36444,31.65935,-87.4651
36445,31.44397,-87.44982
36446,31.79146,-87.72446
36451,31.69769,-87.80664
36453,31.19788,-86.14726
36454,31.34368,-87.20185
36455,31.01212,-86.35321
36456,31.57103,-86.82556
36460,31.52679,-87.30786
36467,31.2795,-86.25579
36470,31.51602,-87.55518
36471,31.62616,-87.22861
36473,31.32009,-87.21967
36474,31.42664,-86.62022
36475,31.38511,-87.22717
36476,31.35359,-86.54633
36477,31.08741,-86.05407
36480,31.32976,-87.61125
36481,31.77356,-87.37553
36482,31.6223,-87.63424
36483,31.04273,-86.68494
36502,31.14498,-87.49303
36503,31.15674,-87.4654
36505,30.94978,-88.0225
36507,30.85893,-87.74188
36509,30.4077,-88.24726
36511,30.31173,-87.74259
36512,31.00327,-88.01023
36513,31.15516,-87.99021
36518,31.47082,-88.27546
36521,30.96241,-88.18526
36522,31.08296,-88.27795
36523,30.37852,-88.16536
36524,31.80868,-88.0203
36525,30.8898,-88.02329
36526,30.61187,-87.86151
36527,30.69679,-87.87734
36528,30.25253,-88.14381
36529,31.29279,-88.27281
36530,30.41192,-87.55445
36532,30.48197,-87.86207
36535,30.38562,-87.72514
36538,31.65948,-88.13836
36539,31.3475,-88.39358
36540,31.44702,-87.66487
36541,30.49084,-88.34384
36542,30.27683,-87.73867
36543,31.22129,-87.46592
36544,30.47436,-88.234
36545,31.48767,-87.87424
36547,30.25278,-87.65405
36548,31.48326,-87.97226
36549,30.41377,-87.44951
36550,31.25212,-87.74294
36551,30.63982,-87.7504
36553,31.22852,-88.08658
36555,30.40006,-87.77312
36556,31.20649,-87.97127
36558,31.61606,-88.33034
36559,30.56894,-87.90393
36560,31.08553,-88.04991
36561,30.28813,-87.57142
36562,31.03738,-87.66274
36564,30.46983,-87.91467
36567,30.61483,-87.55792
36568,30.51291,-88.27067
36569,31.54418,-88.07907
36571,30.85055,-88.10415
36572,30.85617,-88.05956
36574,30.5141,-87.48258
36575,30.76825,-88.27276
36576,30.52654,-87.76654
36578,30.73867,-87.77275
36579,31.11395,-87.78616
36580,30.48085,-87.70321
36581,31.36645,-88.0098
36582,30.51616,-88.17719
36583,31.36677,-88.1869
36584,31.19579,-88.38385
36585,31.36985,-88.02338
36587,30.83599,-88.35006
36602,30.69834,-88.03815
36603,30.68426,-88.05273
36604,30.68229,-88.06837
36605,30.60649,-88.09064
36606,30.67088,-88.10617
36607,30.699,-88.10552
36608,30.68115,-88.29593
36609,30.66086,-88.16378
36610,30.73721,-88.07389
36611,30.7702,-88.07747
36612,30.75283,-88.11285
36613,30.81175,-88.18176
36615,30.63563,-88.06717
36617,30.71544,-88.09518
36618,30.73612,-88.17333
36619,30.59488,-88.19302
36652,30.69586,-88.0803
36663,30.73683,-88.10896
36688,30.69559,-88.18783
36693,30.62676,-88.14989
36695,30.6309,-88.27775
36701,32.49672,-87.0568
36703,32.43387,-86.91118
36720,32.16493,-87.34684
36722,32.08124,-87.57661
36723,32.06633,-87.2907
36726,31.97043,-87.27532
36727,31.91193,-88.02054
36728,32.16625,-87.48416
36732,32.41638,-87.91367
36736,32.07832,-87.76444
36738,32.43421,-87.62481
36740,32.62421,-87.83209
36741,32.02198,-87.02594
36742,32.45836,-87.74215
36744,32.69178,-87.59845
36748,32.27084,-87.77728
36749,32.54759,-86.85303
36750,32.78396,-86.84361
36751,31.80808,-87.54865
36752,32.30628,-86.62544
36753,31.83698,-87.10762
36754,32.15731,-87.70238
36756,32.69327,-87.29873
36758,32.6491,-86.89975
36759,32.42977,-87.28722
36761,32.07872,-86.97602
36763,32.26184,-87.96509
36764,32.11518,-87.98526
36765,32.59278,-87.51933
36766,31.95505,-87.08668
36767,32.25083,-87.21042
36768,31.8837,-87.01186
36769,31.99306,-87.55049
36773,32.28252,-87.38607
36775,32.20066,-86.95487
36776,32.74513,-87.74488
36782,32.11684,-87.90996
36783,32.24085,-87.6081
36784,31.94208,-87.82271
36785,32.27615,-86.82683
36786,32.43832,-87.49002
36790,32.72758,-86.9107
36792,32.92146,-86.91147
36793,32.8292,-87.00947
36801,32.701,-85.39243
36804,32.53045,-85.33875
36830,32.5339,-85.49449
36832,32.59447,-85.58163
36849,32.59953,-85.48858
36850,32.78857,-85.65336
36851,32.15039,-85.08094
36852,32.75343,-85.27942
36853,32.80557,-85.76809
36854,32.75257,-85.18484
36855,33.03709,-85.30516
36856,32.26897,-84.99757
36858,32.30061,-85.30138
36860,32.26118,-85.42064
36861,32.88585,-85.83232
36862,32.90612,-85.44283
36863,32.89722,-85.25916
36865,32.60259,-85.58946
36866,32.55468,-85.71459
36867,32.49823,-85.02304
36869,32.41891,-85.0779
36870,32.48308,-85.11942
36871,32.17455,-85.14892
36874,32.56603,-85.20322
36875,32.32632,-85.16295
36877,32.55465,-85.0974
36879,32.73091,-85.55449
36901,32.42284,-88.1465
36904,32.10287,-88.25596
36907,32.43895,-88.34797
36908,31.89818,-88.30807
36910,32.23078,-88.15928
36912,32.23825,-88.30369
36913,31.96069,-88.44667
36915,31.95894,-88.36019
36916,32.23788,-88.04143
36919,31.76765,-88.2894
36921,31.96956,-88.19108
36922,32.30061,-88.15068
36925,32.43468,-88.1791
37010,36.5675,-87.10894
37012,36.07112,-86.00563
37013,36.04658,-86.63445
37014,35.8725,-86.6532
37015,36.28798,-87.08113
37016,35.96355,-86.11364
37018,35.64255,-86.19876
37019,35.39094,-86.70943
37020,35.62563,-86.39927
37022,36.4997,-86.31017
37023,36.58409,-87.78302
37025,35.95263,-87.30855
37026,35.69578,-86.10746
37027,35.99978,-86.78439
37028,36.62793,-87.85723
37029,36.04253,-87.2678
37030,36.27374,-85.95035
37031,36.3721,-86.30328
37032,36.52518,-87.01647
37033,35.73493,-87.55365
37034,35.63977,-86.69158
37035,36.3849,-87.12602
37036,36.23979,-87.27182
37037,35.70272,-86.35318
37040,36.52408,-87.33287
37042,36.56894,-87.41225
37043,36.49842,-87.23197
37046,35.77995,-86.71582
37047,35.31291,-86.83191
37048,36.4904,-86.59112
37049,36.55985,-86.67887
37050,36.3713,-87.63586
37051,36.30426,-87.41405
37052,36.37534,-87.40095
37055,36.07921,-87.44238
37057,36.40466,-86.02726
37058,36.47872,-87.8807
37059,35.98611,-85.90798
37060,35.74924,-86.63428
37061,36.28918,-87.66528
37062,35.98833,-87.13483
37064,35.88966,-86.96112
37066,36.39871,-86.45594
37067,35.91314,-86.77461
37069,35.98753,-86.90664
37072,36.35686,-86.74494
37073,36.42834,-86.81414
37074,36.41552,-86.14724
37075,36.34085,-86.60845
37076,36.14512,-86.57977
37078,35.92366,-87.77138
37079,36.4826,-87.65939
37080,36.32901,-86.91633
37082,36.09717,-87.11484
37083,36.54357,-86.00149
37085,35.95308,-86.27912
37086,36.02177,-86.55971
37087,36.2733,-86.27224
37090,36.12439,-86.29707
37091,35.48546,-86.76405
37095,35.98295,-85.95919
37096,35.60487,-87.86054
37097,35.7785,-87.8303
37098,35.87142,-87.31075
37101,36.06625,-87.63741
37110,35.6436,-85.74314
37115,36.25444,-86.69636
37118,35.92569,-86.18903
37122,36.17791,-86.48872
37127,35.77947,-86.32723
37128,35.80343,-86.47483
37129,35.92556,-86.44098
37130,35.8809,-86.33003
37132,35.84873,-86.36284
37134,36.0014,-87.95063
37135,35.93562,-86.6625
37137,35.87912,-87.50276
37138,36.24652,-86.61938
37140,35.86345,-87.65245
37141,36.6145,-86.69894
37142,36.41164,-87.50112
37143,36.13137,-87.03038
37144,35.30516,-86.65585
37145,36.38179,-85.91203
37146,36.4047,-87.03123
37148,36.57694,-86.50224
37149,35.80876,-86.19311
37150,36.54437,-85.81082
37151,36.31288,-86.04536
37153,35.7645,-86.55531
37160,35.46562,-86.48268
37165,36.29005,-87.46943
37166,35.92444,-85.78978
37167,35.96325,-86.52922
37171,36.36442,-87.30365
37172,36.53661,-86.86005
37174,35.72197,-86.8995
37175,36.32349,-87.89678
37178,36.3195,-87.78694
37179,35.8073,-86.91517
37180,35.6189,-86.57679
37181,36.241,-87.49706
37183,35.5104,-86.30162
37184,36.08682,-86.14524
37185,36.07118,-87.8392
37186,36.58644,-86.22868
37187,36.1471,-87.19885
37188,36.48048,-86.68101
37189,36.27875,-86.82983
37190,35.82599,-86.0424
37191,36.50726,-87.52392
37201,36.16662,-86.77799
37203,36.14937,-86.78986
37204,36.10669,-86.77463
37205,36.11075,-86.87274
37206,36.18085,-86.73117
37207,36.23278,-86.77765
37208,36.17691,-86.80901
37209,36.15591,-86.91638
37210,36.1442,-86.73374
37211,36.06704,-86.72345
37212,36.13376,-86.80167
37213,36.16654,-86.76731
37214,36.16789,-86.66296
37215,36.08197,-86.83492
37216,36.21589,-86.72676
37217,36.10836,-86.66178
37218,36.20814,-86.89158
37219,36.1663,-86.78299
37220,36.06759,-86.78127
37221,36.05991,-86.97189
37228,36.19513,-86.80418
37232,36.1411,-86.8029
37238,36.1657,-86.77946
37301,35.42765,-85.80295
37302,35.01303,-85.01961
37303,35.4403,-84.64051
37305,35.45795,-85.70195
37306,35.09776,-86.18928
37307,35.16676,-84.62158
37308,35.3476,-84.99728
37309,35.30595,-84.74453
37310,35.26237,-84.77767
37311,35.10054,-84.92298
37312,35.2286,-84.87344
37313,35.37703,-85.70245
37315,35.04722,-85.05158
37316,35.00161,-84.72975
37317,35.03079,-84.44341
37318,35.17879,-85.97994
37321,35.50239,-85.00801
37322,35.49562,-84.81512
37323,35.09627,-84.81984
37324,35.25251,-86.00044
37325,35.24726,-84.61108
37326,35.04023,-84.38329
37327,35.42251,-85.39993
37328,35.02825,-86.36876
37329,35.39201,-84.46017
37330,35.28411,-86.12967
37331,35.31662,-84.5336
37332,35.59418,-84.96277
37333,35.14844,-84.35981
37334,35.16532,-86.57966
37335,35.06584,-86.40548
37336,35.30117,-84.93413
37337,35.78594,-84.86651
37338,35.42356,-85.20942
37339,35.37386,-85.63222
37340,35.02085,-85.53179
37341,35.21386,-85.0834
37342,35.38175,-85.94937
37343,35.16904,-85.20899
37345,35.0366,-86.24299
37347,35.06088,-85.61894
37348,35.11935,-86.44222
37350,34.99445,-85.3516
37351,35.10073,-85.26135
37352,35.27981,-86.35417
37353,35.12288,-84.9855
37354,35.50195,-84.34387
37355,35.50843,-86.07866
37356,35.22952,-85.82393
37357,35.59454,-85.92003
37359,35.19776,-86.4119
37360,35.44702,-86.25586
37361,35.08543,-84.6551
37362,35.03152,-84.70028
37363,35.11551,-85.0549
37365,35.37287,-85.54013
37366,35.32054,-85.84224
37367,35.62959,-85.21832
37369,35.19908,-84.47707
37370,35.35903,-84.70064
37373,35.39476,-85.10373
37374,35.16404,-85.65818
37375,35.15355,-85.88173
37376,35.04748,-85.95834
37377,35.21243,-85.3389
37379,35.29407,-85.17429
37380,35.07265,-85.75754
37381,35.68533,-84.8775
37383,35.20984,-85.91373
37385,35.33494,-84.22933
37387,35.27745,-85.71427
37388,35.35141,-86.19747
37391,35.09049,-84.35327
37394,35.53918,-85.86047
37396,35.00198,-85.50353
37397,35.21046,-85.51819
37398,35.18182,-86.13808
37402,35.04672,-85.31553
37403,35.0476,-85.29448
37404,35.02827,-85.27331
37405,35.11757,-85.40429
37406,35.07246,-85.24541
37407,35.002,-85.28941
37408,35.03048,-85.31237
37409,35.0012,-85.34466
37410,35.002,-85.31366
37411,35.02655,-85.23026
37412,34.9974,-85.22726
37415,35.12735,-85.27932
37416,35.09856,-85.15751
37419,35.04052,-85.41734
37421,35.02915,-85.153
37450,35.04897,-85.31217
37601,36.32838,-82.31974
37604,36.29923,-82.38302
37614,36.30097,-82.36741
37615,36.39771,-82.45246
37616,36.22619,-82.7498
37617,36.53155,-82.37248
37618,36.46555,-82.20833
37620,36.55124,-82.09867
37640,36.33023,-81.9773
37641,36.20015,-82.66306
37642,36.53261,-82.7267
37643,36.37513,-82.13729
37645,36.56275,-82.66243
37650,36.10416,-82.45938
37656,36.39997,-82.63075
37657,36.01725,-82.56057
37658,36.26352,-82.1535
37659,36.28074,-82.4938
37660,36.52938,-82.57339
37663,36.46466,-82.48525
37664,36.51163,-82.50729
37665,36.57951,-82.57304
37680,36.57462,-81.72556
37681,36.25465,-82.62672
37682,36.30035,-82.29169
37683,36.45303,-81.82233
37686,36.44175,-82.34639
37687,36.18667,-82.09667
37688,36.54548,-81.88281
37690,36.25124,-82.55895
37691,36.36792,-81.75519
37692,36.18456,-82.30413
37694,36.3849,-82.27588
37701,35.79393,-83.98461
37705,36.22862,-84.00947
37708,36.32312,-83.33588
37709,36.16798,-83.66479
37710,36.15802,-84.3177
37711,36.28102,-83.03885
37713,36.09073,-83.13373
37714,36.26656,-84.25277
37715,36.55323,-83.95894
37716,36.09919,-84.16822
37719,36.02196,-84.42815
37721,36.13155,-83.80829
37722,35.80611,-83.23339
37723,35.96044,-84.82171
37724,36.54457,-83.69328
37725,35.99778,-83.39678
37726,36.20464,-84.8386
37727,35.88885,-83.00651
37729,36.51412,-84.03276
37730,36.56837,-83.97357
37731,36.54383,-83.00873
37732,36.32792,-84.6282
37733,36.35676,-84.69497
37737,35.75778,-84.11913
37738,35.67125,-83.47641
37742,35.67548,-84.18049
37743,36.06663,-82.85659
37745,36.2784,-82.82631
37748,35.94797,-84.51413
37752,36.56735,-83.55422
37753,35.82276,-83.098
37754,36.13059,-84.03305
37755,36.42249,-84.53166
37756,36.30165,-84.40704
37757,36.30182,-84.14371
37760,36.10773,-83.46443
37762,36.57657,-84.12323
37763,35.82344,-84.49356
37764,35.97074,-83.61585
37765,36.57219,-83.06534
37766,36.39958,-84.07275
37769,36.21799,-84.15532
37770,36.15239,-84.6418
37771,35.8382,-84.31748
37772,35.78775,-84.21876
37774,35.7317,-84.35526
37777,35.82742,-84.05186
37779,36.21093,-83.75793
37801,35.67134,-84.08453
37803,35.67115,-83.97761
37804,35.79228,-83.89311
37806,36.08645,-83.72368
37807,36.25955,-83.82702
37809,36.15431,-83.03611
37810,36.17984,-83.10296
37811,36.35558,-83.2144
37813,36.17644,-83.26542
37814,36.23604,-83.3317
37818,36.18581,-82.97233
37819,36.55649,-84.21169
37820,36.08364,-83.56715
37821,35.97688,-83.19506
37825,36.41221,-83.68196
37826,35.55825,-84.58984
37828,36.19788,-84.06889
37829,36.00094,-84.61331
37830,35.96431,-84.29221
37840,36.05849,-84.37047
37841,36.5088,-84.54665
37843,36.01137,-83.04979
37845,36.10369,-84.45022
37846,35.68008,-84.48505
37847,36.43156,-84.27346
37848,36.23701,-83.68179
37849,36.0578,-84.04476
37851,36.56558,-83.79244
37852,36.32365,-84.57454
37853,35.83723,-83.90854
37854,35.88004,-84.71454
37857,36.42145,-82.94269
37860,36.24492,-83.18441
37861,36.24516,-83.51421
37862,35.78314,-83.61232
37863,35.7864,-83.56367
37865,35.84609,-83.73974
37866,36.35017,-83.8517
37869,36.51555,-83.24579
37870,36.46319,-83.83562
37871,36.04693,-83.67932
37872,36.26869,-84.68119
37873,36.52446,-82.84754
37874,35.59749,-84.45823
37876,35.8645,-83.47876
37877,36.15176,-83.40503
37878,35.59406,-83.98358
37879,36.48403,-83.48705
37880,35.7012,-84.66453
37881,36.39861,-83.34393
37882,35.60335,-83.82118
37885,35.50392,-84.12539
37886,35.74142,-83.80747
37887,36.0772,-84.61573
37888,36.31063,-83.61266
37890,36.08144,-83.29299
37891,36.29172,-83.13992
37892,36.55666,-84.37132
37902,35.96203,-83.92039
37909,35.94716,-84.02275
37912,36.00849,-83.98465
37914,35.97988,-83.79937
37915,35.97057,-83.90002
37916,35.95309,-83.9335
37917,36.00156,-83.91265
37918,36.0599,-83.91082
37919,35.91429,-84.00106
37920,35.91084,-83.85909
37921,35.97877,-84.00028
37922,35.86124,-84.10127
37923,35.92697,-84.08076
37924,36.03554,-83.80211
37929,35.96241,-83.91597
37931,35.97611,-84.12496
37932,35.92273,-84.19562
37934,35.87338,-84.17882
37938,36.12499,-83.93815
38001,35.81323,-89.15505
38002,35.28854,-89.70926
38004,35.41909,-89.76687
38006,35.69507,-89.09761
38007,36.16422,-89.43925
38008,35.24455,-88.99879
38011,35.47266,-89.71415
38012,35.60959,-89.27085
38015,35.55948,-89.82436
38016,35.17956,-89.76046
38017,35.06722,-89.65347
38018,35.13781,-89.76647
38019,35.56114,-89.6304
38021,35.87042,-89.18411
38023,35.47468,-89.95114
38024,36.03743,-89.38511
38028,35.18486,-89.63474
38029,35.24205,-89.82351
38030,35.99942,-89.59981
38034,35.91273,-89.236
38036,35.32715,-89.61941
38037,35.79433,-89.39232
38039,35.0571,-89.18545
38040,35.88185,-89.48065
38041,35.64397,-89.70204
38042,35.15059,-89.13848
38044,35.20736,-88.80244
38046,35.04598,-89.24408
38047,36.06499,-89.55569
38049,35.38689,-89.544
38050,35.81635,-89.22712
38052,35.08574,-88.91308
38053,35.33583,-89.95
38054,35.3358,-89.8744
38057,35.05381,-89.36772
38058,35.45861,-89.81933
38059,36.11132,-89.24113
38060,35.21214,-89.50468
38061,35.06704,-88.7647
38063,35.74598,-89.63412
38066,35.07421,-89.53944
38067,35.08561,-89.04804
38068,35.25972,-89.3349
38069,35.46209,-89.37151
38070,35.94045,-89.24915
38075,35.37197,-89.15569
38076,35.12301,-89.45633
38077,36.32852,-89.4744
38079,36.41378,-89.47032
38080,36.20295,-89.52142
38103,35.15308,-90.05518
38104,35.13253,-90.00435
38105,35.1512,-90.03541
38106,35.10067,-90.0375
38107,35.17054,-90.02397
38108,35.1763,-89.96382
38109,35.0341,-90.13533
38111,35.11014,-89.94429
38112,35.14791,-89.97661
38113,35.10198,-90.13285
38114,35.09648,-89.98596
38115,35.05499,-89.86362
38116,35.03213,-90.01001
38117,35.11504,-89.90551
38118,35.03655,-89.93021
38119,35.07986,-89.84593
38120,35.12344,-89.85237
38122,35.1571,-89.92247
38125,35.02537,-89.78936
38126,35.12695,-90.04378
38127,35.23795,-90.01753
38128,35.22623,-89.92612
38131,35.06603,-89.99266
38132,35.07069,-90.00033
38133,35.21292,-89.79474
38134,35.17674,-89.85992
38135,35.23876,-89.8497
38138,35.08477,-89.7993
38139,35.08615,-89.75581
38141,35.01599,-89.85472
38152,35.11843,-89.93743
38201,36.12335,-88.53131
38220,35.98836,-88.673
38221,36.24552,-88.03685
38222,36.44512,-88.16288
38224,36.39172,-88.48774
38225,36.31764,-88.67937
38226,36.47722,-88.66382
38229,36.22108,-88.60939
38230,36.15592,-88.77154
38231,36.21277,-88.42442
38232,36.34828,-89.32295
38233,36.20411,-89.04622
38235,35.99116,-88.58109
38236,36.17572,-88.26463
38237,36.36406,-88.83162
38240,36.25091,-89.32045
38241,36.42852,-88.58964
38242,36.3076,-88.33244
38251,36.44636,-88.3539
38253,36.29821,-89.05822
38254,36.37444,-89.34662
38255,36.23954,-88.86483
38256,36.31388,-88.12539
38257,36.46386,-88.88397
38258,36.02094,-88.61188
38259,36.20204,-89.18439
38260,36.36961,-89.21128
38261,36.43214,-89.11583
38301,35.5908,-88.8531
38305,35.70108,-88.76779
38310,35.26175,-88.39832
38311,35.43842,-88.09737
38313,35.60107,-88.62541
38315,35.26918,-88.6241
38316,36.06873,-88.81547
38317,36.05425,-88.26965
38318,35.95687,-88.26189
38320,36.04764,-88.1095
38321,35.83341,-88.53013
38326,35.04419,-88.27514
38327,35.22348,-88.30085
38328,35.67601,-88.21222
38329,35.54541,-88.11283
38330,36.0675,-89.03316
38332,35.41978,-88.42934
38333,36.12236,-87.9709
38334,35.35342,-88.58977
38337,35.78515,-89.01149
38338,35.87483,-88.84863
38339,35.0524,-88.5147
38340,35.40021,-88.68226
38341,35.87677,-88.08888
38342,36.10766,-88.29024
38343,35.82727,-88.92819
38344,35.97716,-88.43066
38345,35.59109,-88.51163
38347,35.47632,-88.49846
38348,35.86893,-88.65198
38351,35.66324,-88.40401
38352,35.53037,-88.53308
38355,35.78637,-88.76942
38356,35.43877,-88.89029
38357,35.04888,-88.4112
38358,35.91661,-88.75934
38359,35.37222,-88.35109
38361,35.31897,-88.29232
38362,35.72696,-88.78508
38363,35.68625,-88.11051
38365,35.05383,-88.23627
38366,35.47797,-88.74461
38367,35.05266,-88.62728
38368,35.50191,-88.35659
38369,36.13253,-88.9652
38370,35.38942,-88.2465
38371,35.42346,-88.2967
38372,35.16516,-88.14523
38374,35.51192,-88.23469
38375,35.16142,-88.58811
38376,35.12974,-88.34447
38379,35.16388,-88.42825
38380,35.79114,-88.03263
38381,35.35144,-88.96205
38382,35.96925,-88.99186
38387,35.86573,-88.26968
38388,35.77672,-88.31535
38389,36.10315,-89.12134
38390,35.83845,-88.37797
38391,35.55026,-88.99033
38392,35.45908,-89.03709
38401,35.62955,-87.02097
38425,35.40706,-87.96588
38449,35.05231,-86.82954
38450,35.18523,-87.80143
38451,35.46706,-86.99573
38452,35.07898,-87.79239
38453,35.11923,-86.81472
38454,35.72334,-87.35538
38455,35.06199,-86.89366
38456,35.33464,-87.26559
38457,35.0297,-87.28482
38459,35.19135,-86.80219
38460,35.10116,-87.15937
38461,35.59514,-87.33987
38462,35.53142,-87.54869
38463,35.06802,-87.64494
38464,35.29035,-87.42845
38468,35.13083,-87.29072
38469,35.0741,-87.42765
38471,35.0771,-87.92134
38472,35.3773,-87.03873
38473,35.02775,-87.17057
38474,35.51848,-87.22966
38475,35.2624,-88.02336
38476,35.84341,-87.20984
38477,35.05075,-87.00932
38478,35.21565,-87.01329
38481,35.02813,-87.48863
38482,35.76792,-87.14574
38483,35.43411,-87.33476
38485,35.33281,-87.77659
38486,35.17306,-87.54029
38487,35.72163,-87.23589
38488,35.03906,-86.68569
38501,36.22682,-85.53841
38503,36.16333,-85.50588
38504,36.39314,-84.73528
38505,36.17316,-85.50559
38506,36.18334,-85.44246
38541,36.52903,-85.33767
38542,36.31576,-85.20113
38543,36.37514,-85.15931
38544,36.11605,-85.66238
38545,36.23133,-85.65964
38547,36.14954,-86.00833
38548,36.17252,-85.79197
38549,36.5617,-85.15243
38550,35.76982,-85.63268
38551,36.55804,-85.48699
38552,36.2166,-85.81195
38553,36.20322,-85.00442
38554,36.25131,-85.16095
38555,35.88956,-84.97537
38556,36.41016,-84.9249
38558,36.00532,-84.87374
38559,35.80692,-85.51334
38560,36.23458,-85.8713
38562,36.35173,-85.65932
38563,36.19658,-86.0147
38564,36.27144,-85.75364
38565,36.26296,-85.00992
38567,36.13392,-85.91518
38568,36.43594,-85.46907
38569,36.10887,-85.85647
38570,36.37678,-85.31983
38571,36.0513,-85.01374
38572,35.84764,-85.12778
38573,36.48945,-85.21931
38574,36.141,-85.22498
38575,36.55848,-85.63515
38577,36.56453,-84.94651
38578,35.98031,-85.19886
38579,35.83218,-85.54919
38580,36.27729,-85.29522
38581,35.73834,-85.62141
38582,36.09431,-85.75382
38583,35.94649,-85.43781
38585,35.68995,-85.42274
38587,35.8677,-85.61723
38588,36.45613,-85.7189
38589,36.28551,-85.07624
38601,34.48146,-89.45166
38603,34.83949,-89.14163
38606,34.30375,-89.9581
38610,34.65357,-89.02637
38611,34.85467,-89.67116
38614,34.15914,-90.60747
38617,34.36261,-90.49342
38618,34.70203,-89.93415
38619,34.51288,-89.82678
38620,34.23206,-89.9156
38621,34.4528,-90.1731
38622,34.16944,-90.13448
38623,34.36131,-90.29692
38625,34.61866,-88.8334
38626,34.5182,-90.43966
38627,34.44503,-89.24563
38629,34.86914,-88.99421
38631,34.35891,-90.62765
38632,34.79973,-90.00629
38633,34.64206,-89.19671
38635,34.7677,-89.47896
38637,34.95105,-90.05004
38639,34.30909,-90.4285
38641,34.90616,-90.1857
38642,34.91861,-89.33901
38643,34.15082,-90.26281
38644,34.45899,-90.47576
38645,34.2469,-90.47663
38646,34.28141,-90.29673
38647,34.95851,-89.21746
38650,34.52776,-89.14165
38651,34.89172,-90.00359
38652,34.48545,-88.99652
38654,34.93635,-89.82409
38655,34.33114,-89.4825
38658,34.19011,-89.89906
38659,34.62073,-89.32065
38661,34.89009,-89.55918
38663,34.74111,-88.89718
38664,34.80434,-90.33217
38665,34.58165,-90.16693
38666,34.42007,-89.92708
38668,34.60109,-89.92505
38670,34.42815,-90.28899
38671,34.96376,-89.99567
38672,34.93727,-89.94943
38673,34.29607,-89.62485
38674,34.8718,-88.89549
38676,34.67274,-90.3682
38677,34.36402,-89.53859
38680,34.96152,-90.14463
38683,34.93504,-88.85997
38685,34.5953,-89.48827
38701,33.30621,-91.03346
38703,33.47081,-91.04775
38720,34.11907,-90.78741
38721,32.96598,-90.75876
38722,33.26116,-90.88304
38723,33.22967,-91.03845
38725,33.63834,-91.05543
38726,33.75207,-90.97664
38730,33.6883,-90.79932
38731,33.11524,-91.13829
38732,33.75556,-90.72558
38733,33.74463,-90.73504
38736,33.64389,-90.54173
38737,33.85683,-90.4928
38738,33.93049,-90.53653
38740,34.04825,-90.79039
38744,33.03066,-91.05371
38745,32.98592,-91.00499
38746,33.95677,-90.94112
38748,33.15787,-90.87964
38751,33.45326,-90.67469
38753,33.34845,-90.58583
38754,33.24816,-90.62066
38756,33.39326,-90.85827
38759,33.82495,-90.73501
38760,33.4535,-90.99394
38761,33.42507,-90.47658
38762,33.8885,-90.72681
38764,33.79878,-90.87965
38765,33.0493,-90.8896
38767,34.12809,-90.80552
38768,33.96576,-90.48036
38769,33.84255,-90.97678
38771,33.73914,-90.5243
38772,33.56254,-91.08769
38773,33.60455,-90.77388
38774,33.9659,-90.76695
38776,33.42466,-90.92752
38778,33.54564,-90.51832
38781,33.90876,-90.75684
38801,34.22256,-88.7762
38804,34.28094,-88.67246
38821,33.97503,-88.43918
38824,34.52303,-88.64334
38826,34.30164,-88.84655
38827,34.53,-88.20244
38828,34.42365,-88.86789
38829,34.65229,-88.53639
38833,34.82259,-88.34274
38834,34.91627,-88.56027
38838,34.5448,-88.2643
38839,33.8558,-89.28404
38841,34.34943,-89.02237
38843,34.26753,-88.37437
38844,33.839,-88.25593
38846,34.85135,-88.39501
38847,34.40772,-88.24074
38848,33.94523,-88.27797
38849,34.45442,-88.69319
38850,34.04792,-89.06705
38851,33.90763,-88.9637
38852,34.84484,-88.21598
38855,34.32646,-88.48659
38856,34.46835,-88.44553
38857,34.28004,-88.57808
38858,34.10145,-88.53726
38859,34.52865,-88.37548
38860,33.97649,-88.75879
38862,34.16871,-88.62048
38863,34.2167,-89.02738
38864,34.14325,-89.20167
38865,34.78003,-88.58821
38866,34.36644,-88.68187
38868,34.12168,-88.74692
38869,34.35627,-88.83635
38870,34.06886,-88.34125
38871,34.33582,-89.2055
38873,34.66169,-88.25141
38876,34.21457,-88.23112
38878,33.88179,-89.19231
38879,34.19519,-88.71209
38901,33.76275,-89.79799
38913,34.13774,-89.37836
38914,33.86466,-89.46453
38915,34.02807,-89.38957
38916,33.81815,-89.35158
38917,33.54902,-89.95501
38920,33.8823,-90.05018
38921,33.98328,-90.1425
38922,33.93641,-89.64878
38923,33.37829,-89.99354
38924,33.29342,-90.22392
38925,33.62917,-89.61961
38927,34.13394,-90.01827
38928,33.85405,-90.28731
38929,33.74014,-89.52425
38930,33.52845,-90.14245
38940,33.75145,-90.03505
38941,33.48655,-90.35909
38943,33.52033,-89.84525
38944,33.76106,-90.34242
38946,33.37701,-90.35591
38947,33.51718,-89.92128
38948,34.07635,-89.89364
38949,34.18542,-89.4151
38950,33.74281,-90.19758
38951,33.97605,-89.28802
38952,33.63041,-90.33711
38953,33.91821,-89.92325
38954,33.41301,-90.21536
38957,33.98747,-90.37296
38961,33.96463,-89.8859
38962,33.87201,-90.18465
38963,34.00442,-90.40598
38964,34.11035,-90.38868
38965,34.13486,-89.59257
38966,33.9202,-90.31828
38967,33.45832,-89.72026
39038,33.20179,-90.47023
39039,32.82216,-90.22757
39040,32.63907,-90.41314
39041,32.41757,-90.47273
39042,32.2135,-89.88966
39044,32.02869,-89.97161
39045,32.78735,-89.8173
39046,32.62834,-89.99634
39047,32.43356,-89.95011
39051,32.7868,-89.50718
39054,32.79855,-90.93525
39056,32.37384,-90.35083
39057,32.49268,-89.28381
39058,32.33571,-90.33143
39059,31.98194,-90.35141
39061,33.08597,-90.80324
39062,31.98479,-89.89815
39063,33.11698,-89.89975
39066,32.30188,-90.60502
39067,33.11574,-89.44853
39069,31.6836,-91.04038
39071,32.54887,-90.3185
39073,32.10269,-90.13049
39074,32.3872,-89.47398
39078,31.87901,-90.19596
39079,32.93178,-89.88449
39082,31.94663,-90.12369
39083,31.83467,-90.46997
39086,31.96275,-90.75964
39088,32.73287,-90.7545
39090,33.00775,-89.54503
39092,32.31489,-89.36833
39094,32.57497,-89.67591
39095,33.11929,-90.09452
39096,31.82508,-91.11672
39097,32.99105,-90.59478
39108,33.15684,-89.33033
39110,32.50325,-90.13791
39111,31.89536,-89.71816
39113,32.82707,-91.06476
39114,31.95331,-89.83257
39115,33.04679,-90.56133
39116,31.89165,-89.54925
39117,32.31096,-89.66413
39119,31.75236,-89.67509
39120,31.51148,-91.35206
39140,31.75211,-90.00512
39144,31.82971,-90.80155
39145,32.33862,-89.79819
39146,32.88078,-89.99316
39148,32.06159,-89.99459
39149,31.83354,-90.00985
39150,31.99264,-90.98487
39152,32.2011,-89.57779
39153,32.05133,-89.50159
39154,32.22695,-90.44762
39156,32.53901,-90.77056
39157,32.42537,-90.16685
39159,32.82894,-90.92476
39160,32.99756,-89.75336
39162,32.62627,-90.63395
39166,33.05161,-90.48208
39167,32.09316,-90.04003
39168,31.82994,-89.40974
39169,33.13515,-90.29371
39170,32.11182,-90.3377
39173,32.74247,-90.47219
39174,32.4009,-90.16018
39175,32.09238,-90.62097
39176,33.30398,-89.74859
39177,32.61286,-90.84546
39179,32.80873,-90.0984
39180,32.223,-90.90225
39183,32.4554,-90.83307
39189,32.60412,-89.4003
39191,31.71492,-90.40764
39192,33.19153,-89.75324
39193,32.23625,-90.07681
39194,32.83423,-90.49856
39201,32.28981,-90.18398
39202,32.31105,-90.16956
39203,32.30928,-90.20042
39204,32.28313,-90.23689
39206,32.37237,-90.17268
39208,32.25827,-90.08908
39209,32.39498,-90.30168
39210,32.32255,-90.17997
39211,32.37176,-90.12219
39212,32.24081,-90.26174
39213,32.39384,-90.23007
39216,32.33463,-90.1606
39217,32.29754,-90.20963
39218,32.22825,-90.15857
39232,32.3361,-90.08693
39269,32.30114,-90.1889
39272,32.18838,-90.26335
39301,32.27289,-88.59226
39305,32.46392,-88.72465
39307,32.33847,-88.79217
39309,32.55417,-88.57422
39320,32.56169,-88.74507
39322,31.58344,-88.53203
39323,32.34971,-88.92624
39324,31.58032,-88.69755
39325,32.56198,-88.87362
39326,32.59814,-88.67904
39327,32.44563,-89.12173
39328,32.75012,-88.69564
39330,32.19385,-88.85689
39332,32.30399,-89.0046
39335,32.53214,-88.49263
39336,32.29081,-89.27253
39337,32.51447,-88.98528
39338,32.11034,-89.23274
39339,33.10417,-89.00259
39341,33.0998,-88.55702
39342,32.42566,-88.64968
39345,32.28717,-89.12974
39346,32.96171,-89.089
39347,32.05507,-88.93419
39348,32.00007,-89.03475
39350,32.79674,-89.12984
39352,32.66834,-88.47808
39354,32.87945,-88.83625
39355,32.05808,-88.61965
39356,32.13632,-89.0283
39358,32.83317,-88.45605
39359,32.56852,-89.33206
39360,31.86357,-88.7409
39361,32.97952,-88.61234
39362,31.39326,-88.53988
39363,32.11918,-88.77628
39364,32.40597,-88.49617
39365,32.60486,-89.12225
39366,31.93795,-88.90057
39367,31.68219,-88.6644
39401,31.23496,-89.26912
39402,31.33446,-89.4132
39406,31.32895,-89.33515
39421,31.48411,-89.71179
39422,31.95953,-89.26745
39423,31.17553,-88.91103
39425,31.05633,-89.06322
39426,30.65375,-89.65709
39427,31.48693,-89.82701
39428,31.65017,-89.57215
39429,31.25052,-89.76337
39437,31.57883,-89.21981
39439,31.85865,-89.00227
39440,31.694,-89.14791
39443,31.71932,-89.07376
39451,31.16722,-88.61757
39452,30.88002,-88.59097
39455,31.01084,-89.46931
39456,31.0282,-88.81819
39459,31.49021,-89.30216
39461,31.18703,-88.73992
39462,31.22105,-89.05738
39464,31.49268,-89.06129
39465,31.34456,-89.18751
39466,30.53328,-89.63424
39470,30.81602,-89.57581
39474,31.61739,-89.85458
39475,31.15496,-89.4129
39476,31.37855,-88.86764
39477,31.79291,-89.03579
39478,31.05306,-89.85768
39479,31.53775,-89.46065
39480,31.70889,-89.31529
39481,31.86738,-89.24457
39482,31.37271,-89.57966
39483,31.23515,-89.92674
39501,30.3857,-89.10309
39503,30.47432,-89.14752
39507,30.39945,-89.03628
39520,30.26885,-89.47132
39525,30.38123,-89.37065
39529,30.37734,-89.60211
39530,30.40344,-88.89165
39531,30.40459,-88.96735
39532,30.50155,-88.97454
39534,30.40856,-88.92122
39540,30.47108,-88.90088
39553,30.41625,-88.64848
39556,30.44457,-89.42747
39560,30.37356,-89.17356
39561,30.70633,-89.16049
39562,30.54573,-88.49039
39563,30.42449,-88.52601
39564,30.40518,-88.75471
39565,30.5759,-88.75207
39567,30.36192,-88.55254
39571,30.41662,-89.28125
39572,30.25089,-89.60127
39573,30.72692,-89.08271
39574,30.60912,-89.10489
39576,30.28699,-89.38511
39577,30.90213,-89.07971
39581,30.35048,-88.49324
39595,30.33448,-88.57587
39601,31.56548,-90.47762
39629,31.43729,-90.45737
39630,31.45939,-90.84544
39631,31.07321,-91.09581
39633,31.287,-91.16663
39635,31.18432,-90.44859
39638,31.22378,-90.99747
39641,31.35717,-90.17042
39643,31.24575,-90.01368
39645,31.1485,-90.79399
39647,31.51498,-90.7143
39648,31.18611,-90.38804
39652,31.11034,-90.46701
39653,31.46055,-90.86727
39654,31.53716,-90.13831
39656,31.45055,-89.92843
39657,31.02727,-90.50334
39661,31.48704,-91.07952
39662,31.38778,-90.29838
39663,31.58615,-90.02955
39664,31.32894,-90.68252
39665,31.64125,-90.21404
39666,31.2853,-90.48857
39667,31.1298,-90.12656
39668,31.69126,-90.79126
39669,31.14966,-91.39547
39701,33.41091,-88.50807
39702,33.43876,-88.34493
39705,33.58669,-88.43705
39730,33.83926,-88.56267
39735,33.34511,-89.18998
39736,33.4169,-88.64178
39737,33.65211,-89.33573
39739,33.23843,-88.57855
39740,33.71668,-88.31287
39741,33.65254,-88.85536
39743,33.31913,-88.61308
39744,33.58344,-89.30374
39745,33.29984,-89.46277
39746,33.74697,-88.41544
39747,33.42283,-89.5538
39750,33.56331,-89.05751
39751,33.70444,-89.10004
39752,33.5198,-89.15427
39753,33.48441,-88.63052
39755,33.61275,-88.95138
39756,33.78356,-88.74266
39759,33.43491,-88.82631
39762,33.44648,-88.79576
39766,33.5876,-88.31598
39767,33.47263,-89.45001
39769,33.31867,-89.01136
39771,33.60694,-89.27873
39772,33.30509,-89.29893
39773,33.63892,-88.67558
39776,33.78517,-89.03239
39813,31.42631,-84.68361
39815,30.74138,-84.4935
39817,30.93953,-84.59132
39819,30.78485,-84.64297
39823,31.34004,-84.94641
39824,31.52882,-84.86552
39825,30.92359,-84.73496
39826,31.82092,-84.32423
39827,30.94911,-84.21674
39828,30.79741,-84.22444
39832,31.19304,-85.0257
39834,30.89298,-84.42749
39836,31.66293,-84.87726
39837,31.15321,-84.67283
39840,31.78874,-84.75986
39841,31.29031,-84.69124
39842,31.75837,-84.44314
39845,30.95011,-84.89329
39846,31.56841,-84.74271
39851,31.63432,-85.00086
39854,31.86713,-85.04881
39859,30.99493,-84.80731
39861,31.13635,-84.9884
39862,31.45694,-84.51615
39866,31.55954,-84.60553
39867,31.84076,-84.93684
39870,31.31944,-84.41071
39877,31.9183,-84.50647
39885,31.72189,-84.34304
39886,31.73469,-84.61554
39897,30.91234,-84.33297
40003,38.26863,-85.04367
40004,37.80279,-85.4695
40006,38.59626,-85.32861
40007,38.4524,-85.00176
40008,37.91735,-85.28097
40009,37.47075,-85.099
40010,38.37226,-85.45431
40011,38.53048,-85.1718
40012,37.90697,-85.17376
40013,37.93427,-85.48684
40014,38.3412,-85.43181
40019,38.37416,-85.17437
40020,37.93503,-85.38753
40022,38.15242,-85.3341
40023,38.16264,-85.42367
40025,38.30133,-85.65202
40026,38.42687,-85.52902
40031,38.42617,-85.39368
40033,37.55935,-85.23928
40036,38.44317,-84.97272
40037,37.65409,-85.41196
40040,37.77433,-85.05727
40041,38.25615,-85.66475
40045,38.69376,-85.35641
40046,38.02324,-85.17729
40047,38.04007,-85.55453
40049,37.66442,-85.39724
40050,38.44596,-85.17753
40051,37.65293,-85.57949
40052,37.58417,-85.51154
40055,38.49889,-85.32867
40056,38.30654,-85.48784
40057,38.38636,-85.0491
40058,38.43265,-85.17002
40059,38.35784,-85.58441
40060,37.53529,-85.44371
40061,37.70954,-85.26353
40062,37.59969,-85.43161
40063,37.57052,-85.34336
40065,38.21225,-85.20734
40067,38.2269,-85.364
40068,38.38933,-85.27131
40069,37.71627,-85.21764
40070,38.47969,-85.24405
40071,38.04327,-85.37069
40075,38.56169,-85.11346
40076,38.11301,-85.08671
40077,38.49996,-85.43768
40078,37.84272,-85.14902
40104,38.09012,-86.34053
40107,37.76952,-85.63798
40108,37.96964,-86.16791
40109,38.05857,-85.75469
40110,37.93478,-85.64015
40111,37.77881,-86.62881
40115,37.73784,-86.22707
40117,37.89919,-86.1247
40118,38.09805,-85.75572
40119,37.60799,-86.54925
40121,37.92614,-85.95292
40140,37.71867,-86.29047
40142,37.88898,-86.21095
40143,37.78541,-86.50507
40144,37.75899,-86.37732
40145,37.64607,-86.32019
40146,37.84622,-86.31954
40150,37.87458,-85.68799
40152,37.61389,-86.44185
40155,37.94684,-85.99303
40157,38.02111,-86.37694
40160,37.8144,-85.93971
40161,38.00422,-86.39887
40162,37.7517,-86.04394
40165,37.99407,-85.68918
40170,37.96479,-86.49607
40171,37.96435,-86.43577
40175,37.81907,-86.08635
40176,37.92377,-86.34652
40177,38.0009,-85.92502
40178,37.65834,-86.40853
40202,38.25288,-85.75205
40203,38.24722,-85.765
40204,38.23873,-85.7208
40205,38.22313,-85.68275
40206,38.25788,-85.70205
40207,38.26357,-85.65543
40208,38.2176,-85.7659
40209,38.18492,-85.74372
40210,38.23161,-85.78592
40211,38.23425,-85.82147
40212,38.26787,-85.80256
40213,38.177,-85.71571
40214,38.15141,-85.78285
40215,38.19052,-85.78555
40216,38.18707,-85.83738
40217,38.21689,-85.73725
40218,38.19036,-85.65698
40219,38.13907,-85.68877
40220,38.21535,-85.61794
40221,38.18644,-85.75302
40222,38.26436,-85.61173
40223,38.26153,-85.54328
40228,38.13931,-85.62947
40229,38.09074,-85.65597
40231,38.19551,-85.69523
40241,38.30339,-85.5774
40242,38.27639,-85.59042
40243,38.23917,-85.53188
40245,38.26574,-85.45327
40258,38.14514,-85.87253
40272,38.08291,-85.85315
40280,38.24764,-85.68704
40291,38.1275,-85.57823
40299,38.16319,-85.51613
40310,37.752,-84.76941
40311,38.32407,-84.02256
40312,37.84386,-83.93013
40313,38.13215,-83.38973
40316,37.93419,-83.52895
40322,37.93367,-83.63329
40324,38.24786,-84.54956
40328,37.56632,-85.02565
40330,37.78912,-84.89016
40334,38.0197,-83.74943
40336,37.68352,-83.9832
40337,37.95286,-83.85644
40339,37.94313,-84.64107
40342,38.0036,-84.9837
40346,37.98339,-83.74384
40347,38.15794,-84.71915
40348,38.30296,-84.14613
40350,38.30512,-83.87881
40351,38.19817,-83.4133
40353,38.06514,-83.94853
40355,38.61023,-84.86535
40356,37.87307,-84.56554
40357,38.14519,-84.10843
40358,38.05769,-83.6831
40359,38.48224,-84.8209
40360,38.15665,-83.76679
40361,38.20536,-84.22415
40363,38.51439,-85.00976
40370,38.39382,-84.52971
40371,38.07716,-83.59561
40372,37.90899,-84.88537
40374,38.21419,-83.90359
40376,37.7839,-83.69604
40379,38.30778,-84.68992
40380,37.81965,-83.78006
40383,38.01022,-84.73919
40385,37.73866,-84.13085
40387,37.93494,-83.49027
40390,37.85407,-84.67075
40391,37.96969,-84.14507
40402,37.29663,-83.97008
40403,37.57052,-84.26622
40404,37.57311,-84.29037
40409,37.37667,-84.42971
40419,37.44791,-84.49204
40422,37.64235,-84.80488
40434,37.39364,-83.93949
40437,37.44531,-84.85486
40440,37.57628,-84.8322
40442,37.35205,-84.72868
40444,37.67893,-84.58819
40445,37.3125,-84.21159
40447,37.45496,-84.0299
40448,37.45624,-84.75799
40456,37.3538,-84.32099
40460,37.39385,-84.23985
40461,37.59014,-84.40849
40464,37.55579,-84.91148
40468,37.65158,-84.98782
40472,37.71841,-83.87562
40475,37.7635,-84.30828
40481,37.42658,-84.09116
40484,37.5153,-84.676
40486,37.37238,-83.86123
40489,37.36629,-84.64435
40502,38.01376,-84.48189
40503,38.0047,-84.53434
40504,38.04181,-84.54133
40505,38.06039,-84.45679
40507,38.04686,-84.49628
40508,38.05004,-84.50018
40509,37.99408,-84.36791
40510,38.07243,-84.60138
40511,38.13278,-84.47392
40513,38.01626,-84.60694
40514,37.98279,-84.56352
40515,37.92021,-84.4152
40516,38.07366,-84.36631
40517,37.98386,-84.48833
40526,38.0297,-84.50153
40536,38.02979,-84.50732
40601,38.23294,-84.88327
40701,36.91759,-84.16651
40729,37.2435,-84.14788
40734,36.92642,-83.96609
40737,37.00838,-84.13902
40740,37.02111,-84.03888
40741,37.13349,-84.11636
40744,37.03841,-84.08864
40759,36.82034,-84.0571
40763,36.68848,-83.94403
40769,36.7116,-84.17284
40771,36.85942,-84.03459
40801,36.85692,-83.25493
40803,37.04572,-83.42185
40806,36.88595,-83.2881
40807,36.9647,-82.95578
40808,36.9995,-83.2801
40810,36.93176,-83.30451
40813,36.71526,-83.59838
40815,36.7876,-83.22876
40816,37.00879,-83.3667
40818,36.82003,-83.2442
40819,36.81025,-83.46242
40820,36.77552,-83.16515
40823,36.95664,-82.98864
40824,36.82489,-83.37221
40826,37.05637,-82.7783
40827,37.05208,-83.47187
40828,36.87107,-83.14868
40829,36.798,-83.29655
40830,36.77644,-83.33114
40831,36.76457,-83.33454
40840,36.9457,-83.41854
40843,36.88826,-82.93666
40844,37.05506,-83.35406
40845,36.79899,-83.51755
40847,36.85281,-83.15798
40849,36.89941,-83.13469
40854,36.84664,-83.35634
40855,36.94931,-82.89836
40856,36.70574,-83.52939
40858,37.01592,-83.40106
40862,37.01418,-82.87096
40863,36.74048,-83.44567
40865,36.91637,-83.21804
40868,37.09367,-83.41638
40870,36.93211,-83.14858
40873,36.81541,-83.40411
40874,36.98407,-83.47345
40902,36.84824,-83.62435
40903,36.80973,-83.83163
40906,36.88828,-83.87546
40913,36.94986,-83.54367
40914,37.0932,-83.56154
40915,36.89235,-83.82025
40921,36.78195,-83.90185
40923,36.92059,-83.84923
40927,36.89081,-83.03445
40935,36.91107,-83.71264
40939,36.81217,-83.71152
40940,36.60991,-83.92988
40941,37.12981,-83.74585
40943,36.95494,-83.85631
40946,36.95757,-83.82467
40949,36.90253,-83.86717
40953,36.93771,-83.80163
40958,36.8088,-83.5878
40962,37.14912,-83.74922
40964,36.78264,-83.33763
40965,36.62469,-83.73461
40972,37.24501,-83.60692
40977,36.72332,-83.72867
40979,37.00491,-83.495
40981,37.27792,-83.48531
40982,36.93241,-83.69421
40983,37.34608,-83.75339
40988,36.85928,-83.52838
40995,36.75268,-83.82322
40997,36.88348,-83.67711
41001,38.91409,-84.40256
41002,38.73002,-83.98282
41003,38.53181,-84.39164
41004,38.65549,-84.10134
41005,39.00709,-84.76541
41006,38.78475,-84.34298
41007,38.89289,-84.30788
41008,38.65648,-85.16873
41010,38.50085,-84.60763
41011,39.06802,-84.53065
41014,39.0655,-84.50464
41015,38.97885,-84.48456
41016,39.08701,-84.5487
41017,39.02893,-84.56177
41018,39.01546,-84.60282
41030,38.78582,-84.58754
41031,38.41383,-84.28631
41033,38.77131,-84.46114
41034,38.70104,-83.90426
41035,38.70322,-84.66141
41039,38.41381,-83.88074
41040,38.65232,-84.33188
41041,38.40548,-83.72338
41042,38.98595,-84.64906
41043,38.75644,-84.19832
41044,38.60513,-83.97265
41045,38.72262,-85.02091
41046,38.70953,-84.80637
41048,39.08366,-84.70585
41049,38.27465,-83.64581
41051,38.93233,-84.54451
41052,38.65914,-84.77777
41055,38.51787,-83.86995
41056,38.59913,-83.77576
41059,39.00504,-84.35213
41063,38.85323,-84.49983
41064,38.51462,-84.07106
41071,39.0732,-84.48211
41073,39.10123,-84.47748
41074,39.11018,-84.4607
41075,39.07838,-84.45248
41076,39.0178,-84.44084
41080,39.0493,-84.82938
41083,38.67513,-84.98805
41085,39.03508,-84.39378
41086,38.69219,-84.88241
41091,38.92056,-84.7379
41092,38.81811,-84.70115
41093,38.39441,-83.56269
41094,38.88213,-84.62292
41095,38.79033,-84.81567
41097,38.62088,-84.58033
41098,38.59553,-84.99513
41101,38.47392,-82.65045
41102,38.42045,-82.72425
41121,38.44911,-82.83032
41124,38.02148,-82.85118
41129,38.31755,-82.64073
41132,38.25667,-82.8314
41135,38.36026,-83.28796
41139,38.50927,-82.73288
41141,38.54381,-83.13357
41142,38.27774,-83.07308
41143,38.33916,-82.97704
41144,38.53461,-82.91208
41146,38.27701,-82.88969
41149,38.06008,-83.05438
41159,38.01305,-82.96993
41164,38.28914,-83.16231
41166,38.63464,-83.09328
41168,38.30732,-82.76992
41169,38.52232,-82.71316
41171,38.09336,-83.08901
41174,38.69841,-83.0139
41175,38.64574,-82.97791
41179,38.52483,-83.38988
41180,38.13358,-82.85999
41181,38.20758,-82.87425
41183,38.55,-82.73707
41189,38.54493,-83.56175
41201,38.06201,-82.7576
41203,37.85241,-82.46112
41204,37.81784,-82.6843
41214,37.79448,-82.59839
41216,37.73016,-82.81308
41219,37.92586,-82.90882
41222,37.77036,-82.85032
41224,37.82089,-82.53936
41226,37.97853,-82.9562
41230,38.0656,-82.66196
41231,37.79447,-82.38903
41232,37.93602,-82.74007
41234,37.79654,-82.74161
41238,37.83943,-82.95072
41240,37.82103,-82.78927
41250,37.73511,-82.46079
41254,37.8845,-82.72711
41255,37.91014,-82.83765
41256,37.82446,-82.88135
41257,37.91372,-82.8044
41260,37.82253,-82.75126
41262,37.85112,-82.61377
41263,37.85717,-82.76256
41264,37.94021,-82.677
41265,37.75424,-82.70446
41267,37.87514,-82.43591
41268,37.78797,-82.78433
41271,37.82773,-82.72453
41274,37.86174,-82.81164
41301,37.72121,-83.48941
41310,37.64068,-83.25147
41311,37.57896,-83.72163
41314,37.44008,-83.63743
41317,37.46029,-83.19851
41332,37.80029,-83.37575
41339,37.53158,-83.29231
41348,37.42577,-83.31387
41351,37.32754,-83.59363
41352,37.82357,-83.33511
41360,37.78889,-83.6264
41364,37.37569,-83.64172
41365,37.71117,-83.62663
41366,37.62472,-83.21959
41367,37.4045,-83.23218
41385,37.64998,-83.33665
41386,37.47992,-83.79273
41390,37.41872,-83.3792
41397,37.66683,-83.67709
41408,37.79508,-83.28828
41421,37.99027,-83.17397
41425,37.88407,-83.42761
41464,37.65974,-82.97201
41465,37.72985,-83.08494
41472,37.94179,-83.22334
41501,37.50805,-82.5154
41503,37.66079,-82.28446
41512,37.25251,-82.47772
41513,37.35282,-82.34329
41514,37.67135,-82.33169
41517,37.18919,-82.60026
41519,37.58359,-82.32334
41522,37.31644,-82.40088
41524,37.43345,-82.23444
41526,37.43372,-82.51256
41527,37.63187,-82.29378
41528,37.55458,-82.13984
41531,37.59509,-82.23131
41534,37.27748,-82.49644
41535,37.59368,-82.28422
41537,37.22221,-82.61619
41538,37.30338,-82.58891
41539,37.50265,-82.32231
41540,37.39013,-82.32318
41543,37.54837,-82.28226
41544,37.59602,-82.17368
41547,37.53821,-82.09437
41548,37.37847,-82.25372
41553,37.48057,-82.16025
41554,37.43919,-82.32446
41555,37.53816,-82.2589
41557,37.48189,-82.41548
41558,37.53953,-82.20819
41559,37.37997,-82.39017
41560,37.39423,-82.57875
41562,37.3991,-82.47052
41563,37.22628,-82.53694
41564,37.60476,-82.3667
41566,37.40836,-82.1922
41567,37.56897,-82.28621
41568,37.50369,-82.05896
41571,37.62651,-82.44437
41572,37.31342,-82.64368
41601,37.60969,-82.72037
41602,37.7387,-82.75249
41603,37.55934,-82.68704
41604,37.38986,-82.66782
41605,37.55498,-82.63009
41606,37.34594,-82.7375
41607,37.62216,-82.8438
41612,37.35451,-82.72233
41615,37.54211,-82.68337
41616,37.58522,-82.87847
41619,37.48328,-82.74187
41621,37.6269,-82.72663
41622,37.51377,-82.80925
41630,37.46416,-82.84992
41631,37.46801,-82.65365
41632,37.55029,-82.94982
41635,37.48009,-82.62831
41636,37.39772,-82.73087
41640,37.47649,-82.92643
41642,37.59569,-82.64457
41643,37.43778,-82.84307
41645,37.52872,-82.79294
41647,37.43056,-82.71737
41649,37.57139,-82.78337
41650,37.34722,-82.68166
41651,37.46716,-82.75527
41653,37.6603,-82.76466
41655,37.50496,-82.72465
41659,37.58415,-82.60064
41660,37.41341,-82.63846
41663,37.56844,-82.65966
41666,37.4396,-82.80621
41667,37.31138,-82.69881
41669,37.33375,-82.71469
41701,37.29778,-83.18781
41712,37.3744,-83.13751
41713,37.22703,-83.27799
41714,37.16519,-83.5075
41719,37.29727,-83.24526
41721,37.31371,-83.49949
41722,37.40441,-83.10329
41723,37.25469,-83.31409
41725,37.31667,-83.03244
41727,37.35624,-83.32352
41729,37.2681,-83.2159
41731,37.10312,-83.08393
41735,37.01793,-83.09963
41739,37.32596,-83.12802
41740,37.35649,-83.0467
41745,37.34449,-83.42848
41746,37.21574,-83.09779
41749,37.19364,-83.4199
41751,37.2196,-83.12659
41754,37.30025,-83.32459
41759,37.23211,-83.02521
41760,37.19456,-83.08588
41762,37.20742,-83.50077
41763,37.05439,-83.12157
41764,37.12924,-83.25545
41766,37.18526,-83.44443
41772,37.4075,-83.01679
41773,37.23534,-83.01721
41774,37.15512,-83.13847
41775,37.09373,-83.34207
41776,37.15933,-83.28158
41777,37.06022,-83.23276
41778,37.26612,-83.3223
41804,37.14923,-82.98993
41810,37.18492,-82.67278
41812,37.2473,-82.74445
41815,37.15821,-82.79799
41817,37.35922,-82.90038
41819,36.99191,-83.07788
41821,37.07563,-83.00711
41822,37.31991,-82.97848
41824,37.18771,-82.88015
41825,37.23323,-82.70854
41826,37.17348,-82.92115
41828,37.2971,-82.78444
41831,37.38531,-82.94633
41832,37.15286,-82.9548
41833,37.02919,-82.97323
41834,37.26585,-82.94661
41835,37.21196,-82.67114
41836,37.25839,-82.90887
41837,37.1215,-82.75231
41838,37.19677,-82.75144
41839,37.42041,-82.87741
41840,37.19962,-82.71813
41843,37.27495,-82.85938
41844,37.32916,-82.8643
41845,37.1396,-82.90301
41847,37.20823,-82.95961
41848,37.11491,-82.94384
41849,37.1744,-82.73251
41855,37.18874,-82.78496
41858,37.1454,-82.84697
41859,37.39922,-82.77606
41861,37.39002,-82.8264
41862,37.34971,-82.78929
42001,37.03317,-88.7135
42003,37.00653,-88.58472
42020,36.68913,-88.29145
42021,36.80129,-88.9957
42022,37.14593,-88.94553
42023,36.87623,-88.98742
42024,37.0742,-89.05026
42025,36.85764,-88.33441
42027,36.91585,-88.63018
42028,37.23637,-88.33946
42029,37.00963,-88.38947
42031,36.68741,-88.98864
42032,36.751,-89.10378
42035,36.90392,-88.83674
42036,36.72246,-88.23048
42037,37.15843,-88.18441
42038,37.04137,-88.02364
42039,36.78535,-88.82809
42040,36.62454,-88.50371
42041,36.54593,-88.87456
42044,36.95744,-88.26417
42045,37.072,-88.26453
42047,37.30061,-88.39046
42048,36.76676,-88.23533
42049,36.51874,-88.31828
42050,36.54675,-89.20347
42051,36.85629,-88.64522
42053,37.1033,-88.87606
42054,36.71734,-88.43149
42055,37.06959,-88.16765
42056,37.11088,-88.98452
42058,37.05329,-88.4714
42060,36.96385,-88.82778
42061,36.88262,-88.76959
42064,37.35022,-88.09158
42066,36.73328,-88.6403
42069,36.92328,-88.75828
42071,36.62139,-88.28291
42076,36.55906,-88.09473
42078,37.28876,-88.27202
42079,36.55978,-88.57611
42081,37.22821,-88.40274
42082,36.91618,-88.50092
42083,37.16381,-88.27767
42085,36.56942,-88.80044
42086,37.0828,-88.76838
42087,36.97328,-89.00323
42088,36.61808,-88.75409
42101,37.06552,-86.47809
42103,36.94802,-86.33396
42104,36.87718,-86.45233
42120,36.67196,-86.27465
42122,36.85885,-86.35718
42123,36.82039,-85.99573
42124,36.86534,-85.64817
42127,37.12167,-85.92746
42129,36.99,-85.58992
42130,36.9224,-85.77816
42131,36.82734,-85.90915
42133,36.72248,-85.95468
42134,36.72626,-86.56433
42140,36.65549,-85.83108
42141,36.94883,-85.91489
42151,36.64848,-85.56058
42153,36.68006,-86.04234
42154,37.04876,-85.72421
42156,36.85947,-86.04952
42157,36.78872,-85.8187
42159,36.99594,-86.24771
42160,37.10339,-86.08035
42163,37.07968,-86.13466
42164,36.7704,-86.18096
42166,36.87768,-85.71503
42167,36.72432,-85.66998
42170,36.84678,-86.57459
42171,37.03609,-86.16728
42202,36.68732,-86.85916
42204,36.69509,-87.08096
42206,36.88221,-86.72302
42207,37.30357,-86.27858
42210,37.21724,-86.31438
42211,36.82016,-87.83709
42214,37.13428,-85.68822
42215,36.99256,-87.67018
42217,37.04915,-87.47212
42220,36.90129,-87.18395
42223,36.6381,-87.47258
42232,36.86665,-87.66167
42234,36.70656,-87.17598
42236,36.7196,-87.61225
42240,36.88388,-87.46024
42252,37.23713,-86.50029
42254,36.66435,-87.63852
42256,37.01666,-86.94796
42259,37.23524,-86.17206
42261,37.22405,-86.67015
42262,36.68386,-87.44714
42265,36.739,-87.00141
42266,36.76562,-87.3601
42273,37.20128,-86.85916
42274,36.94915,-86.60534
42275,37.22701,-86.44628
42276,36.86093,-86.87727
42280,36.95055,-87.09927
42285,37.26418,-86.29751
42286,36.72749,-87.26959
42301,37.73983,-87.24643
42303,37.76138,-87.04889
42320,37.35093,-86.87291
42321,37.17977,-87.05195
42322,37.62083,-87.38821
42323,37.17406,-87.03261
42324,37.13863,-87.00974
42325,37.32537,-87.27375
42326,37.23666,-87.00835
42327,37.58721,-87.30042
42328,37.41898,-87.0429
42330,37.31436,-87.12245
42332,37.25099,-87.08935
42333,37.37718,-86.75609
42337,37.22309,-86.99964
42338,37.55295,-86.77408
42339,37.11326,-86.95033
42343,37.63594,-86.69795
42344,37.25681,-87.32053
42345,37.14839,-87.18943
42347,37.52414,-86.88715
42348,37.83379,-86.76578
42349,37.42695,-86.67425
42350,37.44852,-87.1831
42351,37.9026,-86.87903
42352,37.51333,-87.0833
42354,37.37915,-86.9273
42355,37.86206,-86.9895
42356,37.69364,-87.32289
42361,37.51791,-86.69183
42366,37.72404,-86.93988
42367,37.2448,-87.16133
42368,37.71258,-86.75133
42369,37.3517,-87.00719
42370,37.4497,-86.74121
42371,37.4978,-87.29362
42372,37.40588,-87.2773
42374,37.33333,-87.14045
42376,37.61626,-87.08619
42378,37.65093,-86.87258
42404,37.47878,-87.83636
42406,37.77792,-87.74496
42408,37.1797,-87.69229
42409,37.5436,-87.69947
42410,37.27655,-87.51078
42411,37.20315,-88.02852
42413,37.44257,-87.46919
42420,37.79875,-87.51517
42431,37.33319,-87.47512
42436,37.41462,-87.56946
42437,37.66234,-87.92067
42440,37.23887,-87.46782
42441,37.36768,-87.65962
42442,37.17408,-87.48652
42444,37.64152,-87.6455
42445,37.12861,-87.86052
42450,37.38741,-87.77535
42451,37.88165,-87.38966
42452,37.68531,-87.53654
42453,37.14888,-87.58275
42455,37.5858,-87.53938
42456,37.51182,-87.49929
42458,37.85249,-87.42367
42459,37.5637,-88.01837
42461,37.78668,-87.88807
42462,37.74123,-87.79834
42463,37.47897,-87.86717
42464,37.18132,-87.37148
42501,37.06174,-84.44973
42503,37.15677,-84.52511
42516,37.22247,-84.77881
42518,36.9253,-84.64265
42519,36.93932,-84.53573
42528,37.18335,-85.01712
42533,37.06752,-84.59382
42539,37.30566,-84.95265
42541,37.37325,-84.80778
42544,37.03473,-84.8143
42553,37.1716,-84.70056
42565,37.15008,-84.90086
42566,37.28389,-84.77932
42567,37.26441,-84.60454
42602,36.73201,-85.13324
42603,36.77875,-85.01093
42629,36.92551,-85.11732
42631,36.74039,-84.48098
42633,36.79245,-84.83155
42634,36.88043,-84.41601
42635,36.67601,-84.40033
42638,36.67487,-84.4689
42642,37.05624,-85.0352
42647,36.6922,-84.61144
42649,36.6253,-84.41798
42653,36.78117,-84.4618
42701,37.70502,-85.83881
42712,37.56098,-86.15791
42713,37.37631,-85.88282
42715,36.94352,-85.4134
42716,37.47495,-85.61925
42717,36.78169,-85.38331
42718,37.38994,-85.37561
42721,37.42173,-86.49593
42722,37.27628,-85.71703
42724,37.67293,-86.06461
42726,37.42423,-86.15035
42728,37.10943,-85.28873
42729,37.30167,-86.09719
42732,37.61,-86.11235
42733,37.34008,-85.18028
42740,37.59174,-85.94358
42741,36.9888,-85.25183
42742,37.07774,-85.47888
42743,37.22958,-85.53175
42746,37.21233,-85.73304
42748,37.57029,-85.70952
42749,37.18983,-85.87516
42753,37.22299,-85.17411
42754,37.47814,-86.31379
42757,37.40192,-85.72501
42758,37.37656,-85.19756
42759,36.82909,-85.51334
42762,37.45366,-86.39527
42764,37.42948,-85.62507
42765,37.30699,-85.93115
42776,37.51577,-85.91834
42782,37.34475,-85.63702
42784,37.4503,-85.92272
42788,37.52774,-86.0372
43001,40.08794,-82.61289
43002,40.05982,-83.17305
43003,40.41017,-82.96866
43004,40.01664,-82.80025
43005,40.28241,-82.26728
43006,40.4591,-82.14554
43007,40.33154,-83.40595
43008,39.93348,-82.4817
43009,40.17188,-83.64234
43010,39.99964,-83.6219
43011,40.30946,-82.68456
43013,40.23101,-82.6895
43014,40.46646,-82.25242
43015,40.29812,-83.06049
43016,40.09732,-83.15535
43017,40.1189,-83.13314
43018,39.95377,-82.67613
43019,40.49527,-82.57831
43021,40.20301,-82.88476
43022,40.33765,-82.34135
43023,40.07603,-82.53061
43025,39.96653,-82.51529
43026,40.02197,-83.18472
43027,40.25375,-82.52253
43028,40.40335,-82.29783
43029,40.09598,-83.45408
43030,39.96783,-82.40667
43031,40.16292,-82.66378
43033,39.96098,-82.59984
43035,40.18622,-82.9969
43036,40.3524,-83.26325
43037,40.28062,-82.31654
43040,40.26115,-83.35812
43044,40.05145,-83.56423
43045,40.16932,-83.44975
43046,39.89917,-82.53844
43047,40.20795,-83.63797
43050,40.37188,-82.49536
43054,40.07998,-82.79253
43055,40.1168,-82.37672
43056,40.00895,-82.33057
43060,40.21978,-83.57295
43061,40.28775,-83.20256
43062,40.00556,-82.67964
43064,40.09819,-83.28863
43065,40.17655,-83.09445
43066,40.39877,-83.16313
43067,40.34368,-83.48388
43068,39.95667,-82.78468
43070,40.22056,-83.95651
43071,40.18479,-82.35509
43072,40.1172,-83.95514
43074,40.28008,-82.84899
43076,39.89594,-82.39497
43077,40.13675,-83.34165
43078,40.11302,-83.77538
43080,40.24284,-82.43126
43081,40.11064,-82.89083
43082,40.15537,-82.88437
43084,40.15764,-83.54223
43085,40.09959,-83.01639
43101,39.46466,-82.74563
43102,39.64076,-82.76118
43103,39.72484,-82.93428
43105,39.86513,-82.61826
43106,39.6448,-83.41853
43107,39.69254,-82.40993
43109,39.9127,-82.83385
43110,39.82825,-82.80143
43111,39.50212,-82.24257
43112,39.79719,-82.70472
43113,39.59114,-82.96192
43115,39.48989,-83.16579
43116,39.77284,-83.06275
43117,39.76874,-83.20622
43119,39.93487,-83.20059
43123,39.86801,-83.12088
43125,39.83747,-82.88588
43126,39.81077,-83.16857
43127,39.47559,-82.32183
43128,39.66359,-83.57893
43130,39.70013,-82.60992
43135,39.4711,-82.69736
43136,39.80157,-82.81543
43137,39.80486,-82.98694
43138,39.52225,-82.41335
43140,39.88406,-83.42946
43142,39.59289,-83.58777
43143,39.71801,-83.29672
43144,39.52797,-82.19155
43145,39.56281,-83.2594
43146,39.77293,-83.14333
43147,39.8982,-82.74227
43148,39.81809,-82.49887
43149,39.53742,-82.57188
43150,39.77446,-82.40565
43151,39.73317,-83.47661
43152,39.39211,-82.61433
43153,39.74071,-83.56781
43154,39.60327,-82.82622
43155,39.6251,-82.52618
43156,39.55389,-82.77621
43157,39.84303,-82.54675
43158,39.44968,-82.35546
43160,39.52871,-83.43917
43162,39.94369,-83.30633
43164,39.58349,-83.12009
43201,39.99114,-83.00056
43202,40.02126,-83.01394
43203,39.9729,-82.96922
43204,39.96135,-83.08052
43205,39.9575,-82.96244
43206,39.94205,-82.97346
43207,39.89599,-82.96392
43209,39.95462,-82.92992
43210,40.00487,-83.02182
43211,40.01163,-82.97244
43212,39.98763,-83.04215
43213,39.97117,-82.86746
43214,40.0523,-83.01996
43215,39.96633,-83.01262
43217,39.81667,-82.93279
43218,40.01765,-82.92367
43219,40.00774,-82.92233
43220,40.04847,-83.07161
43221,40.02334,-83.07744
43222,39.961,-83.03581
43223,39.92636,-83.03395
43224,40.04256,-82.9664
43227,39.94511,-82.88858
43228,39.96367,-83.12478
43229,40.08569,-82.97636
43230,40.03648,-82.87057
43231,40.07843,-82.93914
43232,39.92189,-82.87053
43235,40.10193,-83.05442
43240,40.14501,-82.98209
43302,40.59995,-83.12967
43310,40.5346,-83.78029
43311,40.36427,-83.75812
43314,40.6474,-82.96122
43315,40.4841,-82.87872
43316,40.95184,-83.38596
43317,40.47748,-82.68202
43318,40.30948,-83.91378
43319,40.30525,-83.57738
43320,40.5886,-82.89994
43321,40.463,-82.82889
43322,40.5327,-83.20815
43323,40.73116,-83.25211
43324,40.44632,-83.81207
43325,40.66939,-82.83102
43326,40.64149,-83.61443
43330,40.81349,-83.41935
43331,40.51794,-83.9191
43332,40.58369,-83.37769
43333,40.43927,-83.93221
43334,40.39912,-82.79863
43336,40.28337,-83.57651
43337,40.68336,-83.24107
43338,40.56207,-82.75958
43340,40.53748,-83.48
43341,40.59577,-83.31544
43342,40.47533,-83.17994
43343,40.3073,-83.97647
43344,40.43219,-83.33832
43345,40.51341,-83.58167
43346,40.5768,-83.84518
43347,40.47771,-83.65804
43348,40.46754,-83.88857
43350,40.39557,-82.69977
43351,40.82501,-83.30424
43356,40.45748,-83.04788
43357,40.25316,-83.74711
43358,40.41898,-83.53129
43359,40.86977,-83.45319
43360,40.33272,-83.63114
43402,41.40957,-83.65389
43403,41.37784,-83.63653
43406,41.33605,-83.4372
43407,41.27717,-83.24994
43408,41.57179,-83.36352
43410,41.30792,-82.95807
43412,41.62933,-83.31961
43413,41.24205,-83.65476
43414,41.45165,-83.61724
43416,41.48532,-83.27055
43420,41.35749,-83.11265
43430,41.5238,-83.37329
43431,41.38998,-83.33964
43432,41.56115,-83.24934
43433,41.50463,-82.88033
43434,41.69319,-83.44474
43435,41.32634,-83.31197
43436,41.71522,-82.82098
43437,41.25396,-83.60176
43438,41.60343,-82.70268
43439,41.51758,-83.04275
43440,41.52662,-82.78145
43442,41.42911,-83.21496
43443,41.46099,-83.46906
43445,41.58644,-83.29488
43446,41.68483,-82.80863
43447,41.56654,-83.43429
43449,41.5357,-83.14151
43450,41.40013,-83.49324
43451,41.31551,-83.61614
43452,41.51568,-82.96522
43456,41.64934,-82.82497
43457,41.26788,-83.42508
43458,41.53105,-83.21258
43460,41.60392,-83.56328
43462,41.28352,-83.71887
43463,41.51141,-83.50511
43464,41.40318,-82.93116
43465,41.56593,-83.50489
43466,41.29234,-83.51394
43467,41.24328,-83.49098
43468,41.59974,-83.34661
43469,41.45947,-83.36474
43501,41.66966,-84.46095
43502,41.53181,-84.30201
43504,41.69736,-83.8369
43505,41.52429,-84.73101
43506,41.46739,-84.55704
43510,41.46484,-83.94712
43511,41.26384,-83.82376
43512,41.30309,-84.35874
43515,41.58656,-84.00746
43516,41.21579,-83.91081
43517,41.44003,-84.72833
43518,41.58977,-84.75385
43519,41.42092,-84.40854
43520,41.38008,-84.63565
43521,41.66377,-84.29717
43522,41.42058,-83.84352
43523,41.33875,-83.99865
43524,41.22839,-84.039
43525,41.46663,-83.70098
43526,41.31339,-84.73024
43527,41.25121,-84.1593
43528,41.62908,-83.74923
43529,41.18998,-83.78431
43530,41.32794,-84.28933
43531,41.63511,-84.4957
43532,41.45486,-83.97008
43533,41.69335,-84.07997
43534,41.35446,-83.92914
43535,41.30592,-84.02416
43536,41.31345,-84.634
43537,41.57433,-83.68542
43540,41.69545,-83.943
43541,41.30075,-83.82953
43542,41.56642,-83.76531
43543,41.60575,-84.6338
43545,41.39163,-84.12719
43547,41.49214,-83.87634
43548,41.18867,-84.17296
43549,41.37519,-84.51818
43551,41.52095,-83.57503
43553,41.53096,-84.22382
43554,41.66024,-84.56239
43555,41.43772,-84.25596
43556,41.30575,-84.56984
43557,41.48354,-84.39693
43558,41.5935,-83.8781
43560,41.70067,-83.73799
43565,41.42044,-83.74011
43566,41.49467,-83.75838
43567,41.57592,-84.15248
43569,41.3513,-83.78844
43570,41.58616,-84.44116
43571,41.51574,-83.81796
43604,41.65217,-83.53977
43605,41.64734,-83.50722
43606,41.67178,-83.61085
43607,41.64761,-83.60582
43608,41.68008,-83.53062
43609,41.62849,-83.57824
43610,41.67775,-83.5614
43611,41.70241,-83.49154
43612,41.70946,-83.54899
43613,41.70628,-83.60374
43614,41.60336,-83.62715
43615,41.65045,-83.67255
43616,41.65727,-83.40931
43617,41.66416,-83.72808
43619,41.60424,-83.47348
43620,41.66519,-83.5547
43623,41.70419,-83.65095
43701,39.95986,-81.99498
43711,39.84262,-81.57738
43713,39.98979,-81.17368
43716,39.83683,-81.00752
43717,39.78943,-81.5548
43718,40.00926,-81.00596
43719,39.98907,-81.07938
43720,39.79272,-81.86886
43721,39.94927,-82.26015
43722,39.91933,-81.52001
43723,39.96022,-81.5412
43724,39.73267,-81.5166
43725,40.03949,-81.59934
43727,39.8714,-81.79884
43728,39.49188,-81.89676
43730,39.6294,-82.09435
43731,39.72768,-82.0675
43732,39.84409,-81.65883
43733,39.92736,-81.53807
43734,39.88144,-81.90489
43735,39.85437,-82.11917
43736,40.05755,-81.23689
43738,39.8554,-82.14063
43739,39.90693,-82.29025
43740,39.9515,-82.21706
43746,39.97146,-82.17287
43747,39.85784,-81.12128
43748,39.69788,-82.30899
43749,40.15932,-81.56411
43750,39.99353,-81.50975
43754,39.75586,-81.24017
43755,40.0537,-81.43318
43756,39.68993,-81.79574
43758,39.62482,-81.9432
43759,40.06393,-81.06942
43760,39.8858,-82.19577
43761,39.66829,-82.14798
43762,40.03156,-81.74007
43764,39.71485,-82.19239
43766,39.59492,-82.2501
43767,40.00653,-81.80198
43768,40.03776,-81.44477
43771,39.83586,-81.94135
43772,39.88063,-81.52448
43773,39.98758,-81.29636
43777,39.81896,-82.08543
43778,40.01111,-81.37001
43779,39.81718,-81.42528
43780,39.92229,-81.44024
43782,39.62129,-82.2185
43783,39.80389,-82.28878
43786,39.71086,-81.27704
43787,39.53292,-81.80554
43788,39.80175,-81.3334
43791,39.87757,-82.08877
43793,39.74362,-81.10219
43802,40.09346,-81.85687
43804,40.4545,-81.73704
43805,40.39177,-81.97223
43811,40.18285,-81.93232
43812,40.27268,-81.88347
43821,40.13559,-82.00695
43822,40.17409,-82.16958
43824,40.36407,-81.76116
43830,40.06116,-82.14812
43832,40.27333,-81.57931
43836,40.2087,-81.71854
43837,40.29773,-81.47846
43840,40.40511,-81.60025
43842,40.13749,-82.01182
43843,40.33485,-82.17711
43844,40.33349,-82.05163
43845,40.25692,-81.73144
43901,40.21691,-80.86637
43902,39.88731,-80.95596
43903,40.47042,-80.95131
43905,40.11159,-80.8408
43906,40.0132,-80.80118
43907,40.25697,-81.0205
43908,40.50867,-80.87349
43909,40.06774,-80.81552
43910,40.37039,-80.8214
43912,40.08708,-80.79255
43913,40.27048,-80.63154
43914,39.77532,-80.95288
43915,39.75775,-80.89729
43917,40.22396,-80.80546
43920,40.67608,-80.57965
43925,40.44583,-80.86242
43926,40.51068,-80.62252
43928,40.01088,-80.88172
43930,40.56978,-80.77372
43931,39.67288,-80.87137
43932,40.53145,-80.74699
43933,39.93917,-80.89588
43934,40.0752,-80.79123
43935,40.1247,-80.75225
43938,40.30138,-80.67199
43939,40.16723,-80.79993
43940,40.02863,-80.82541
43942,39.86367,-80.84875
43943,40.2242,-80.73269
43944,40.43623,-80.76853
43945,40.63156,-80.84797
43946,39.64792,-80.96887
43947,39.95448,-80.78755
43948,40.26847,-80.78002
43950,40.09164,-80.92193
43951,40.11475,-81.01405
43952,40.39763,-80.66278
43953,40.35815,-80.70548
43961,40.52343,-80.63025
43962,40.67315,-80.88919
43963,40.17155,-80.69698
43964,40.48695,-80.66928
43967,40.02309,-80.94371
43968,40.63365,-80.68729
43971,40.15811,-80.71301
43972,40.10164,-80.9749
43973,40.19111,-81.27688
43974,40.18205,-80.88728
43976,40.36981,-80.90655
43977,40.14519,-81.10451
43981,40.18401,-80.99466
43983,40.13886,-81.20296
43985,40.16168,-81.13155
43986,40.3784,-80.99036
43988,40.40486,-81.09925
44001,41.36825,-82.25958
44003,41.6202,-80.58361
44004,41.85255,-80.78738
44010,41.76087,-80.85152
44011,41.44855,-82.0187
44012,41.49443,-82.01594
44017,41.36867,-81.86303
44021,41.44141,-81.14579
44022,41.44747,-81.4045
44023,41.38732,-81.28858
44024,41.57668,-81.19112
44026,41.53182,-81.3305
44028,41.30986,-81.93959
44030,41.8973,-80.58061
44032,41.6658,-80.66954
44035,41.36539,-82.13025
44039,41.38404,-82.02014
44040,41.53128,-81.4112
44041,41.77579,-80.95223
44044,41.26779,-82.04188
44045,41.7461,-81.28512
44046,41.54157,-81.07227
44047,41.71887,-80.73921
44048,41.84697,-80.64343
44049,41.26626,-82.30553
44050,41.24853,-82.13119
44052,41.45519,-82.16133
44053,41.42694,-82.22138
44054,41.46419,-82.0931
44055,41.43309,-82.13354
44056,41.31465,-81.49868
44057,41.76675,-81.05965
44060,41.67742,-81.32806
44062,41.45899,-81.02698
44064,41.60567,-81.0477
44065,41.46308,-81.24408
44067,41.31386,-81.5476
44068,41.90619,-80.67886
44070,41.41493,-81.91905
44072,41.47196,-81.32917
44074,41.28858,-82.23643
44076,41.52728,-80.81867
44077,41.69933,-81.21142
44080,41.36886,-81.05966
44081,41.76589,-81.14551
44082,41.76012,-80.56558
44084,41.67242,-80.89605
44085,41.60463,-80.87128
44086,41.67443,-81.05599
44087,41.31706,-81.44106
44089,41.38894,-82.36552
44090,41.16757,-82.22836
44092,41.59797,-81.46867
44093,41.53478,-80.61637
44094,41.60985,-81.3791
44095,41.65223,-81.44209
44099,41.55125,-80.97446
44101,41.48988,-81.6717
44102,41.4749,-81.73751
44103,41.51559,-81.64301
44104,41.48238,-81.62702
44105,41.45069,-81.63032
44106,41.5062,-81.60679
44107,41.48263,-81.80025
44108,41.53992,-81.60988
44109,41.44457,-81.69681
44110,41.56365,-81.57111
44111,41.45775,-81.78986
44112,41.53562,-81.57369
44113,41.48343,-81.69638
44114,41.5137,-81.67625
44115,41.49211,-81.66999
44116,41.47011,-81.85194
44117,41.57145,-81.52695
44118,41.5016,-81.55653
44119,41.58673,-81.54748
44120,41.47337,-81.58015
44121,41.52626,-81.53246
44122,41.4701,-81.51272
44123,41.60365,-81.52441
44124,41.49999,-81.46774
44125,41.40658,-81.61548
44126,41.44263,-81.85278
44127,41.471,-81.64874
44128,41.43766,-81.54036
44129,41.39035,-81.73536
44130,41.378,-81.7868
44131,41.3835,-81.65349
44132,41.60484,-81.49958
44133,41.31388,-81.74497
44134,41.38496,-81.70459
44135,41.42472,-81.82135
44136,41.31265,-81.81064
44137,41.40903,-81.56274
44138,41.37363,-81.92302
44139,41.38325,-81.44439
44140,41.48508,-81.93171
44141,41.30139,-81.61439
44142,41.40205,-81.82406
44143,41.55358,-81.47513
44144,41.43738,-81.74272
44145,41.45245,-81.92944
44146,41.38161,-81.53018
44147,41.31956,-81.67797
44149,41.31223,-81.8563
44201,41.02741,-81.18354
44202,41.31645,-81.34243
44203,41.02013,-81.62896
44212,41.24386,-81.82863
44214,40.95081,-81.99935
44215,41.07195,-81.8994
44216,40.93848,-81.58397
44217,40.95561,-81.9133
44221,41.13898,-81.47624
44223,41.16968,-81.53051
44224,41.17697,-81.44016
44230,40.96237,-81.69064
44231,41.30692,-81.07197
44232,40.93254,-81.46354
44233,41.23943,-81.73513
44234,41.33454,-81.15822
44235,41.0316,-82.12246
44236,41.24669,-81.44775
44240,41.13329,-81.34241
44241,41.23945,-81.34728
44243,41.14793,-81.34046
44250,41.02159,-81.43331
44251,41.02814,-81.92764
44253,41.16571,-82.03767
44254,41.04522,-82.01282
44255,41.28658,-81.22982
44256,41.14092,-81.85954
44260,41.03684,-81.34079
44262,41.13901,-81.43492
44264,41.22966,-81.54311
44266,41.1662,-81.19829
44270,40.96317,-81.77696
44272,41.08691,-81.18244
44273,41.0291,-81.87739
44274,41.09944,-81.7285
44275,41.09976,-82.09927
44276,40.93667,-81.83502
44278,41.10052,-81.42137
44280,41.23812,-81.92339
44281,41.05851,-81.73854
44285,41.16241,-81.06595
44286,41.23668,-81.64017
44287,40.94,-82.1005
44288,41.2392,-81.08354
44301,41.04398,-81.52449
44302,41.08951,-81.53857
44303,41.10448,-81.53732
44304,41.08585,-81.50908
44305,41.07643,-81.46226
44306,41.03927,-81.48316
44307,41.07049,-81.546
44308,41.0818,-81.51751
44310,41.10771,-81.49948
44311,41.06427,-81.52047
44312,41.01462,-81.4412
44313,41.13239,-81.56512
44314,41.04048,-81.55838
44319,40.98402,-81.53169
44320,41.07818,-81.58379
44321,41.09994,-81.65182
44325,41.07605,-81.51221
44333,41.16195,-81.63419
44401,41.02457,-80.94658
44402,41.38893,-80.85513
44403,41.24053,-80.58265
44404,41.3277,-80.54861
44405,41.07787,-80.59136
44406,41.01132,-80.77194
44408,40.88487,-80.68569
44410,41.34817,-80.72629
44411,41.0326,-81.05092
44412,41.09671,-81.0229
44413,40.84803,-80.5549
44415,40.77068,-80.70455
44417,41.43336,-80.66329
44418,41.30692,-80.60465
44420,41.17384,-80.67726
44423,40.7524,-80.89963
44424,41.32201,-80.58326
44425,41.17022,-80.57395
44427,40.71672,-80.95686
44428,41.43458,-80.5779
44429,41.09648,-80.98156
44430,41.24011,-80.90804
44431,40.84748,-80.75365
44432,40.74974,-80.75149
44436,41.05775,-80.54241
44437,41.15536,-80.73
44438,41.24252,-80.5345
44439,41.45436,-80.95552
44440,41.1482,-80.78439
44441,40.75802,-80.55264
44442,40.96591,-80.54963
44443,40.92351,-80.59473
44444,41.17559,-80.97647
44445,40.84834,-80.61732
44446,41.18958,-80.74692
44449,40.97957,-81.02446
44450,41.45397,-80.82576
44451,41.08104,-80.86887
44452,40.94711,-80.66232
44454,40.9197,-80.53976
44455,40.77581,-80.60485
44460,40.90221,-80.87026
44470,41.29783,-80.95999
44471,41.04793,-80.58973
44473,41.24684,-80.66326
44481,41.22736,-80.86344
44483,41.26537,-80.81575
44484,41.2348,-80.74962
44485,41.24032,-80.848
44490,40.90041,-80.76801
44491,41.37368,-80.96478
44493,40.82192,-80.88864
44502,41.08365,-80.64253
44503,41.09918,-80.64912
44504,41.12327,-80.65363
44505,41.12735,-80.61687
44506,41.09356,-80.62583
44507,41.07436,-80.65542
44509,41.10986,-80.69655
44510,41.12246,-80.67424
44511,41.06927,-80.69617
44512,41.0249,-80.66757
44514,40.99838,-80.60868
44515,41.1029,-80.76201
44555,41.10726,-80.64875
44601,40.91978,-81.1278
44606,40.73313,-81.79625
44607,40.69589,-81.02685
44608,40.65241,-81.59714
44609,40.9121,-80.9879
44610,40.56078,-81.80139
44611,40.60785,-82.08141
44612,40.63488,-81.46098
44613,40.71338,-81.60026
44614,40.88689,-81.58747
44615,40.5669,-81.0739
44618,40.7722,-81.68925
44619,40.90536,-80.95381
44620,40.5811,-81.21592
44621,40.42878,-81.28955
44622,40.54883,-81.48375
44624,40.61249,-81.66157
44625,40.7623,-80.99919
44626,40.68994,-81.38404
44627,40.66665,-81.83393
44628,40.538,-82.1551
44629,40.35107,-81.44553
44630,40.92695,-81.40408
44632,40.96401,-81.3048
44633,40.63182,-81.93601
44634,40.83385,-81.04685
44637,40.47996,-82.03347
44638,40.6502,-82.13521
44639,40.45166,-81.20963
44640,40.98455,-81.14858
44641,40.86528,-81.23977
44643,40.64304,-81.2998
44644,40.68691,-81.17639
44645,40.90796,-81.71845
44646,40.81055,-81.49835
44647,40.79537,-81.56575
44651,40.6231,-80.9556
44652,40.90088,-81.33015
44653,40.43711,-81.37105
44654,40.53861,-81.87162
44656,40.57027,-81.33104
44657,40.74313,-81.09343
44659,40.6948,-81.70191
44660,40.62382,-81.77487
44661,40.5874,-82.11662
44662,40.71036,-81.55468
44663,40.46066,-81.44961
44665,40.83555,-80.98706
44666,40.84232,-81.63202
44667,40.83386,-81.76495
44669,40.79613,-81.15619
44670,40.76305,-81.18788
44671,40.64511,-81.36565
44672,40.92045,-81.02375
44675,40.50245,-81.24975
44676,40.6891,-82.03266
44677,40.87254,-81.85983
44678,40.56478,-81.36408
44680,40.60174,-81.54512
44681,40.50018,-81.6625
44682,40.39765,-81.40323
44683,40.35505,-81.3218
44685,40.9596,-81.42361
44687,40.53941,-81.71189
44688,40.68458,-81.25757
44689,40.65071,-81.66209
44690,40.61353,-81.69391
44691,40.80714,-81.97971
44693,40.2978,-81.18821
44695,40.43868,-81.1754
44697,40.60807,-81.41175
44699,40.27789,-81.28752
44702,40.79992,-81.37665
44703,40.81093,-81.38134
44704,40.80001,-81.34329
44705,40.83347,-81.3327
44706,40.75382,-81.4198
44707,40.76031,-81.34715
44708,40.81708,-81.43486
44709,40.84218,-81.38634
44710,40.78962,-81.42659
44714,40.83606,-81.35905
44718,40.85122,-81.44806
44720,40.90112,-81.43259
44721,40.89443,-81.32694
44730,40.76706,-81.25814
44802,41.04534,-83.41912
44804,41.10708,-83.53538
44805,40.87335,-82.32096
44807,41.06508,-82.87533
44809,41.13215,-83.29391
44811,41.24445,-82.84474
44813,40.60135,-82.52814
44814,41.32162,-82.4714
44815,41.24697,-83.23947
44817,41.1987,-83.54676
44818,41.0002,-82.99645
44820,40.81829,-82.97186
44822,40.55705,-82.39929
44824,41.37952,-82.80422
44825,40.95443,-82.94194
44826,41.23993,-82.47931
44827,40.81921,-82.75923
44828,41.23367,-82.85957
44830,41.16603,-83.40081
44833,40.71059,-82.79484
44836,41.23772,-83.05455
44837,41.01745,-82.48241
44838,40.77186,-82.25947
44839,41.3725,-82.55656
44840,40.79231,-82.17973
44841,41.25126,-83.31139
44842,40.64903,-82.22498
44843,40.6886,-82.40959
44844,40.9926,-83.25839
44846,41.31589,-82.60832
44847,41.23025,-82.70821
44849,40.80863,-83.13186
44850,41.03539,-82.68403
44851,41.10577,-82.40166
44853,41.05501,-83.30399
44854,40.94723,-82.85748
44855,41.10414,-82.58664
44856,40.79398,-82.85627
44857,41.21785,-82.58212
44859,41.02103,-82.32636
44861,41.24254,-83.14626
44864,40.66748,-82.31871
44865,40.99165,-82.68168
44866,40.92082,-82.19483
44867,41.14755,-82.98963
44870,41.40623,-82.7171
44874,40.96859,-82.36631
44875,40.88645,-82.6489
44878,40.95111,-82.51963
44880,41.03352,-82.21993
44881,40.8703,-82.87687
44882,40.94759,-83.13734
44883,41.12395,-83.17459
44887,40.9205,-82.788
44889,41.24661,-82.38195
44890,41.0818,-82.71248
44901,40.76391,-82.51247
44902,40.7589,-82.51095
44903,40.77624,-82.52655
44904,40.66578,-82.61505
44905,40.77753,-82.46915
44906,40.76413,-82.57778
44907,40.72761,-82.52129
45001,39.13713,-84.71045
45002,39.19871,-84.73422
45003,39.58427,-84.77942
45005,39.53478,-84.3018
45011,39.42892,-84.50173
45013,39.40649,-84.6501
45014,39.32822,-84.5521
45015,39.36273,-84.53785
45030,39.25621,-84.76287
45032,39.50268,-84.00811
45033,39.17962,-84.76469
45034,39.35749,-84.24687
45036,39.44487,-84.21832
45039,39.32655,-84.23586
45040,39.35023,-84.30996
45041,39.21114,-84.70292
45042,39.54867,-84.43755
45044,39.45028,-84.37988
45050,39.44437,-84.36594
45051,39.09983,-84.65504
45052,39.14505,-84.77849
45053,39.35273,-84.78053
45054,39.43844,-84.07418
45055,39.45701,-84.51094
45056,39.49029,-84.74115
45062,39.48501,-84.55371
45064,39.56806,-84.59785
45065,39.37016,-84.21426
45066,39.54925,-84.22265
45067,39.49017,-84.47948
45068,39.52813,-84.05922
45069,39.34213,-84.4105
45070,39.58968,-84.55804
45101,38.69164,-83.74024
45102,39.01718,-84.20602
45103,39.0946,-84.14006
45105,38.75015,-83.61235
45106,38.94633,-84.06831
45107,39.28888,-83.96967
45111,39.20033,-84.28746
45112,38.79377,-84.14144
45113,39.39991,-83.98561
45115,38.80818,-83.70728
45118,39.17192,-83.93107
45119,38.8781,-83.99927
45120,38.82597,-84.09301
45121,38.86769,-83.90911
45122,39.22411,-84.12698
45123,39.3487,-83.38866
45130,38.90886,-83.99897
45131,38.78997,-83.96729
45132,39.34395,-83.5996
45133,39.15695,-83.57282
45135,39.35124,-83.54859
45140,39.25603,-84.24433
45142,39.21033,-83.80553
45144,38.70534,-83.6142
45146,39.3154,-83.79945
45147,39.21114,-84.30192
45148,39.28849,-83.88466
45150,39.16567,-84.23281
45152,39.35005,-84.12316
45153,38.86977,-84.18474
45154,39.06137,-83.91997
45155,39.04057,-83.75181
45156,38.80947,-84.21348
45157,38.95599,-84.22824
45158,39.18229,-84.07769
45159,39.33389,-83.68972
45160,39.12358,-84.13725
45162,39.26913,-84.07851
45164,39.55365,-83.78532
45166,39.4766,-83.68774
45167,38.77234,-83.79943
45168,38.85266,-83.76783
45169,39.505,-83.65035
45171,39.01414,-83.7962
45172,39.07447,-83.38688
45174,39.1588,-84.31073
45176,39.08438,-84.02205
45177,39.46123,-83.83692
45202,39.10885,-84.50243
45203,39.10403,-84.53337
45204,39.09536,-84.57225
45205,39.11057,-84.57518
45206,39.12736,-84.48451
45207,39.14199,-84.4713
45208,39.13522,-84.43393
45209,39.15336,-84.42762
45211,39.15746,-84.59888
45212,39.16403,-84.45173
45213,39.18111,-84.42006
45214,39.12271,-84.54442
45215,39.23536,-84.46221
45216,39.20054,-84.48114
45217,39.16718,-84.49792
45218,39.26623,-84.51975
45219,39.12668,-84.51201
45220,39.14736,-84.52101
45223,39.1696,-84.55354
45224,39.20215,-84.53222
45225,39.14341,-84.55267
45226,39.11149,-84.41989
45227,39.15403,-84.38524
45229,39.15342,-84.48612
45230,39.07445,-84.39082
45231,39.24617,-84.5383
45232,39.1818,-84.51673
45233,39.1191,-84.66559
45236,39.20949,-84.39701
45237,39.19298,-84.45244
45238,39.10927,-84.61053
45239,39.20439,-84.57979
45240,39.28434,-84.52605
45241,39.27659,-84.40175
45242,39.24348,-84.35621
45243,39.18381,-84.34171
45244,39.12009,-84.32764
45245,39.06065,-84.27748
45246,39.2906,-84.46612
45247,39.22048,-84.65172
45248,39.16442,-84.66229
45249,39.27617,-84.32777
45251,39.26789,-84.59422
45252,39.27352,-84.63214
45255,39.05862,-84.32675
45267,39.13812,-84.5031
45301,39.71098,-84.02301
45302,40.40068,-84.20756
45303,40.2146,-84.65627
45304,39.98756,-84.53145
45305,39.63628,-84.07769
45306,40.45856,-84.18575
45307,39.58065,-83.72347
45308,40.12535,-84.45699
45309,39.84475,-84.42204
45310,40.35299,-84.64264
45311,39.62791,-84.66411
45312,40.06028,-84.07976
45314,39.74608,-83.77363
45315,39.85772,-84.33875
45316,39.79754,-83.82517
45317,40.17328,-84.01971
45318,40.12745,-84.35391
45319,39.91608,-83.94324
45320,39.74673,-84.68932
45321,39.87134,-84.67775
45322,39.89967,-84.33206
45323,39.85131,-83.92794
45324,39.81986,-84.00026
45325,39.69297,-84.4269
45326,40.14201,-84.09039
45327,39.63286,-84.39841
45328,40.11621,-84.49676
45330,39.64821,-84.5282
45331,40.09729,-84.64616
45332,39.99967,-84.78776
45333,40.2481,-84.33209
45334,40.44662,-84.04517
45335,39.63079,-83.73353
45336,40.44256,-84.25988
45337,39.98019,-84.42095
45338,39.85147,-84.54417
45339,40.00826,-84.34315
45340,40.37184,-84.04935
45341,39.87589,-84.02045
45342,39.62943,-84.27545
45344,39.95567,-84.00734
45345,39.7392,-84.39926
45346,39.97934,-84.70911
45347,39.88378,-84.76208
45348,40.32663,-84.65404
45349,39.98916,-83.94052
45350,40.32472,-84.57359
45351,40.33954,-84.49574
45352,40.05006,-84.74432
45353,40.29252,-84.04274
45354,39.91033,-84.39983
45356,40.16252,-84.23097
45358,39.98724,-84.48796
45359,40.05067,-84.3511
45360,40.33028,-84.09206
45361,39.96374,-84.41484
45362,40.28684,-84.63368
45363,40.23925,-84.39841
45365,40.2828,-84.15582
45368,39.84376,-83.65413
45369,39.95304,-83.60304
45370,39.60853,-84.04015
45371,39.93885,-84.16357
45372,40.01471,-83.83862
45373,40.03353,-84.19588
45377,39.89636,-84.22774
45378,39.90291,-84.48781
45380,40.24511,-84.51314
45381,39.73223,-84.52433
45382,39.89621,-84.61626
45383,39.9572,-84.3337
45384,39.71444,-83.88638
45385,39.66813,-83.91457
45387,39.79754,-83.88622
45388,40.32799,-84.47901
45389,40.05639,-84.02532
45390,40.21894,-84.76778
45402,39.75983,-84.20751
45403,39.76303,-84.14978
45404,39.79011,-84.15324
45405,39.79241,-84.21592
45406,39.78442,-84.24178
45409,39.72334,-84.19039
45410,39.74757,-84.15907
45414,39.84008,-84.21115
45415,39.83473,-84.2568
45416,39.80754,-84.25774
45417,39.73427,-84.2844
45419,39.71436,-84.1676
45420,39.719,-84.13045
45423,39.7604,-84.19112
45424,39.84695,-84.11032
45426,39.80094,-84.31461
45428,39.74211,-84.25954
45429,39.68411,-84.16248
45430,39.71296,-84.08435
45431,39.76488,-84.08012
45432,39.73934,-84.08627
45433,39.81359,-84.05273
45434,39.72284,-84.03052
45435,39.78114,-84.06312
45439,39.69867,-84.22944
45440,39.67498,-84.10001
45449,39.66472,-84.24067
45458,39.60036,-84.1576
45459,39.64658,-84.16693
45469,39.74033,-84.17911
45501,39.92634,-83.80745
45502,39.92791,-83.81703
45503,39.96073,-83.7682
45504,39.94811,-83.86481
45505,39.90737,-83.7615
45506,39.89907,-83.85233
45601,39.30996,-82.9555
45612,39.21569,-83.27171
45613,39.0318,-82.84885
45614,38.92858,-82.27819
45616,38.76018,-83.30864
45617,39.27967,-83.15559
45618,38.88502,-83.61623
45619,38.47257,-82.45157
45620,38.95564,-82.14052
45621,39.11138,-82.60996
45622,39.35905,-82.49522
45623,38.64125,-82.26748
45624,39.17301,-83.3487
45628,39.38959,-83.19657
45629,38.65221,-82.81051
45630,38.69758,-83.09275
45631,38.81672,-82.25486
45634,39.17891,-82.49037
45636,38.58416,-82.81401
45638,38.56217,-82.67607
45640,39.02345,-82.65032
45642,39.04692,-83.05408
45644,39.45245,-82.84176
45645,38.57082,-82.53159
45646,39.07686,-83.31627
45647,39.29597,-82.73803
45648,38.92161,-83.01393
45650,38.74415,-83.42099
45651,39.27665,-82.47706
45652,38.82911,-83.08018
45653,38.88976,-82.82306
45654,39.36671,-82.37774
45656,38.87565,-82.59143
45657,38.85166,-83.21011
45658,38.76324,-82.41411
45659,38.67117,-82.62331
45660,38.98626,-83.358
45661,39.04096,-83.10479
45662,38.78938,-82.92114
45663,38.74507,-83.11198
45669,38.4935,-82.35857
45671,38.97339,-83.23775
45672,39.20549,-82.67579
45673,39.20399,-82.81148
45674,38.87798,-82.38017
45677,38.79555,-82.75511
45678,38.60595,-82.37883
45679,38.97634,-83.56788
45680,38.45526,-82.54489
45681,39.30551,-83.24807
45682,38.80839,-82.69658
45684,38.67546,-83.27789
45685,38.9333,-82.4527
45686,39.00901,-82.36843
45688,38.73013,-82.53155
45690,39.13106,-83.01674
45692,39.11582,-82.5426
45693,38.80921,-83.53406
45694,38.74807,-82.78345
45695,39.1529,-82.36334
45696,38.60356,-82.45201
45697,38.9352,-83.66525
45698,39.28811,-82.39604
45699,38.87414,-82.97045
45701,39.31205,-82.08079
45710,39.19763,-82.22574
45711,39.42503,-81.93038
45714,39.3183,-81.62001
45715,39.60484,-81.6268
45716,39.46295,-82.18401
45719,39.39951,-82.1285
45720,39.09404,-81.92312
45721,39.56563,-81.58347
45723,39.22173,-81.8268
45724,39.38246,-81.79233
45727,39.64495,-81.48171
45729,39.41653,-81.60828
45732,39.51802,-82.06705
45734,39.63982,-81.18816
45735,39.25183,-81.9229
45739,39.19055,-81.7462
45740,39.47709,-82.08023
45741,39.06648,-82.2527
45742,39.28563,-81.73008
45743,39.076,-81.85017
45744,39.5396,-81.5077
45745,39.61678,-81.32689
45746,39.604,-81.44809
45750,39.4301,-81.42947
45760,39.01395,-82.12244
45761,39.42642,-82.0964
45764,39.45116,-82.24336
45766,39.31931,-82.26247
45767,39.54367,-81.1312
45768,39.4149,-81.26468
45769,39.1062,-82.04578
45770,38.98586,-81.80238
45771,38.98204,-81.89902
45772,39.1408,-81.82268
45773,39.45525,-81.28656
45775,39.0876,-82.15596
45776,39.18732,-82.0228
45778,39.34672,-81.89555
45779,38.99884,-81.97082
45780,39.36972,-82.13112
45782,39.48624,-82.08076
45783,39.17505,-81.83929
45784,39.38879,-81.68805
45786,39.50365,-81.65451
45788,39.51349,-81.37016
45789,39.5514,-81.25592
45801,40.77476,-84.03703
45804,40.71569,-84.06911
45805,40.72979,-84.16242
45806,40.67615,-84.12651
45807,40.8072,-84.16699
45808,40.83178,-83.9729
45809,40.8431,-84.18522
45810,40.77721,-83.81097
45812,40.68341,-83.8135
45813,41.18914,-84.73031
45814,40.90119,-83.61545
45815,41.157,-83.94267
45816,41.00452,-83.79392
45817,40.87691,-83.88279
45819,40.62407,-84.26033
45820,40.83074,-84.08473
45821,41.22643,-84.56208
45822,40.55266,-84.59664
45826,40.43658,-84.49368
45827,41.00393,-84.30122
45828,40.48672,-84.67677
45830,40.90616,-84.09213
45831,41.11141,-84.24993
45832,40.92779,-84.7336
45833,40.83415,-84.35264
45835,40.75898,-83.70076
45836,40.79304,-83.64311
45838,40.74041,-84.47781
45840,41.02626,-83.64943
45841,40.87955,-83.735
45843,40.78202,-83.53513
45844,40.91733,-84.2856
45845,40.32995,-84.37806
45846,40.40986,-84.74644
45848,41.02421,-84.07695
45849,41.01241,-84.45452
45850,40.70382,-83.91817
45851,41.03267,-84.60289
45853,40.98625,-84.19469
45854,40.7582,-83.95231
45855,41.08819,-84.5835
45856,41.11452,-83.99917
45858,41.10688,-83.80338
45859,40.69305,-83.78574
45860,40.39365,-84.51566
45861,41.08587,-84.42569
45862,40.67079,-84.51356
45863,40.9041,-84.45477
45864,41.09936,-84.14077
45865,40.39379,-84.37219
45866,40.48905,-84.54969
45867,40.89795,-83.53825
45868,40.96986,-83.84839
45869,40.4573,-84.39432
45870,40.55621,-83.95142
45871,40.4932,-84.30089
45872,41.18863,-83.68366
45873,41.11935,-84.39628
45874,40.78765,-84.67777
45875,41.02271,-84.06118
45876,40.93414,-84.33835
45877,40.95393,-83.93779
45879,41.12918,-84.56471
45880,41.0662,-84.73782
45881,40.94976,-83.77426
45882,40.67823,-84.6754
45883,40.40574,-84.62791
45884,40.54865,-84.08333
45885,40.57182,-84.3871
45886,40.99083,-84.61062
45887,40.71107,-84.36359
45888,40.60244,-84.08583
45889,41.14606,-83.64101
45890,40.97752,-83.49105
45891,40.8748,-84.57785
45893,40.88146,-84.14536
45894,40.76252,-84.4684
45895,40.56991,-84.15197
45896,40.60667,-83.93775
45897,40.83434,-83.65676
45898,40.73617,-84.76429
45899,40.80088,-84.77491
46001,40.25141,-85.65838
46011,40.12759,-85.76178
46012,40.1492,-85.62552
46013,40.05021,-85.67829
46016,40.09781,-85.68152
46017,40.07358,-85.60687
46030,40.17031,-86.02118
46031,40.20935,-86.01018
46032,39.96535,-86.17104
46033,39.97975,-86.08595
46034,40.13291,-86.04128
46035,40.18925,-86.67902
46036,40.29689,-85.83289
46037,39.96077,-85.94446
46038,39.96722,-86.01712
46039,40.37022,-86.31173
46040,39.92773,-85.83424
46041,40.29695,-86.49216
46044,40.2085,-85.79026
46045,40.2898,-86.14832
46047,40.28418,-85.94739
46048,39.9543,-85.80755
46049,40.29757,-86.22165
46050,40.20515,-86.34629
46051,40.05855,-85.83794
46052,40.04448,-86.46086
46055,39.88627,-85.90404
46056,39.97351,-85.6105
46057,40.33796,-86.37801
46058,40.35981,-86.64777
46060,40.06616,-85.93137
46062,40.06146,-86.05523
46063,40.27184,-85.72389
46064,39.98473,-85.74701
46065,40.42318,-86.60992
46068,40.37511,-86.1112
46069,40.13829,-86.23144
46070,40.34315,-85.65928
46071,40.11941,-86.60549
46072,40.28526,-86.06891
46074,40.03651,-86.17289
46075,40.02637,-86.3346
46076,40.36318,-85.9374
46077,39.98281,-86.28346
46102,39.99556,-86.61993
46103,39.6896,-86.61384
46104,39.66041,-85.59545
46105,39.76388,-86.81487
46106,39.51555,-86.20524
46107,39.71661,-86.09161
46110,39.56021,-85.91333
46111,39.5417,-86.36863
46112,39.86561,-86.38215
46113,39.635,-86.30548
46115,39.7375,-85.56623
46117,39.81507,-85.61763
46118,39.65317,-86.52394
46120,39.51252,-86.78711
46121,39.67776,-86.67345
46122,39.76822,-86.5475
46123,39.76502,-86.40015
46124,39.36914,-85.94551
46125,39.52188,-86.64179
46126,39.62053,-85.88694
46127,39.71766,-85.3158
46128,39.65634,-86.74312
46130,39.67464,-85.83571
46131,39.47196,-86.04233
46133,39.58945,-85.30044
46135,39.65909,-86.89107
46140,39.80358,-85.77049
46142,39.62029,-86.1764
46143,39.59484,-86.11323
46144,39.66586,-85.64706
46146,39.57968,-85.56972
46147,39.96988,-86.62693
46148,39.80906,-85.51296
46149,39.88545,-86.55758
46150,39.54695,-85.60232
46151,39.44783,-86.4275
46154,39.85639,-85.77038
46155,39.74355,-85.42966
46156,39.48451,-85.4806
46157,39.55623,-86.52741
46158,39.58275,-86.37405
46160,39.35429,-86.26753
46161,39.66959,-85.69395
46162,39.55021,-85.95242
46163,39.7287,-85.90435
46164,39.3036,-86.12301
46165,39.84522,-86.64716
46166,39.42686,-86.58755
46167,39.87675,-86.46981
46168,39.68985,-86.39262
46170,39.57164,-86.86277
46171,39.53527,-86.96815
46172,39.82725,-86.8144
46173,39.60294,-85.42677
46175,39.82199,-86.97292
46176,39.52684,-85.77297
46180,39.59652,-86.61801
46181,39.38044,-86.16119
46182,39.46157,-85.67005
46183,39.65397,-86.28121
46184,39.55967,-86.07361
46186,39.89126,-85.64264
46201,39.77369,-86.10949
46202,39.78363,-86.16187
46203,39.7368,-86.09586
46204,39.77134,-86.15703
46205,39.82813,-86.13499
46206,39.76027,-86.16107
46208,39.82307,-86.17307
46214,39.7917,-86.29009
46216,39.86593,-86.00929
46217,39.67254,-86.19338
46218,39.80713,-86.09958
46219,39.78314,-86.04444
46220,39.8676,-86.10818
46221,39.69288,-86.23664
46222,39.79088,-86.21477
46224,39.79537,-86.25624
46225,39.74062,-86.16294
46226,39.83968,-86.05117
46227,39.67607,-86.13145
46228,39.8487,-86.20045
46229,39.78852,-85.978
46231,39.72086,-86.32712
46234,39.81077,-86.32665
46235,39.83784,-85.97651
46236,39.89132,-85.96766
46237,39.67247,-86.0759
46239,39.72311,-86.0004
46240,39.90697,-86.12367
46241,39.72389,-86.26842
46250,39.90399,-86.06864
46254,39.84796,-86.26936
46256,39.90682,-86.01152
46259,39.65078,-85.98692
46260,39.89744,-86.17927
46268,39.89769,-86.23253
46278,39.89389,-86.29606
46280,39.93714,-86.11786
46290,39.93376,-86.16256
46301,41.68687,-86.97438
46302,41.3604,-87.12645
46303,41.37198,-87.4765
46304,41.61311,-87.04905
46307,41.40215,-87.32693
46310,41.18205,-87.23088
46311,41.46846,-87.50918
46312,41.64705,-87.45446
46319,41.52217,-87.42091
46320,41.60893,-87.49754
46321,41.54704,-87.50402
46322,41.54818,-87.45884
46323,41.58961,-87.45323
46324,41.58324,-87.50155
46327,41.64048,-87.50677
46340,41.38339,-86.76846
46341,41.30666,-87.21962
46342,41.51761,-87.24468
46345,41.53032,-86.69995
46346,41.47816,-86.69332
46347,41.30502,-87.00859
46348,41.30981,-86.86244
46349,41.10899,-87.42359
46350,41.60697,-86.72157
46356,41.26117,-87.41863
46360,41.68739,-86.86464
46365,41.60605,-86.54112
46366,41.21443,-86.76922
46368,41.5848,-87.17937
46371,41.67683,-86.6005
46373,41.44578,-87.46954
46374,41.20616,-86.895
46375,41.49162,-87.45193
46376,41.1838,-87.47603
46377,41.19432,-87.34777
46379,41.15682,-87.4302
46381,41.17635,-87.33436
46382,41.46868,-86.76212
46383,41.45838,-87.00156
46385,41.46395,-87.12396
46390,41.41677,-86.8742
46391,41.5455,-86.91446
46392,41.18509,-87.04948
46393,41.5139,-87.16801
46394,41.67733,-87.50279
46402,41.61032,-87.33297
46403,41.60636,-87.25803
46404,41.58475,-87.37502
46405,41.57409,-87.26285
46406,41.6022,-87.40804
46407,41.57844,-87.33047
46408,41.54468,-87.36941
46409,41.54828,-87.32422
46410,41.48083,-87.33293
46501,41.22327,-86.24868
46502,41.26099,-85.97699
46504,41.30057,-86.11204
46506,41.46316,-86.16915
46507,41.72138,-85.81571
46508,41.15499,-85.96904
46510,41.12068,-85.874
46511,41.22182,-86.42889
46513,41.3629,-86.44816
46514,41.72328,-85.97547
46516,41.6756,-85.94584
46517,41.62429,-85.99675
46524,41.2979,-86.02143
46526,41.55307,-85.88448
46528,41.60698,-85.786
46530,41.74031,-86.12749
46531,41.35686,-86.51558
46532,41.41762,-86.62119
46534,41.28561,-86.61878
46536,41.51913,-86.2867
46537,41.45724,-86.30669
46538,41.32829,-85.82703
46539,41.16579,-86.02545
46540,41.67571,-85.69768
46542,41.39303,-85.87448
46543,41.53341,-85.67119
46544,41.61778,-86.13715
46545,41.69376,-86.14602
46550,41.44701,-86.00028
46552,41.70731,-86.485
46553,41.48004,-85.85095
46554,41.56252,-86.41947
46555,41.32858,-85.68833
46556,41.70198,-86.24513
46561,41.66683,-86.07599
46562,41.20947,-85.69757
46563,41.35541,-86.32612
46565,41.69285,-85.5831
46567,41.41473,-85.73044
46570,41.20766,-86.1207
46571,41.56795,-85.54667
46572,41.40804,-86.393
46573,41.53941,-86.06054
46574,41.47327,-86.48829
46580,41.20884,-85.87212
46582,41.28323,-85.85235
46590,41.21612,-85.80862
46595,41.52633,-86.16367
46601,41.67065,-86.252
46613,41.65389,-86.264
46614,41.60359,-86.28064
46615,41.67494,-86.21151
46616,41.69693,-86.26671
46617,41.68435,-86.23513
46619,41.65997,-86.3532
46624,41.70252,-86.25164
46628,41.72103,-86.33465
46635,41.71518,-86.20832
46637,41.73358,-86.24299
46701,41.35846,-85.43034
46702,40.82681,-85.61732
46703,41.65305,-85.00976
46704,41.10371,-85.29242
46705,41.51816,-85.06029
46706,41.34242,-85.03922
46710,41.35167,-85.25168
46711,40.6635,-84.92398
46714,40.71774,-85.17319
46721,41.4237,-84.87425
46723,41.23828,-85.32441
46725,41.1518,-85.47655
46730,41.454,-85.15504
46731,40.79751,-85.10267
46732,41.37697,-85.62169
46733,40.83033,-84.94023
46737,41.72209,-84.92233
46738,41.32189,-85.13731
46740,40.60298,-84.9638
46741,41.21161,-84.95176
46742,41.54919,-84.87892
46743,41.21511,-84.85321
46745,40.95194,-85.00887
46746,41.72257,-85.34914
46747,41.56042,-85.15349
46748,41.24829,-85.16727
46750,40.87677,-85.49674
46755,41.45119,-85.27209
46759,40.59855,-85.18299
46760,41.34441,-85.55654
46761,41.63576,-85.37127
46763,41.29418,-85.2415
46764,41.2176,-85.62376
46765,41.23361,-85.04047
46766,40.70984,-85.29424
46767,41.46487,-85.5764
46770,40.8298,-85.31873
46771,41.69272,-85.29639
46772,40.7221,-84.91153
46773,40.98401,-84.8759
46774,41.09103,-84.96955
46776,41.72793,-85.16878
46777,40.87248,-85.15236
46778,40.61055,-85.15491
46779,41.5725,-85.03094
46781,40.63659,-85.27339
46783,40.97399,-85.35578
46784,41.49797,-85.38797
46785,41.31974,-84.88506
46786,41.53156,-85.27269
46787,41.06598,-85.62085
46788,41.27005,-84.90876
46789,41.58274,-85.19742
46791,40.83699,-85.24325
46792,40.68472,-85.43798
46793,41.46106,-85.01928
46794,41.46654,-85.45946
46795,41.55116,-85.33941
46796,41.3367,-85.49583
46797,41.12749,-84.86046
46798,40.94256,-85.22113
46799,40.91592,-85.27923
46802,41.06787,-85.16299
46803,41.06972,-85.08532
46804,41.05421,-85.23913
46805,41.09918,-85.11762
46806,41.04649,-85.09224
46807,41.04489,-85.14763
46808,41.09887,-85.17619
46809,41.00088,-85.2102
46814,41.04616,-85.30805
46815,41.1034,-85.05913
46816,41.00396,-85.04169
46818,41.14698,-85.25111
46819,40.96409,-85.13256
46825,41.15397,-85.12425
46835,41.15086,-85.04536
46845,41.2051,-85.10789
46901,40.52487,-86.15639
46902,40.43743,-86.09111
46910,41.04537,-86.04151
46911,40.62859,-85.94673
46913,40.50364,-86.49739
46914,40.63068,-86.09515
46915,40.47832,-86.38636
46917,40.62071,-86.46893
46919,40.58826,-85.8706
46920,40.46459,-86.49502
46922,41.13993,-86.42197
46923,40.606,-86.64568
46926,40.88283,-86.04945
46928,40.40763,-85.68618
46929,40.54802,-86.47411
46930,40.40946,-85.57261
46931,40.94693,-86.26456
46932,40.59675,-86.26243
46933,40.47887,-85.58091
46936,40.47942,-85.93102
46937,40.41523,-86.03693
46938,40.4482,-85.64892
46939,40.99337,-86.40359
46940,40.6882,-85.69857
46941,40.82833,-85.69723
46943,40.9735,-85.84038
46945,41.1211,-86.38516
46946,41.03932,-85.73019
46947,40.76044,-86.37303
46950,40.88391,-86.37162
46951,40.94616,-86.10528
46952,40.59882,-85.63249
46953,40.51928,-85.643
46957,40.38866,-85.49917
46958,40.81817,-86.12107
46959,40.61272,-86.11245
46960,41.15735,-86.52397
46961,40.76573,-86.18786
46962,40.98774,-85.76675
46965,40.41601,-86.10183
46967,40.69504,-86.19483
46968,41.17049,-86.55179
46970,40.75827,-86.0614
46971,40.6606,-86.16168
46974,40.94839,-85.93041
46975,41.0718,-86.25177
46978,40.8587,-86.51113
46979,40.42759,-86.27737
46980,40.95598,-85.74155
46982,41.05717,-85.8882
46984,40.66777,-85.82975
46985,40.95485,-86.58225
46986,40.49481,-85.81929
46987,40.56847,-85.76722
46988,40.8802,-86.23451
46989,40.45056,-85.48115
46990,40.89851,-85.73161
46991,40.63034,-85.50642
46992,40.78509,-85.82961
46994,40.66661,-86.25766
46996,41.0626,-86.65906
46998,40.57536,-86.35081
47001,39.0579,-84.95689
47003,39.55628,-84.84491
47006,39.29141,-85.21365
47010,39.4981,-84.83925
47011,38.8724,-85.06887
47012,39.41892,-84.97944
47016,39.37414,-84.89484
47017,38.93745,-85.17713
47018,38.98684,-85.0866
47020,38.8119,-84.93221
47021,38.97015,-85.14855
47022,39.20722,-84.95089
47023,39.07255,-85.37467
47024,39.47611,-85.19724
47025,39.15415,-84.87461
47030,39.42686,-85.13319
47031,39.12872,-85.15333
47032,39.08109,-85.05503
47033,39.28127,-85.17232
47034,39.20428,-85.32739
47035,39.31016,-84.90394
47036,39.38563,-85.23972
47037,39.16431,-85.31908
47038,38.84588,-84.84212
47040,38.91703,-84.92809
47041,39.23432,-85.0797
47042,39.01247,-85.25484
47043,38.7949,-85.10009
47060,39.29828,-84.8788
47102,38.75745,-85.7951
47104,38.54568,-85.43665
47106,38.46071,-85.90326
47108,38.6455,-86.25725
47110,38.09541,-86.2077
47111,38.46604,-85.63271
47112,38.19235,-86.14512
47114,38.28754,-86.07335
47115,38.34465,-86.21655
47116,38.32521,-86.61668
47117,38.10505,-85.97275
47118,38.29788,-86.48449
47119,38.36699,-85.88217
47120,38.45568,-86.19075
47122,38.3041,-85.98303
47123,38.2856,-86.47181
47124,38.36591,-86.00523
47125,38.46341,-86.30825
47126,38.54979,-85.77844
47129,38.31378,-85.76874
47130,38.33528,-85.69689
47135,38.04108,-86.0744
47136,38.23511,-85.96194
47137,38.18899,-86.37626
47138,38.68215,-85.59759
47140,38.38063,-86.36892
47141,38.54925,-85.60841
47142,38.0684,-86.21042
47143,38.46877,-85.77314
47145,38.33454,-86.30115
47147,38.5942,-85.53866
47150,38.28831,-85.84775
47160,38.14817,-86.04711
47161,38.32281,-86.10366
47162,38.55477,-85.48873
47163,38.54101,-85.67928
47164,38.40462,-86.09079
47165,38.50152,-86.00508
47166,38.30668,-86.16901
47167,38.6077,-86.09047
47170,38.68734,-85.84667
47172,38.39745,-85.76886
47174,38.22716,-86.482
47175,38.35902,-86.55236
47177,38.59947,-85.78197
47201,39.15074,-85.99432
47203,39.23189,-85.83281
47220,38.87786,-86.05471
47223,39.0555,-85.48218
47224,38.88816,-85.22474
47225,39.43554,-85.34424
47226,39.28266,-85.86907
47227,38.87506,-85.65678
47229,38.80289,-85.86688
47230,38.7946,-85.63139
47231,38.89792,-85.4996
47232,39.11297,-85.79428
47234,39.37611,-85.76837
47235,39.01385,-86.14046
47236,39.15181,-85.72536
47240,39.32394,-85.48028
47243,38.67214,-85.48177
47244,39.21802,-85.70232
47246,39.29804,-85.76606
47247,39.05993,-85.88783
47250,38.81867,-85.3552
47260,38.83596,-86.19909
47263,39.30864,-85.32832
47264,38.96434,-86.26313
47265,39.00818,-85.62685
47270,38.8397,-85.71913
47272,39.41519,-85.61942
47273,39.07472,-85.7359
47274,38.96261,-85.92877
47280,39.29655,-85.95047
47281,38.78563,-86.10324
47282,38.98538,-85.6101
47283,39.16978,-85.58647
47302,40.12992,-85.37553
47303,40.27108,-85.37648
47304,40.23398,-85.45973
47305,40.19387,-85.38556
47306,40.20542,-85.40726
47320,40.2787,-85.2672
47324,39.74119,-84.85172
47325,39.69395,-85.01834
47326,40.54597,-84.97018
47327,39.8318,-85.17314
47330,39.78792,-85.02226
47331,39.63086,-85.16313
47334,40.11267,-85.52357
47335,39.81171,-85.20675
47336,40.39694,-85.20821
47337,39.80286,-85.43736
47338,40.34363,-85.33977
47339,39.96337,-85.09471
47340,40.181,-85.1318
47341,39.9741,-84.89361
47342,40.32184,-85.5105
47344,39.87857,-85.464
47345,39.892,-85.04765
47346,39.93442,-85.16306
47348,40.45725,-85.34855
47351,39.90442,-85.52001
47352,39.79597,-85.3637
47353,39.62757,-84.92057
47354,40.04628,-85.19933
47355,40.04376,-84.9258
47356,40.03079,-85.50415
47357,39.75773,-85.14795
47358,40.05488,-85.11204
47359,40.55203,-85.28642
47360,40.01677,-85.2614
47361,40.00415,-85.38492
47362,39.93186,-85.36998
47366,39.86127,-85.26068
47367,40.08366,-85.39207
47368,40.18082,-85.20025
47369,40.50714,-85.14715
47370,39.81281,-85.13779
47371,40.41874,-84.95896
47373,40.33863,-85.15356
47374,39.83376,-84.88997
47380,40.28553,-85.03439
47381,40.38665,-84.86465
47382,40.23692,-84.91845
47383,40.15123,-85.26399
47384,39.91365,-85.55352
47385,39.83194,-85.44825
47386,40.05277,-85.38305
47387,39.83677,-85.2945
47388,40.0056,-85.44352
47390,40.20625,-84.84671
47392,39.91005,-84.94394
47393,39.96559,-85.00325
47394,40.1679,-84.98667
47396,40.18661,-85.51632
47401,39.08613,-86.45138
47403,39.08635,-86.61082
47404,39.22064,-86.5896
47405,39.16761,-86.5211
47406,39.17501,-86.51516
47408,39.2283,-86.46452
47420,38.91903,-86.54933
47421,38.86415,-86.45122
47424,39.01918,-86.86998
47427,39.23915,-87.01266
47429,39.27581,-86.61444
47431,39.24052,-86.90655
47432,38.49268,-86.63942
47433,39.35569,-86.655
47434,39.01277,-86.54569
47435,39.26576,-86.29516
47436,38.9598,-86.38358
47437,38.7135,-86.6769
47438,39.1582,-87.18237
47441,39.03976,-87.1743
47443,38.96651,-87.09059
47445,39.11289,-87.18944
47446,38.73818,-86.52031
47448,39.17531,-86.24481
47449,38.92672,-86.9894
47451,38.89176,-86.52536
47452,38.6422,-86.41901
47453,38.93472,-86.76773
47454,38.51596,-86.45989
47455,39.31271,-86.95672
47456,39.46314,-86.69781
47457,38.91183,-86.9047
47458,39.07044,-86.50712
47459,39.11167,-86.75125
47460,39.28153,-86.78951
47462,38.95755,-86.64815
47464,39.29995,-86.64979
47465,39.05474,-87.04338
47467,38.76776,-86.34463
47468,39.27801,-86.40482
47469,38.61892,-86.61172
47470,38.81623,-86.64799
47471,39.14253,-86.99788
47501,38.66139,-87.17479
47512,38.779,-87.31809
47513,38.30405,-86.6995
47514,38.14861,-86.59403
47515,38.17769,-86.70226
47516,38.7645,-87.41857
47519,38.5976,-86.98793
47520,37.99351,-86.5902
47521,38.39238,-86.72941
47522,38.88545,-86.80543
47523,38.17354,-87.02934
47524,38.48312,-87.61733
47525,38.02856,-86.55359
47527,38.47232,-86.77772
47528,38.84447,-87.26806
47529,38.86386,-87.07804
47531,38.04161,-86.84867
47532,38.2198,-86.86036
47535,38.86265,-87.31285
47537,38.10971,-87.06888
47541,38.23777,-87.04673
47542,38.29928,-86.96712
47546,38.42071,-86.93469
47550,38.06213,-86.92877
47551,38.12153,-86.56353
47552,38.10862,-86.99527
47553,38.65398,-86.91108
47557,38.57005,-87.34132
47558,38.64506,-87.04578
47561,38.85705,-87.43611
47562,38.83493,-86.98268
47564,38.48166,-87.09566
47567,38.46954,-87.30554
47568,38.79121,-87.13654
47573,38.74418,-87.322
47574,37.95265,-86.56323
47575,38.32314,-86.81128
47576,38.19089,-86.58936
47577,38.15004,-86.80766
47578,38.89288,-87.19055
47579,38.11149,-86.91322
47580,38.35355,-86.77008
47581,38.65972,-86.76908
47584,38.25111,-87.25797
47585,38.26787,-87.16617
47586,38.03684,-86.69297
47588,38.06959,-86.77826
47590,38.35314,-87.10113
47591,38.62136,-87.50594
47596,38.86318,-87.23382
47597,38.64745,-87.29802
47598,38.3875,-87.20711
47601,38.05301,-87.25526
47610,38.06041,-87.39988
47611,38.02474,-87.05812
47612,38.1946,-87.70155
47613,38.15413,-87.42062
47615,37.97214,-86.95643
47616,38.23482,-87.91038
47619,38.1924,-87.30742
47620,37.93284,-87.90555
47630,37.95615,-87.35569
47631,38.10082,-87.90967
47633,38.16835,-87.78736
47634,37.93893,-87.1848
47635,37.8862,-87.10751
47637,38.13679,-87.15865
47638,38.06959,-87.77489
47639,38.18228,-87.57132
47640,38.47708,-87.49301
47648,38.24611,-87.54851
47649,38.35154,-87.44786
47654,38.2534,-87.391
47660,38.29712,-87.33191
47665,38.28016,-87.72738
47666,38.41922,-87.60042
47670,38.34355,-87.57797
47683,38.27696,-87.37744
47708,37.97387,-87.57357
47710,38.02518,-87.57618
47711,38.0157,-87.53606
47712,37.92869,-87.65951
47713,37.9475,-87.55432
47714,37.95768,-87.52102
47715,37.97229,-87.48097
47720,38.06065,-87.64247
47725,38.10721,-87.52855
47802,39.35153,-87.4106
47803,39.46433,-87.30855
47804,39.49756,-87.39031
47805,39.54768,-87.32739
47807,39.47061,-87.40262
47809,39.47136,-87.40986
47831,39.66549,-87.52177
47832,39.87879,-87.25463
47833,39.35841,-86.97773
47834,39.52423,-87.12276
47836,39.64924,-87.17221
47837,39.62929,-87.11281
47838,38.95679,-87.37812
47840,39.40863,-87.05937
47841,39.27764,-87.11492
47842,39.67569,-87.462
47845,39.1936,-87.23386
47846,39.36601,-87.20041
47847,39.82293,-87.48865
47848,39.04159,-87.26108
47849,39.19196,-87.56131
47850,39.24441,-87.43763
47851,39.5736,-87.24594
47853,39.53757,-87.07277
47854,39.80874,-87.41299
47855,39.18844,-87.30216
47857,39.52403,-87.09111
47858,39.26268,-87.22868
47859,39.88595,-87.16999
47860,39.72215,-87.33013
47861,39.06528,-87.56658
47862,39.77184,-87.34527
47863,39.57848,-87.45921
47865,39.01908,-87.39259
47866,39.28302,-87.3247
47868,39.40892,-86.89822
47869,39.2751,-87.49658
47870,39.37016,-87.47353
47871,39.38978,-87.30026
47872,39.75331,-87.16271
47874,39.62913,-87.27792
47875,39.71447,-87.52222
47876,39.50996,-87.46113
47879,39.18863,-87.37619
47880,39.59976,-87.41885
47881,39.48722,-87.19029
47882,39.09034,-87.41186
47884,39.62308,-87.45362
47885,39.50872,-87.47679
47901,40.4178,-86.88995
47904,40.43835,-86.87609
47905,40.4218,-86.76418
47906,40.48541,-86.98584
47907,40.42474,-86.91665
47909,40.32357,-86.89933
47916,39.98343,-87.05524
47917,40.46881,-87.47633
47918,40.30388,-87.20628
47920,40.54712,-86.8195
47921,40.47838,-87.37485
47922,40.8762,-87.35369
47923,40.61015,-86.92667
47924,40.48991,-86.75759
47925,40.88205,-86.74477
47926,40.77789,-86.59707
47928,39.93237,-87.46501
47929,40.67587,-86.9185
47930,40.23764,-86.74137
47932,40.12764,-87.40761
47933,40.03728,-86.90234
47940,40.11749,-86.7447
47941,40.37539,-86.77128
47942,40.68791,-87.4472
47943,41.0594,-87.28006
47944,40.61067,-87.32804
47946,40.98427,-86.87014
47948,40.77638,-87.28676
47949,40.06288,-87.13504
47950,40.80175,-86.65355
47951,40.79049,-87.4435
47952,39.96186,-87.30049
47954,39.90048,-86.8178
47955,40.1954,-86.86513
47957,41.08937,-86.8772
47958,40.16452,-87.14862
47959,40.86603,-86.89786
47960,40.78261,-86.74938
47963,40.96811,-87.44371
47964,40.9523,-87.2996
47965,39.95452,-86.91996
47966,39.88843,-87.41433
47967,40.1942,-86.99899
47968,39.96209,-86.74542
47969,40.20355,-87.14892
47970,40.47423,-87.13031
47971,40.52946,-87.23751
47974,40.04297,-87.47356
47975,40.44436,-87.25348
47977,40.76132,-87.15786
47978,40.97991,-87.1163
47980,40.75393,-86.90131
47981,40.24599,-86.93128
47982,40.19728,-87.5268
47983,40.28633,-86.77345
47986,40.51384,-87.20719
47987,40.11916,-87.23428
47989,39.88871,-87.05243
47990,40.06118,-87.05952
47991,40.28034,-87.44794
47992,40.31933,-87.0519
47993,40.31161,-87.41603
47994,40.18233,-87.08231
47995,40.75861,-87.0329
47997,40.66769,-86.72379
48001,42.63732,-82.57949
48002,42.93916,-82.92601
48003,42.93228,-83.04088
48005,42.85022,-82.92317
48006,43.0754,-82.69642
48009,42.54381,-83.21765
48014,43.02466,-82.93115
48015,42.48055,-83.02743
48017,42.53669,-83.15039
48021,42.46567,-82.94598
48022,43.02824,-82.81111
48023,42.70102,-82.6593
48025,42.52032,-83.26744
48026,42.53879,-82.94964
48027,42.94466,-82.68217
48028,42.58947,-82.61948
48030,42.46193,-83.09769
48032,43.13278,-82.59457
48033,42.46478,-83.28812
48034,42.49689,-83.29102
48035,42.55615,-82.90948
48036,42.59227,-82.89971
48038,42.6054,-82.94152
48039,42.69664,-82.55052
48040,42.90983,-82.48022
48041,42.93861,-82.80271
48042,42.68673,-82.90857
48043,42.59763,-82.88208
48044,42.64988,-82.9296
48045,42.59121,-82.83017
48047,42.67754,-82.77744
48048,42.7417,-82.79558
48049,43.0361,-82.57504
48050,42.78486,-82.80139
48051,42.69067,-82.82582
48054,42.77054,-82.54515
48059,43.08253,-82.49913
48060,42.97835,-82.46297
48062,42.84899,-82.79989
48063,42.85581,-82.67676
48064,42.76719,-82.67233
48065,42.84554,-83.04072
48066,42.50735,-82.93697
48067,42.49053,-83.13786
48069,42.47151,-83.14447
48070,42.48161,-83.16852
48071,42.50726,-83.10337
48072,42.49789,-83.18586
48073,42.51919,-83.16437
48074,42.9484,-82.56196
48075,42.4618,-83.2299
48076,42.49754,-83.23067
48079,42.8576,-82.54721
48080,42.46418,-82.90031
48081,42.4955,-82.89912
48082,42.5271,-82.88711
48083,42.557,-83.11676
48084,42.56065,-83.17559
48085,42.6006,-83.11982
48088,42.51573,-82.98298
48089,42.4702,-82.99549
48091,42.4681,-83.05819
48092,42.51308,-83.05968
48093,42.51483,-83.01554
48094,42.73645,-83.03718
48095,42.77977,-83.03837
48096,42.76132,-82.9199
48097,43.12639,-82.82955
48098,42.59903,-83.1789
48101,42.25976,-83.21067
48103,42.2581,-83.84333
48104,42.26343,-83.71748
48105,42.33117,-83.70587
48108,42.22206,-83.7317
48109,42.28408,-83.72531
48111,42.17976,-83.48762
48114,42.56784,-83.75537
48116,42.50428,-83.78069
48117,42.04984,-83.40997
48118,42.31151,-84.03835
48120,42.30524,-83.1718
48122,42.28018,-83.17819
48124,42.29828,-83.24796
48125,42.27793,-83.26536
48126,42.32999,-83.18678
48127,42.33663,-83.28292
48128,42.32054,-83.25952
48130,42.3547,-83.90272
48131,41.96553,-83.67268
48133,41.78428,-83.48816
48134,42.10813,-83.29556
48135,42.32438,-83.34122
48137,42.46191,-84.07367
48138,42.13156,-83.1586
48139,42.45298,-83.80796
48140,41.88141,-83.58274
48141,42.29349,-83.31483
48143,42.45877,-83.84701
48144,41.75325,-83.62803
48145,41.85122,-83.46331
48146,42.24322,-83.18114
48150,42.36859,-83.37261
48152,42.42597,-83.37433
48154,42.39737,-83.37315
48157,41.81495,-83.43776
48158,42.15564,-84.03031
48159,42.02562,-83.55598
48160,42.08256,-83.67978
48161,41.90818,-83.47263
48162,41.96045,-83.43503
48164,42.1264,-83.39391
48165,42.49968,-83.61623
48166,41.98677,-83.29375
48167,42.43455,-83.5313
48168,42.40559,-83.54051
48169,42.46348,-83.94955
48170,42.36758,-83.53271
48173,42.07638,-83.21521
48174,42.20862,-83.35413
48176,42.15067,-83.81477
48177,41.8048,-83.58157
48178,42.44463,-83.66399
48179,42.03882,-83.26061
48180,42.22605,-83.26881
48182,41.7919,-83.57831
48183,42.1361,-83.22045
48184,42.27403,-83.39494
48185,42.33579,-83.38458
48186,42.29481,-83.37461
48187,42.3292,-83.48784
48188,42.28579,-83.48638
48189,42.41137,-83.78306
48190,42.13162,-83.60327
48191,42.12022,-83.56492
48192,42.21156,-83.15654
48193,42.17341,-83.21042
48195,42.20472,-83.20568
48197,42.1973,-83.62903
48198,42.27519,-83.58822
48201,42.34706,-83.06009
48202,42.37463,-83.07764
48203,42.42176,-83.1031
48204,42.36582,-83.14286
48205,42.43317,-82.98131
48206,42.3751,-83.10782
48207,42.34753,-83.01104
48208,42.34844,-83.09173
48209,42.30524,-83.11649
48210,42.33644,-83.12875
48211,42.38175,-83.04616
48212,42.41003,-83.05601
48213,42.39787,-82.9955
48214,42.36504,-82.98697
48215,42.37523,-82.95428
48216,42.32637,-83.07927
48217,42.27803,-83.15409
48218,42.27049,-83.13076
48219,42.42573,-83.25282
48220,42.45805,-83.13519
48221,42.4272,-83.14949
48223,42.39341,-83.24619
48224,42.41074,-82.94147
48225,42.43893,-82.92965
48226,42.33182,-83.05034
48227,42.38732,-83.1926
48228,42.35562,-83.21791
48229,42.24889,-83.1399
48230,42.38353,-82.92304
48233,42.32324,-83.06303
48234,42.4312,-83.03952
48235,42.42702,-83.1947
48236,42.42504,-82.89687
48237,42.46494,-83.18241
48238,42.39626,-83.14136
48239,42.37638,-83.28574
48240,42.42447,-83.30128
48242,42.21258,-83.35203
48243,42.32994,-83.03955
48301,42.54441,-83.28284
48302,42.5849,-83.29608
48304,42.58745,-83.23442
48306,42.72243,-83.14944
48307,42.65953,-83.12301
48309,42.65866,-83.18348
48310,42.56511,-83.06694
48312,42.55831,-83.00914
48313,42.59985,-82.99984
48314,42.60978,-83.05426
48315,42.67254,-82.9963
48316,42.69059,-83.05671
48317,42.64673,-83.05334
48320,42.61274,-83.33824
48322,42.54214,-83.38139
48323,42.57036,-83.37651
48324,42.59702,-83.39151
48326,42.67536,-83.2531
48327,42.6443,-83.41417
48328,42.64597,-83.35603
48329,42.68826,-83.38854
48331,42.50389,-83.40863
48334,42.50662,-83.34964
48335,42.46229,-83.40271
48336,42.46333,-83.34803
48340,42.67065,-83.29019
48341,42.6275,-83.29433
48342,42.64389,-83.27591
48346,42.72156,-83.42388
48348,42.76677,-83.40088
48350,42.74082,-83.53374
48353,42.64736,-83.71627
48356,42.65532,-83.58904
48357,42.65358,-83.6432
48359,42.7218,-83.27801
48360,42.74903,-83.26789
48362,42.782,-83.2696
48363,42.77209,-83.16114
48367,42.84282,-83.14143
48370,42.83797,-83.19981
48371,42.84544,-83.28785
48374,42.47083,-83.52384
48375,42.46537,-83.46385
48377,42.50646,-83.4727
48380,42.57902,-83.66602
48381,42.5628,-83.59336
48382,42.59006,-83.507
48383,42.65533,-83.53485
48386,42.65826,-83.47549
48390,42.55197,-83.4752
48393,42.52123,-83.54532
48401,43.3526,-82.66061
48410,43.56629,-82.9362
48411,42.93577,-83.53202
48412,43.06484,-83.16932
48413,43.80231,-82.99663
48414,42.86391,-84.08098
48415,43.27165,-83.80111
48416,43.21791,-82.98476
48417,43.25998,-83.93686
48418,42.80427,-83.97066
48419,43.42884,-82.65762
48420,43.17968,-83.71176
48421,43.15321,-83.39262
48422,43.26265,-82.65069
48423,43.03982,-83.51404
48426,43.50856,-83.06025
48427,43.53789,-82.72378
48428,42.93752,-83.14756
48429,42.90774,-84.00544
48430,42.75752,-83.74208
48432,43.90013,-82.97923
48433,43.07632,-83.8661
48434,43.65988,-82.61263
48435,43.24863,-83.3598
48436,42.87017,-83.87704
48437,43.11248,-83.61893
48438,42.91142,-83.47819
48439,42.91733,-83.63018
48440,42.95567,-83.40785
48441,43.80515,-82.71727
48442,42.79316,-83.60224
48444,43.06455,-83.05471
48445,43.95243,-82.98769
48446,43.05259,-83.33745
48449,42.99518,-83.94552
48450,43.25289,-82.54123
48451,42.80365,-83.81683
48453,43.34374,-83.03493
48454,43.19999,-82.81833
48455,42.94028,-83.29131
48456,43.67102,-82.75818
48457,43.19018,-83.89306
48458,43.1209,-83.68308
48460,43.12734,-83.98586
48461,43.2024,-83.20669
48462,42.84733,-83.42576
48463,43.16418,-83.52202
48464,43.21562,-83.41884
48465,43.61485,-82.71099
48466,43.27693,-82.81731
48467,44.00768,-82.98763
48468,43.94113,-82.79021
48469,43.43927,-82.55849
48470,43.73253,-82.76158
48471,43.41868,-82.85369
48472,43.51211,-82.95732
48473,42.94012,-83.8274
48475,43.67141,-82.93732
48476,42.93765,-84.03319
48502,43.01429,-83.68866
48503,43.01139,-83.68901
48504,43.05632,-83.74948
48505,43.06948,-83.69079
48506,43.06775,-83.62253
48507,42.96498,-83.71687
48509,43.02635,-83.60527
48519,42.98772,-83.60701
48529,42.97237,-83.66221
48532,43.01203,-83.79429
48601,43.40096,-83.8952
48602,43.41971,-83.97469
48603,43.46332,-84.03115
48604,43.49749,-83.95887
48607,43.43136,-83.93409
48609,43.3878,-84.08786
48610,44.12789,-84.1801
48611,43.63187,-84.0936
48612,43.88001,-84.43637
48613,43.94355,-84.15791
48614,43.25084,-84.30147
48615,43.42671,-84.47326
48616,43.19336,-84.11311
48617,43.84695,-84.71717
48618,43.73602,-84.5584
48619,44.82224,-84.01996
48620,43.80865,-84.37805
48621,44.72064,-83.99408
48622,43.83304,-84.884
48623,43.5198,-84.13523
48624,44.05919,-84.45859
48625,44.04976,-84.8345
48626,43.4218,-84.22686
48627,44.46177,-84.74869
48628,43.78166,-84.32856
48629,44.3107,-84.77977
48630,44.32532,-84.773
48631,43.6849,-84.00155
48632,43.85597,-85.01954
48633,43.94827,-84.93409
48634,43.75405,-84.05414
48635,44.39575,-83.99699
48636,44.58871,-84.28569
48637,43.41499,-84.33646
48638,43.41681,-84.01958
48640,43.58394,-84.33648
48642,43.69945,-84.22849
48647,44.65309,-84.08148
48649,43.15695,-84.21709
48650,43.85181,-84.01746
48651,44.25057,-84.61687
48652,43.84834,-84.20716
48653,44.48936,-84.60624
48654,44.45468,-84.12627
48655,43.29171,-84.15743
48656,44.34953,-84.45801
48657,43.70945,-84.4213
48658,43.98038,-83.94072
48659,44.06792,-84.05154
48661,44.33005,-84.24087
48662,43.40217,-84.40961
48701,43.5879,-83.54649
48703,44.06766,-83.66904
48705,44.68715,-83.65279
48706,43.59937,-83.95623
48708,43.55653,-83.84853
48710,43.55649,-83.98781
48720,43.8294,-83.34808
48721,44.80453,-83.3459
48722,43.34554,-83.83961
48723,43.4861,-83.38499
48724,43.4569,-83.92709
48725,43.93763,-83.20596
48726,43.60776,-83.16833
48727,43.30695,-83.17935
48728,44.74659,-83.82344
48729,43.49621,-83.17828
48730,44.35443,-83.48804
48731,43.83898,-83.15784
48732,43.60666,-83.78274
48733,43.53306,-83.59029
48734,43.35519,-83.74321
48735,43.66861,-83.27294
48737,44.54588,-83.70871
48738,44.54995,-83.33786
48739,44.37597,-83.83238
48740,44.66014,-83.37873
48741,43.40487,-83.18121
48742,44.71934,-83.44542
48743,44.44025,-83.87066
48744,43.34797,-83.36051
48745,44.57059,-83.47425
48746,43.26397,-83.54155
48747,43.52119,-83.76085
48748,44.30398,-83.67392
48749,44.05512,-83.89183
48750,44.44338,-83.45652
48754,43.734,-83.23774
48755,43.83571,-83.26832
48756,44.23142,-83.97409
48757,43.46748,-83.679
48759,43.7265,-83.39323
48760,43.32095,-83.25595
48761,44.51129,-83.89658
48762,44.80757,-83.48695
48763,44.25017,-83.61441
48765,44.15367,-83.71885
48766,44.11128,-83.84794
48767,43.64172,-83.45541
48768,43.37077,-83.57661
48770,44.24978,-83.82037
48801,43.37871,-84.67667
48806,43.18568,-84.49675
48807,43.15277,-84.40671
48808,42.82591,-84.45081
48809,43.0646,-85.25712
48811,43.18226,-84.85518
48813,42.57862,-84.84524
48815,42.84155,-85.25387
48816,42.76151,-83.95172
48817,43.01795,-84.03772
48818,43.2759,-84.89661
48819,42.54721,-84.28521
48820,42.86277,-84.59374
48821,42.63873,-84.64958
48822,42.83407,-84.76065
48823,42.76225,-84.45407
48824,42.72129,-84.47607
48825,42.72844,-84.48067
48827,42.509,-84.65971
48829,43.40027,-85.02037
48831,43.10253,-84.3744
48832,43.41212,-84.77767
48834,43.12981,-85.03108
48835,43.03008,-84.74655
48836,42.66899,-84.07421
48837,42.7453,-84.76701
48838,43.18268,-85.25943
48840,42.76685,-84.37071
48841,43.11372,-84.2392
48842,42.63469,-84.53931
48843,42.56891,-83.92333
48845,43.10746,-84.854
48846,42.98611,-85.05754
48847,43.2714,-84.5776
48848,42.88584,-84.35673
48849,42.7984,-85.13298
48850,43.4374,-85.25519
48851,42.95469,-84.9364
48852,43.35256,-85.04652
48853,43.10371,-84.68999
48854,42.58199,-84.45182
48855,42.68759,-83.91331
48856,43.19994,-84.7372
48857,42.84243,-84.15503
48858,43.61483,-84.79576
48859,43.58632,-84.77341
48860,43.05089,-84.90939
48861,42.73002,-84.91741
48862,43.24987,-84.54847
48864,42.70215,-84.40902
48865,43.08785,-85.10725
48866,42.99303,-84.37219
48867,43.00537,-84.18766
48870,43.11027,-84.98483
48871,43.15476,-84.67874
48872,42.80065,-84.2189
48873,43.00978,-84.83608
48874,43.18644,-84.59498
48875,42.8578,-84.93201
48876,42.64757,-84.73631
48877,43.40068,-84.84316
48878,43.71225,-84.77686
48879,43.00629,-84.57981
48880,43.458,-84.57135
48881,42.934,-85.20214
48883,43.54336,-84.66771
48884,43.20731,-85.04249
48885,43.24908,-85.14356
48886,43.41994,-85.16092
48888,43.3089,-85.09566
48889,43.29133,-84.79701
48890,42.76878,-84.97167
48891,43.39676,-84.91469
48892,42.63662,-84.17477
48893,43.68329,-84.97805
48894,42.92841,-84.79489
48895,42.68946,-84.28061
48896,43.52127,-84.90101
48897,42.70498,-85.13193
48906,42.78489,-84.58886
48910,42.6969,-84.52541
48911,42.67351,-84.57285
48912,42.73896,-84.52319
48915,42.73885,-84.57076
48917,42.72509,-84.63897
48933,42.72956,-84.55595
49001,42.2647,-85.56265
49002,42.19867,-85.55906
49004,42.34903,-85.55954
49006,42.29539,-85.6291
49007,42.30252,-85.5883
49008,42.26337,-85.61528
49009,42.30913,-85.69278
49010,42.53418,-85.87298
49011,42.10288,-85.22285
49012,42.34626,-85.34116
49013,42.30524,-86.10796
49014,42.30996,-85.10711
49015,42.27467,-85.23115
49017,42.3979,-85.2111
49021,42.4588,-85.06435
49022,42.11434,-86.3675
49024,42.20207,-85.61917
49026,42.37778,-85.96273
49027,42.3482,-86.06939
49028,41.84438,-85.1837
49029,42.1423,-85.09107
49030,41.85529,-85.33129
49031,41.89883,-85.98849
49032,41.91779,-85.50767
49033,42.22654,-85.09193
49034,42.23178,-85.33403
49036,41.90565,-85.02391
49037,42.33448,-85.24706
49038,42.20554,-86.32489
49040,41.96847,-85.32398
49042,41.85665,-85.67142
49043,42.28658,-86.2656
49045,42.1038,-86.00219
49046,42.51229,-85.40249
49047,42.00437,-86.12138
49048,42.27202,-85.49893
49050,42.50598,-85.23651
49051,42.18207,-85.23803
49052,42.11538,-85.31936
49053,42.28877,-85.41722
49055,42.37022,-85.85327
49056,42.39951,-86.05967
49057,42.18647,-86.16691
49058,42.63331,-85.29316
49060,42.42738,-85.39589
49061,41.87964,-85.82551
49063,42.4098,-86.1396
49064,42.22028,-86.04991
49065,42.13645,-85.83928
49066,42.03319,-85.35007
49067,42.02359,-85.79982
49068,42.2765,-84.94063
49070,42.54023,-85.62879
49071,42.2275,-85.78002
49072,42.01295,-85.45825
49073,42.57971,-85.11717
49074,42.3198,-85.53991
49075,41.91783,-85.44899
49076,42.4309,-84.88657
49078,42.46585,-85.72846
49079,42.23997,-85.90901
49080,42.46086,-85.57711
49082,41.94257,-84.876
49083,42.3784,-85.45899
49084,42.18018,-86.3852
49085,42.04883,-86.45923
49087,42.12209,-85.68557
49088,42.18602,-85.42503
49089,42.00181,-85.23113
49090,42.40853,-86.2168
49091,41.82509,-85.44627
49092,42.09822,-84.97335
49093,41.97375,-85.64665
49094,42.04696,-85.11752
49095,41.91008,-85.8826
49096,42.63794,-85.01409
49097,42.11491,-85.48985
49098,42.16756,-86.2425
49099,41.79139,-85.67437
49101,41.94462,-86.48429
49102,41.95194,-86.26037
49103,41.94559,-86.37519
49104,41.96348,-86.35877
49106,41.93452,-86.55105
49107,41.84804,-86.41396
49111,42.02544,-86.28621
49112,41.79833,-86.03425
49113,41.80259,-86.50044
49115,41.87537,-86.63389
49116,41.84836,-86.66637
49117,41.78028,-86.72696
49119,41.87564,-86.54862
49120,41.83148,-86.23162
49125,41.88698,-86.57946
49126,42.02593,-86.36946
49127,42.00411,-86.51597
49128,41.81706,-86.60457
49129,41.81699,-86.68839
49130,41.78086,-85.85997
49201,42.25213,-84.38301
49202,42.26737,-84.4107
49203,42.22096,-84.40347
49220,41.99511,-84.34108
49221,41.90343,-84.06372
49224,42.27982,-84.74852
49227,41.9498,-84.77036
49228,41.8039,-83.88247
49229,41.99005,-83.82655
49230,42.09701,-84.22266
49232,41.74049,-84.66858
49233,42.0644,-84.36512
49234,42.12114,-84.3673
49235,41.86348,-84.21348
49236,42.07792,-83.95035
49237,42.1731,-84.64906
49238,41.90593,-83.78809
49240,42.27821,-84.18027
49241,42.10121,-84.60149
49242,41.88434,-84.61581
49245,42.14085,-84.81797
49246,42.12268,-84.50366
49247,41.84712,-84.34189
49248,41.75651,-84.01137
49249,42.02275,-84.45575
49250,42.01875,-84.62168
49251,42.46561,-84.40916
49252,42.03853,-84.76683
49253,41.96443,-84.2697
49254,42.2268,-84.32165
49255,41.77152,-84.85499
49256,41.74989,-84.22122
49258,42.06,-84.65833
49259,42.38099,-84.25763
49261,42.16174,-84.2472
49262,41.96162,-84.4673
49263,42.15817,-84.18225
49264,42.44118,-84.55122
49265,42.01022,-84.17432
49266,41.84247,-84.54641
49267,41.75979,-83.72341
49268,41.87156,-83.92565
49269,42.29307,-84.586
49270,41.86864,-83.68206
49271,41.83813,-84.45382
49272,42.39299,-84.34974
49274,41.83689,-84.76419
49276,41.79733,-83.7843
49277,42.38871,-84.46679
49279,41.77965,-84.10409
49282,42.03496,-84.40518
49283,42.20486,-84.55478
49284,42.38507,-84.69128
49285,42.46855,-84.20752
49286,42.01443,-83.93447
49287,42.02177,-84.08263
49288,41.73534,-84.43211
49289,41.77144,-84.10702
49301,42.97716,-85.47671
49302,42.82307,-85.39871
49303,43.27803,-85.85824
49304,43.91027,-85.87417
49305,43.74926,-85.15023
49306,43.07296,-85.56939
49307,43.69797,-85.48272
49309,43.76021,-85.87842
49310,43.51525,-85.05448
49312,43.69009,-85.79992
49315,42.80101,-85.73589
49316,42.79644,-85.55564
49318,43.22319,-85.82981
49319,43.22767,-85.5281
49320,43.75264,-85.29276
49321,43.0737,-85.68198
49322,43.35685,-85.35261
49323,42.72541,-85.7871
49325,42.76155,-85.30162
49326,43.25069,-85.32083
49327,43.33507,-85.84558
49328,42.6304,-85.75703
49329,43.40567,-85.48771
49330,43.24463,-85.73721
49331,42.95161,-85.35139
49332,43.62323,-85.24468
49333,42.69546,-85.46343
49335,42.74626,-85.66907
49336,43.50752,-85.42862
49337,43.43472,-85.71437
49338,43.75888,-85.61033
49339,43.33574,-85.49454
49340,43.62213,-85.11222
49341,43.12433,-85.49246
49342,43.69634,-85.32156
49343,43.29579,-85.53115
49344,42.5919,-85.59028
49345,43.15419,-85.70224
49346,43.58616,-85.42213
49347,43.31488,-85.34352
49348,42.68379,-85.61619
49349,43.58291,-85.74167
49401,42.9763,-85.95604
49402,43.94228,-86.03284
49403,43.13316,-85.85022
49404,43.06602,-85.95129
49405,43.91051,-86.18931
49406,42.64224,-86.209
49408,42.57077,-86.11479
49409,43.08077,-86.21826
49410,44.01986,-86.14265
49411,44.11006,-86.25385
49412,43.4699,-85.94747
49415,43.15238,-86.1166
49417,43.01519,-86.14387
49418,42.8774,-85.77226
49419,42.67768,-85.97826
49420,43.71958,-86.2811
49421,43.59945,-86.06658
49423,42.73964,-86.09015
49424,42.84269,-86.12431
49425,43.43941,-86.09981
49426,42.86636,-85.89038
49428,42.92042,-85.83712
49430,43.01192,-85.90053
49431,43.97251,-86.39792
49434,42.76975,-86.20774
49435,43.02683,-85.84049
49436,43.68042,-86.46203
49437,43.4588,-86.38121
49440,43.23852,-86.25387
49441,43.18745,-86.2736
49442,43.23995,-86.13278
49443,43.22204,-86.24155
49444,43.17671,-86.19892
49445,43.297,-86.27481
49446,43.55306,-86.39096
49448,43.09074,-86.07432
49449,43.79927,-86.37496
49450,42.48333,-86.08051
49451,43.21177,-85.96966
49452,43.51316,-86.25548
49453,42.66511,-86.17388
49454,43.95208,-86.28638
49455,43.60976,-86.36723
49456,43.09026,-86.19347
49457,43.35105,-86.14455
49458,43.94818,-86.11529
49459,43.73678,-86.10805
49460,42.93473,-86.1429
49461,43.38215,-86.32317
49464,42.84183,-85.98338
49503,42.96282,-85.65872
49504,42.98047,-85.70937
49505,42.9984,-85.63699
49506,42.94515,-85.6136
49507,42.93054,-85.65524
49508,42.87459,-85.62586
49509,42.89773,-85.69299
49512,42.8821,-85.54764
49519,42.89914,-85.7192
49525,43.02144,-85.5918
49534,42.97106,-85.78834
49544,43.04591,-85.7417
49546,42.92815,-85.53629
49548,42.86795,-85.66273
49601,44.2385,-85.5211
49611,44.97995,-84.97873
49612,44.86212,-85.22561
49613,44.50538,-86.20412
49614,44.43886,-86.10879
49615,44.97219,-85.20683
49616,44.57491,-86.08448
49617,44.64105,-86.03505
49618,44.30096,-85.59853
49619,44.30331,-85.98784
49620,44.5188,-85.68976
49621,44.86229,-85.77555
49622,45.0785,-85.26583
49623,43.90367,-85.68285
49625,44.42785,-85.87348
49626,44.24284,-86.29252
49627,45.11261,-85.35677
49628,44.62087,-86.23095
49629,44.90835,-85.39424
49630,44.92262,-86.00074
49631,43.91707,-85.25788
49632,44.23993,-84.97268
49633,44.55709,-85.19318
49634,44.2149,-86.28896
49635,44.62261,-86.18914
49636,44.87261,-85.99292
49637,44.62897,-85.71083
49638,44.28463,-85.75073
49639,43.8467,-85.39768
49640,44.72088,-86.03664
49642,43.87927,-85.77059
49643,44.63959,-85.83357
49644,44.10787,-85.91989
49645,44.37157,-86.02411
49646,44.72727,-85.04926
49648,44.98359,-85.3435
49649,44.5685,-85.52596
49650,44.73359,-85.88033
49651,44.39603,-85.10862
49653,44.97184,-85.7302
49654,45.0268,-86.00875
49655,44.02718,-85.43875
49656,44.05248,-85.69789
49657,44.21523,-85.17653
49659,44.90265,-85.02679
49660,44.23236,-86.21125
49663,44.42494,-85.39147
49664,44.87457,-85.89058
49665,44.0995,-85.1309
49667,44.34892,-84.91898
49668,44.4028,-85.70965
49670,45.12088,-85.62096
49674,45.0544,-85.58882
49675,44.37506,-86.21978
49676,44.84147,-85.29028
49677,43.89533,-85.54254
49679,43.8747,-85.14895
49680,44.64174,-85.25089
49682,44.97954,-85.6512
49683,44.53948,-85.93009
49684,44.80191,-85.70549
49685,44.69859,-85.70425
49686,44.82841,-85.53597
49688,44.12115,-85.44349
49689,44.21165,-85.91484
49690,44.77915,-85.38964
49696,44.6764,-85.48413
49701,45.75195,-84.7426
49705,45.34826,-84.45824
49706,45.44129,-84.77915
49707,45.09375,-83.50186
49709,45.03102,-84.17094
49710,46.27717,-84.18478
49712,45.2113,-85.01089
49713,45.21602,-84.85185
49715,46.3923,-84.69493
49716,45.50975,-84.75104
49717,45.43671,-84.69796
49718,45.71438,-84.81275
49719,46.0073,-84.29304
49720,45.27555,-85.23984
49721,45.57181,-84.45711
49722,45.42135,-84.86459
49724,46.32744,-84.3884
49725,46.00337,-84.01308
49726,46.00169,-83.66277
49727,45.13452,-85.10679
49728,46.3702,-84.99387
49729,45.16123,-85.28255
49730,45.04641,-84.87644
49733,44.80368,-84.7291
49735,44.99576,-84.67117
49736,46.07877,-84.14573
49738,44.69296,-84.60578
49740,45.52303,-84.99887
49743,45.27124,-83.89394
49744,45.00354,-83.66405
49745,46.05065,-84.519
49746,45.06437,-83.95239
49747,44.85132,-83.64516
49748,46.37491,-85.18039
49749,45.41634,-84.57891
49751,44.99496,-84.41309
49752,46.27629,-84.46091
49753,45.01566,-83.77644
49755,45.63886,-84.80524
49756,44.81482,-84.27339
49757,45.85933,-84.62533
49759,45.40545,-84.10055
49760,46.05715,-84.88881
49762,46.13126,-85.24115
49764,45.42356,-84.82824
49765,45.33379,-84.25229
49766,44.90643,-83.4512
49768,46.63217,-85.13434
49769,45.56797,-84.85681
49770,45.34396,-84.88903
49774,46.16081,-84.33798
49775,45.76941,-84.46333
49776,45.24634,-83.6873
49777,45.28323,-83.49624
49779,45.39651,-83.87153
49780,46.20913,-84.6854
49781,45.95272,-84.77652
49782,45.65547,-85.55199
49783,46.41495,-84.28006
49784,46.2577,-84.45483
49788,46.26418,-84.46779
49791,45.48093,-84.59945
49793,46.21221,-85.04417
49795,45.15835,-84.57563
49796,45.27407,-84.94712
49799,45.26597,-84.58177
49801,45.9191,-88.01795
49802,45.80053,-88.07718
49805,47.3481,-88.38535
49806,46.43802,-86.90056
49807,45.71211,-87.28885
49808,46.8109,-87.8764
49812,45.59094,-87.50269
49814,46.54459,-87.94395
49815,46.18465,-87.95967
49816,46.27517,-86.89863
49817,45.94711,-86.49946
49818,45.98223,-87.34745
49820,46.18965,-85.67951
49821,45.52167,-87.63052
49822,46.45095,-87.02812
49825,46.36039,-86.98462
49826,46.32316,-87.04567
49827,46.1751,-85.53607
49829,45.76773,-87.16522
49831,46.05777,-87.7356
49833,46.27504,-87.29142
49834,45.96829,-87.70292
49835,45.74396,-86.57555
49836,46.1971,-85.88725
49837,45.87129,-87.09781
49838,46.06473,-85.75035
49839,46.59994,-86.11555
49840,46.13742,-86.06009
49841,46.27145,-87.49873
49847,45.70585,-87.63267
49848,45.37926,-87.63576
49849,46.423,-87.76797
49852,45.78399,-87.81807
49853,46.36112,-85.74494
49854,46.09581,-86.36453
49855,46.56603,-87.45932
49858,45.21989,-87.58325
49861,46.57639,-88.16043
49862,46.38021,-86.7153
49863,45.61295,-87.55163
49864,45.84444,-86.65104
49866,46.54989,-87.66246
49868,46.49317,-85.50586
49870,45.87315,-87.89964
49871,46.42433,-87.53282
49872,46.01824,-87.08222
49873,45.876,-87.51824
49874,45.70394,-87.50568
49876,45.80211,-87.97729
49877,46.15651,-87.7425
49878,45.95852,-86.86516
49879,46.3437,-88.08432
49880,46.11693,-87.22515
49881,46.07852,-88.03259
49883,46.42885,-86.0318
49884,46.41734,-86.35554
49885,46.34658,-87.19238
49886,45.69748,-87.49409
49887,45.43104,-87.56773
49891,46.23206,-87.02828
49892,45.77547,-87.77243
49893,45.29767,-87.59927
49894,45.78292,-87.07634
49895,46.16807,-86.66593
49896,45.67748,-87.38953
49901,47.29384,-88.39094
49902,46.04905,-88.37744
49903,46.33455,-88.48496
49905,47.10694,-88.71395
49908,46.75276,-88.57034
49910,46.61815,-89.54308
49911,46.49247,-90.05235
49912,46.49393,-89.20017
49913,47.23746,-88.44994
49915,46.06464,-88.62708
49916,46.97891,-88.59519
49917,47.28138,-88.35908
49918,47.43585,-87.81238
49919,46.50995,-88.43518
49920,46.14087,-88.30079
49921,47.09084,-88.5818
49922,47.12369,-88.49522
49925,46.55088,-89.37681
49927,46.04475,-88.57108
49929,46.79874,-89.09567
49930,47.15577,-88.53542
49931,47.13652,-88.6063
49934,47.16539,-88.43967
49935,46.19493,-88.7463
49938,46.51493,-90.13264
49942,47.26179,-88.4175
49945,47.16956,-88.30752
49946,46.7189,-88.33725
49947,46.42589,-89.60536
49948,46.74567,-88.99919
49950,47.37834,-88.12035
49952,46.68309,-88.78408
49953,46.79328,-89.42477
49955,47.00788,-88.69373
49958,46.8165,-88.67595
49959,46.46987,-89.99803
49960,46.71139,-89.25085
49961,46.50667,-88.74358
49962,46.82142,-88.1409
49963,47.04897,-88.64002
49965,46.94752,-88.85878
49967,46.49377,-88.95551
49968,46.50199,-89.88314
49969,46.24608,-89.21431
49970,46.53555,-88.59783
49971,46.71043,-89.62866
50001,41.3611,-93.43321
50002,41.51236,-94.64801
50003,41.61192,-94.04352
50005,42.1295,-93.02683
50006,42.51354,-93.40227
50007,41.80365,-93.60043
50008,40.67847,-93.38549
50009,41.64313,-93.45945
50010,42.03316,-93.58761
50012,42.02904,-93.65086
50013,42.01732,-93.64809
50014,42.04993,-93.69342
50020,41.43364,-94.75215
50021,41.7207,-93.56838
50022,41.41737,-95.00352
50023,41.72768,-93.63412
50025,41.75628,-94.92034
50026,41.85823,-94.44958
50027,41.4739,-92.47194
50028,41.81729,-93.15102
50029,41.82497,-94.55075
50031,42.03881,-94.14003
50032,41.66591,-93.54301
50033,41.36048,-93.79416
50034,42.52921,-93.65438
50035,41.7248,-93.45957
50036,42.0892,-93.85378
50038,41.52186,-93.90064
50039,41.82615,-94.00653
50040,42.17363,-94.10121
50041,42.63429,-93.24662
50042,41.53326,-94.90004
50044,41.20247,-92.88907
50046,41.88974,-93.5234
50047,41.47551,-93.46556
50048,41.51167,-94.51936
50049,41.03741,-93.29566
50050,42.16459,-94.51054
50051,42.13875,-93.13736
50052,40.64417,-93.44538
50054,41.68729,-93.23196
50055,41.88456,-93.2889
50056,42.01925,-93.29701
50057,41.17859,-93.14554
50058,41.85773,-94.69044
50060,40.75508,-93.31922
50061,41.48022,-93.79343
50062,41.23499,-93.24425
50063,41.69669,-93.93677
50064,42.10671,-94.229
50065,40.60859,-93.78089
50066,41.8051,-94.22708
50067,40.70452,-93.85914
50068,40.94229,-93.46704
50069,41.52104,-94.02993
50070,41.45402,-94.23745
50071,42.64931,-93.50597
50072,41.46984,-94.12115
50073,41.79234,-93.52463
50074,40.85685,-94.07524
50075,42.33516,-93.56054
50076,41.595,-94.8576
50078,41.93862,-92.8629
50101,42.66713,-93.63423
50102,42.24554,-93.40022
50103,40.79292,-93.61079
50104,41.49458,-92.38841
50105,42.11754,-93.63912
50106,41.88213,-92.80749
50107,42.03547,-94.2191
50108,40.82479,-93.9577
50109,41.76802,-93.80775
50110,41.84424,-94.98612
50111,41.69353,-93.80358
50112,41.7319,-92.71591
50115,41.68765,-94.55501
50116,41.17812,-92.98247
50117,41.66903,-94.85419
50118,41.45957,-93.37673
50119,41.31089,-92.94587
50120,41.93373,-92.9828
50122,42.30218,-93.3087
50123,40.83938,-93.50634
50124,41.88516,-93.60446
50125,41.33286,-93.57957
50126,42.50875,-93.24815
50127,41.78122,-93.21129
50128,41.85173,-94.29853
50129,42.01335,-94.3764
50130,42.30074,-93.67331
50131,41.69749,-93.72021
50132,42.39392,-93.68256
50133,40.71592,-94.07576
50134,41.93992,-93.67429
50135,41.7475,-92.89096
50136,41.46984,-92.28927
50137,41.60872,-92.92126
50138,41.30246,-93.10534
50139,41.19237,-93.36683
50140,40.63753,-93.99198
50141,41.86889,-92.95634
50142,42.0055,-92.77582
50143,41.34245,-92.79893
50144,40.73327,-93.73615
50145,41.20387,-93.48515
50146,41.68038,-94.24905
50147,40.62381,-93.54597
50148,42.18142,-92.99567
50149,41.1512,-94.08194
50150,41.12771,-92.97404
50151,41.08074,-93.49717
50152,41.96873,-93.81765
50153,41.57669,-92.80033
50154,42.17625,-93.39068
50155,41.21288,-94.19713
50156,41.90349,-93.80001
50157,41.74545,-92.56183
50158,42.05016,-92.90143
50160,41.37385,-93.7387
50161,41.84764,-93.39914
50162,41.92563,-93.06781
50163,41.2223,-93.24101
50164,41.49921,-94.42176
50165,40.84808,-93.30937
50166,41.28289,-93.42629
50167,41.74613,-94.04871
50168,41.77725,-93.27248
50169,41.65617,-93.35062
50170,41.52911,-93.11546
50171,41.58434,-92.52584
50173,41.97461,-92.71044
50174,41.03723,-93.96167
50201,42.03337,-93.44434
50206,42.25018,-93.18941
50207,41.43344,-92.6381
50208,41.71129,-93.03924
50210,41.18998,-93.6978
50211,41.45614,-93.6887
50212,42.03515,-94.05996
50213,41.03292,-93.76557
50214,41.46246,-93.05528
50216,41.69798,-94.35023
50217,42.17206,-94.24984
50218,41.34844,-93.87755
50219,41.42243,-92.90132
50220,41.8366,-94.12293
50222,41.21701,-93.95369
50223,42.17117,-94.02831
50225,41.3823,-93.27103
50226,41.79716,-93.70566
50227,42.59388,-93.42818
50228,41.57008,-93.24154
50229,41.37416,-93.77906
50230,42.30655,-93.44718
50231,42.23765,-93.60257
50232,41.55761,-92.96868
50233,41.61221,-94.21095
50234,41.89165,-93.17916
50235,41.92974,-94.20873
50236,42.1675,-93.4834
50237,41.54238,-93.36859
50238,40.97124,-93.17502
50239,42.14431,-93.20144
50240,41.29368,-93.796
50241,41.30771,-93.73368
50242,41.56332,-92.69428
50243,41.86457,-93.6967
50244,41.85083,-93.65126
50246,42.28411,-93.78198
50247,42.01832,-93.1665
50248,42.19256,-93.61297
50249,42.26991,-93.89973
50250,41.48088,-94.34062
50251,41.56883,-92.87007
50252,41.45881,-93.31518
50254,40.99045,-94.06917
50255,41.45593,-92.33207
50256,41.2664,-92.91114
50257,41.19092,-93.85048
50258,42.22781,-93.07788
50261,41.47014,-93.92286
50262,40.85625,-93.82091
50263,41.60391,-93.87989
50264,40.89919,-93.70071
50265,41.55129,-93.73821
50266,41.56323,-93.81107
50268,41.40695,-92.36227
50269,42.26236,-93.01064
50271,42.48444,-93.54489
50272,41.08809,-93.25682
50273,41.32838,-94.05606
50274,41.38261,-94.85756
50275,41.04375,-93.58852
50276,41.85997,-93.923
50277,41.77867,-94.347
50278,42.1528,-93.29926
50309,41.58448,-93.62152
50310,41.62777,-93.67297
50311,41.601,-93.67335
50312,41.58064,-93.67622
50313,41.65538,-93.62287
50314,41.6049,-93.63102
50315,41.5449,-93.62063
50316,41.60877,-93.59775
50317,41.61572,-93.54881
50319,41.59115,-93.60314
50320,41.53208,-93.57217
50321,41.53997,-93.67184
50322,41.63383,-93.73589
50323,41.63894,-93.8185
50324,41.60471,-93.71273
50325,41.61475,-93.79864
50327,41.58402,-93.48856
50401,43.15389,-93.20006
50420,42.80621,-93.45677
50421,42.84246,-93.62148
50423,43.11054,-93.81244
50424,43.40366,-93.94939
50426,43.41507,-93.01718
50427,42.83557,-93.22116
50428,43.13573,-93.38815
50430,42.97734,-93.95653
50431,42.73648,-93.36989
50432,43.22394,-93.79794
50433,42.92852,-93.04774
50434,43.25857,-93.45758
50435,43.15752,-92.76877
50436,43.26256,-93.66242
50438,43.11018,-93.61841
50439,42.94578,-93.6345
50440,43.33213,-93.06891
50441,42.73938,-93.22146
50444,43.29258,-93.38601
50446,43.33821,-93.45394
50447,42.92719,-93.80118
50448,43.35053,-93.24753
50449,43.00129,-93.55629
50450,43.42045,-93.51998
50451,43.37746,-94.09134
50452,42.77969,-93.37542
50453,43.3664,-93.65258
50454,43.38505,-92.73935
50455,43.45695,-92.64981
50456,43.28812,-93.21579
50457,42.91418,-93.4928
50458,43.15969,-93.00609
50459,43.4458,-93.25445
50460,43.2259,-92.6902
50461,43.29995,-92.81412
50464,43.25146,-93.0765
50465,43.48703,-93.91056
50466,43.38782,-92.53815
50467,43.20916,-93.06608
50468,43.04631,-92.95703
50469,42.99922,-93.19767
50470,42.74652,-93.55374
50471,43.16486,-92.87834
50472,43.42265,-92.94644
50473,43.46402,-93.67429
50475,42.87902,-93.21852
50476,43.4527,-92.76311
50477,42.98743,-93.32731
50478,43.40377,-93.78448
50479,42.94121,-93.4082
50480,43.25097,-94.05272
50482,43.12356,-93.48167
50483,43.11174,-93.99719
50484,43.23609,-93.91084
50501,42.49244,-94.18967
50510,42.76084,-94.98216
50511,43.07483,-94.21894
50514,43.41374,-94.47361
50515,43.01993,-94.87812
50516,42.62566,-94.13545
50517,43.30099,-94.23452
50518,42.51212,-94.38241
50519,42.90314,-94.26542
50520,42.80524,-94.39772
50521,42.3462,-94.10276
50522,43.18562,-94.18576
50523,42.36783,-94.29357
50524,42.59992,-94.35799
50525,42.73875,-93.74907
50527,42.96899,-94.79288
50528,43.13717,-94.54023
50529,42.72216,-94.20101
50530,42.27021,-94.04173
50531,43.45841,-94.61417
50532,42.46212,-94.00175
50533,42.65251,-93.91109
50535,42.45138,-95.16167
50536,43.11605,-94.69716
50538,42.28422,-94.43024
50539,43.23543,-94.41849
50540,42.60019,-94.8407
50541,42.71569,-94.44715
50542,42.7794,-93.94594
50543,42.27434,-94.30666
50544,42.2537,-94.17042
50545,42.79651,-94.08111
50546,42.84388,-94.70347
50548,42.71275,-94.22645
50551,42.48242,-94.75484
50552,42.45638,-94.46068
50554,42.84648,-94.84118
50556,43.45276,-94.20114
50557,42.35544,-94.04409
50558,42.86717,-94.16607
50559,43.20912,-94.32477
50560,42.95581,-94.1043
50561,42.42122,-94.84794
50562,42.96158,-94.64173
50563,42.52802,-94.52515
50565,42.86118,-94.99698
50566,42.43925,-94.32889
50567,42.52146,-95.08935
50568,42.62171,-94.99395
50569,42.4032,-94.13841
50570,42.89359,-94.36585
50571,42.63485,-94.5806
50573,42.8768,-94.62255
50574,42.71891,-94.69967
50575,42.5588,-94.70065
50576,42.80267,-95.17727
50577,42.85774,-93.97902
50578,43.30081,-94.54775
50579,42.39356,-94.6345
50581,42.84735,-94.54506
50582,42.79338,-94.30217
50583,42.43049,-94.98595
50585,42.91154,-95.1407
50586,42.40472,-94.43204
50588,42.65777,-95.16391
50590,43.40647,-94.30303
50591,42.67683,-94.05478
50592,42.72927,-95.18345
50593,42.65796,-94.89832
50594,42.58561,-94.03949
50595,42.46097,-93.82154
50597,42.97379,-94.45048
50598,43.08023,-94.41841
50599,42.58089,-93.81471
50601,42.56612,-93.05665
50602,42.74036,-92.80581
50603,43.18893,-92.45834
50604,42.60484,-92.90299
50605,42.83559,-93.03276
50606,42.74669,-91.68299
50607,42.60872,-91.74747
50608,42.58815,-92.96075
50609,42.23066,-92.81046
50611,42.8193,-92.91114
50612,42.28546,-92.38687
50613,42.53358,-92.49069
50616,43.07978,-92.66104
50619,42.79725,-92.66266
50620,43.15712,-92.5912
50621,42.24738,-92.91904
50622,42.67358,-92.33358
50623,42.52693,-92.20962
50624,42.46874,-92.65879
50625,42.75071,-92.98691
50626,42.58028,-92.17049
50627,42.34982,-93.095
50628,43.26655,-92.39134
50629,42.64222,-92.081
50630,42.95651,-92.21346
50631,42.88254,-92.30929
50632,42.07667,-92.70299
50633,42.67203,-93.12664
50634,42.4181,-92.21422
50635,42.19886,-92.69896
50636,42.89439,-92.80745
50638,42.35654,-92.79495
50641,42.59746,-91.91961
50642,42.44024,-92.81243
50643,42.36413,-92.47402
50644,42.47751,-91.89721
50645,43.02174,-92.44952
50647,42.64787,-92.48026
50648,42.45182,-92.09465
50649,42.66249,-92.90973
50650,42.61915,-91.65429
50651,42.32271,-92.19993
50652,42.26454,-92.69234
50653,42.96737,-92.88927
50654,42.45812,-91.60933
50655,42.77232,-91.9016
50657,42.34454,-92.67399
50658,42.95024,-92.53782
50659,43.08749,-92.3221
50660,42.58099,-92.63752
50662,42.68748,-91.93396
50664,42.70698,-92.07222
50665,42.58078,-92.7717
50666,42.85995,-92.50933
50667,42.47003,-92.22545
50668,42.69087,-92.2265
50669,42.33309,-92.6124
50670,42.68425,-92.61586
50671,42.6523,-91.7997
50672,42.4247,-93.06545
50673,42.52505,-92.7113
50674,42.84202,-92.11746
50675,42.19884,-92.4928
50676,42.7943,-92.27895
50677,42.76363,-92.43775
50680,42.44956,-92.92505
50681,42.77754,-92.00931
50682,42.45241,-91.69893
50701,42.4171,-92.34448
50702,42.45745,-92.31283
50703,42.54817,-92.28195
50707,42.4771,-92.27918
50801,41.07959,-94.39224
50830,41.0242,-94.19037
50831,40.94938,-94.22341
50833,40.66956,-94.70309
50835,40.70769,-94.3675
50836,40.63116,-94.49689
50837,41.22878,-94.68367
50839,41.04874,-94.82206
50840,40.79378,-94.48413
50841,41.01147,-94.76342
50842,41.03991,-94.4618
50843,41.24057,-94.88913
50845,40.81683,-94.3523
50846,41.31081,-94.56839
50847,41.14168,-94.98405
50848,40.78685,-94.76758
50849,41.30004,-94.40176
50851,40.90327,-94.53637
50853,41.23869,-94.77455
50854,40.69089,-94.21977
50857,40.94045,-94.88011
50858,41.20961,-94.40902
50859,41.06505,-94.60027
50860,40.62253,-94.34949
50861,40.91163,-94.25685
50862,40.81304,-94.65136
50863,40.84701,-94.17318
50864,40.97648,-94.98009
51001,42.83854,-96.54551
51002,42.69859,-95.31863
51003,42.98355,-95.98642
51004,42.3762,-95.916
51005,42.72044,-95.42405
51006,42.31088,-95.61299
51007,42.40225,-96.18857
51008,42.81127,-96.26724
51009,42.94499,-95.55142
51010,42.09309,-95.92044
51011,42.91562,-96.51388
51012,42.74474,-95.56171
51014,42.78428,-95.71155
51015,42.33936,-96.08107
51016,42.46907,-95.80113
51018,42.44884,-95.67814
51019,42.2721,-95.72615
51020,42.51215,-95.41249
51022,42.97819,-95.84722
51023,43.00893,-96.46845
51024,42.6201,-96.26564
51025,42.4973,-95.55853
51026,42.24857,-96.07592
51027,42.96575,-96.32791
51028,42.59909,-95.99199
51029,42.88549,-95.5414
51030,42.49791,-96.19365
51031,42.80282,-96.18092
51033,42.91653,-95.25324
51034,42.16241,-95.78947
51035,42.78086,-95.80054
51036,42.97074,-96.18938
51037,42.82567,-95.64269
51038,42.7056,-96.31569
51039,42.45655,-96.05381
51040,42.03073,-96.0706
51041,43.02443,-96.07701
51044,42.30113,-95.91716
51045,42.82019,-96.05772
51046,42.96621,-95.67949
51047,42.93523,-95.35752
51048,42.57963,-95.86412
51049,42.63005,-95.64463
51050,42.79545,-95.94772
51051,42.20443,-95.96988
51052,42.31063,-96.26343
51053,42.4938,-95.28842
51054,42.37832,-96.33159
51055,42.21162,-96.26069
51056,42.23443,-95.95391
51058,42.98367,-95.46879
51060,42.04189,-95.69844
51061,42.57983,-95.72036
51062,42.70623,-96.53511
51063,42.13103,-96.18611
51101,42.49413,-96.39361
51103,42.52173,-96.44642
51104,42.53518,-96.40389
51105,42.50808,-96.3671
51106,42.46292,-96.32
51108,42.56625,-96.34858
51109,42.59873,-96.47804
51111,42.41129,-96.38606
51201,43.18331,-95.8657
51230,43.3562,-96.32217
51231,43.10567,-95.74131
51232,43.30097,-95.8162
51234,43.19412,-96.01992
51235,43.29488,-96.21531
51237,43.33885,-96.0005
51238,43.0758,-95.89071
51239,43.20238,-96.14522
51240,43.30986,-96.45727
51241,43.44992,-96.46001
51242,43.43227,-96.33806
51243,43.4425,-95.90287
51244,43.2443,-95.93436
51245,43.07788,-95.60149
51246,43.42764,-96.16564
51247,43.19259,-96.33723
51248,43.20445,-95.65911
51249,43.41068,-95.73203
51250,43.08437,-96.21232
51301,43.15314,-95.14973
51331,43.36431,-95.13028
51333,43.1324,-95.00437
51334,43.40379,-94.80698
51338,43.2065,-95.32378
51340,43.2404,-95.15613
51341,43.01665,-95.04132
51342,43.24359,-94.73832
51343,43.01804,-95.11445
51345,43.4181,-95.43209
51346,43.18638,-95.45927
51347,43.42547,-95.31363
51350,43.30752,-95.59827
51351,43.31656,-95.18626
51354,43.41267,-95.54352
51355,43.38996,-95.14082
51357,43.06215,-95.28762
51358,43.13033,-94.89579
51360,43.43626,-95.08556
51363,43.43363,-94.94678
51364,43.2993,-94.96293
51365,43.30652,-94.7349
51366,42.96008,-95.0095
51401,42.06516,-94.87068
51430,42.0869,-95.02633
51431,42.34446,-95.35146
51432,41.91009,-95.13795
51433,42.27635,-94.87057
51436,42.18254,-95.01247
51439,42.08298,-95.58347
51440,41.9117,-94.81379
51441,42.11784,-95.3157
51442,42.02696,-95.35915
51443,42.07748,-94.70517
51444,42.01228,-94.97352
51445,42.32719,-95.46724
51446,41.77663,-95.19277
51447,41.72101,-95.19196
51448,42.20238,-95.30839
51449,42.26614,-94.73475
51450,42.31205,-95.02722
51451,42.1846,-94.69471
51452,42.12242,-94.78366
51453,42.26366,-94.55155
51454,41.8798,-95.2072
51455,41.90829,-95.0559
51458,42.32141,-95.23524
51459,42.04495,-94.63779
51460,42.1324,-95.571
51461,42.172,-95.47579
51462,42.01319,-94.55744
51463,41.90743,-94.91265
51465,42.08964,-95.19872
51466,42.25302,-95.09837
51467,42.07377,-95.10919
51501,41.22828,-95.87889
51503,41.2304,-95.77795
51510,41.28844,-95.91715
51520,41.9692,-95.4593
51521,41.47987,-95.34526
51523,41.9122,-96.07172
51525,41.23443,-95.41999
51526,41.37186,-95.87818
51527,41.82875,-95.348
51528,41.92724,-95.50185
51529,41.8618,-95.62591
51530,41.78247,-95.42613
51531,41.58751,-95.08837
51532,41.13408,-95.11167
51533,41.03606,-95.37933
51534,41.04092,-95.71853
51535,41.2264,-95.13241
51536,41.38385,-95.36025
51537,41.64646,-95.29531
51540,41.02488,-95.49802
51541,41.13664,-95.41623
51542,41.43354,-95.84072
51543,41.65792,-95.07317
51544,41.31316,-95.10817
51545,41.83897,-96.02072
51546,41.6399,-95.77209
51548,41.31713,-95.63553
51549,41.18253,-95.45445
51550,41.69203,-95.87399
51551,40.99129,-95.58907
51552,41.48613,-95.11439
51553,41.41577,-95.54638
51554,41.14512,-95.68122
51555,41.55937,-95.91398
51556,41.63548,-96.04198
51557,41.72903,-96.00233
51558,41.91497,-95.87023
51559,41.46034,-95.66049
51560,41.31746,-95.39838
51561,41.00571,-95.80992
51562,41.72591,-95.50128
51563,41.5769,-95.59405
51564,41.81309,-95.90801
51565,41.64555,-95.52391
51566,41.0151,-95.22994
51570,41.52271,-95.46039
51571,41.14582,-95.60994
51572,41.9896,-95.79053
51573,40.97949,-95.09451
51575,41.24111,-95.60218
51576,41.3777,-95.70945
51577,41.4644,-95.20296
51578,41.72002,-95.39508
51579,41.75171,-95.7069
51601,40.72938,-95.35037
51630,40.60101,-95.19427
51631,40.60267,-95.00918
51632,40.7478,-95.04939
51636,40.66713,-95.23519
51637,40.62046,-95.11832
51638,40.83919,-95.26663
51639,40.71859,-95.47362
51640,40.62262,-95.6634
51645,40.88206,-95.4229
51646,40.75315,-94.8725
51647,40.60539,-95.34509
51648,40.74215,-95.80325
51649,40.8518,-95.53565
51650,40.673,-95.5492
51651,40.65652,-95.03473
51652,40.77032,-95.62815
51653,40.88444,-95.67179
51654,40.831,-95.76038
51656,40.73527,-95.15437
52001,42.54819,-90.69348
52002,42.52481,-90.77184
52003,42.43434,-90.67506
52030,42.15322,-90.59219
52031,42.24874,-90.48922
52032,42.29006,-90.84317
52033,42.27941,-91.00177
52035,42.65996,-91.18784
52036,42.47285,-91.34086
52037,41.96712,-90.62899
52038,42.58586,-91.55685
52039,42.53807,-90.85745
52040,42.51114,-91.13884
52041,42.5051,-91.25515
52042,42.68098,-91.36517
52043,42.84403,-91.42201
52044,42.76808,-91.32328
52045,42.45485,-90.93113
52046,42.44024,-91.0119
52047,42.96401,-91.34301
52048,42.73735,-91.25584
52049,42.8823,-91.20521
52050,42.60532,-91.33204
52052,42.7411,-91.12083
52053,42.60656,-90.96399
52054,42.30569,-90.62811
52056,42.60401,-91.07257
52057,42.4916,-91.45333
52060,42.10217,-90.67961
52064,42.08977,-90.31076
52065,42.58353,-91.10202
52066,42.693,-90.96925
52068,42.42382,-90.81128
52069,42.05772,-90.4279
52070,42.08146,-90.21771
52071,42.36245,-90.54234
52072,42.92022,-91.38025
52073,42.62331,-90.82069
52074,42.10966,-90.4724
52075,42.16577,-90.47916
52076,42.69805,-91.50984
52077,42.82258,-91.55393
52078,42.39506,-91.11534
52079,42.28781,-90.71908
52101,43.35741,-91.76494
52132,43.2067,-91.91881
52133,43.10702,-91.66854
52134,43.47156,-92.40078
52135,43.01945,-91.66204
52136,43.37139,-92.11289
52140,43.44173,-91.53108
52141,42.93924,-91.63007
52142,42.82752,-91.79441
52144,43.13961,-91.96075
52146,43.18826,-91.19588
52147,42.94957,-91.96106
52151,43.34706,-91.28013
52154,43.12201,-92.16519
52155,43.41412,-92.29683
52156,43.05316,-91.46534
52157,43.01661,-91.23216
52158,43.04388,-91.18647
52159,43.07979,-91.36134
52160,43.46733,-91.3521
52161,43.12733,-91.75623
52162,43.11062,-91.55266
52163,43.21976,-92.10315
52164,42.85212,-91.89941
52165,43.30671,-91.98465
52166,43.06791,-91.93547
52168,43.20339,-91.95338
52169,42.84739,-91.65971
52170,43.22886,-91.30485
52171,43.07451,-92.04808
52172,43.27117,-91.48382
52175,42.99372,-91.82389
52201,41.33218,-91.54704
52202,42.15836,-91.63792
52203,41.81035,-91.8906
52205,42.11754,-91.28806
52206,41.99187,-91.88718
52207,42.09286,-90.83
52208,41.88568,-92.26475
52209,41.90809,-92.09462
52210,42.33905,-92.00537
52211,41.75978,-92.45062
52212,42.10954,-91.08929
52213,42.1995,-91.77222
52214,42.19056,-91.50704
52215,41.91018,-92.40106
52216,41.89321,-91.0431
52217,42.07948,-92.41067
52218,42.2946,-91.53826
52219,42.23758,-91.42576
52220,41.72661,-91.99853
52221,41.64151,-92.33215
52222,41.57623,-92.33693
52223,42.41315,-91.32408
52224,42.16386,-92.29836
52225,42.01289,-92.32636
52227,41.89647,-91.5626
52228,41.90282,-91.79132
52229,42.14609,-92.16884
52231,41.36371,-92.05912
52232,41.80128,-92.34043
52233,42.04934,-91.68732
52235,41.57024,-91.53281
52236,41.73143,-91.87647
52237,42.34368,-91.25193
52240,41.63143,-91.49924
52241,41.69708,-91.59746
52242,41.66195,-91.54317
52245,41.67071,-91.50666
52246,41.64903,-91.59718
52247,41.51503,-91.71774
52248,41.34386,-91.93891
52249,42.01202,-92.20517
52251,41.71218,-92.20314
52252,42.19712,-91.22727
52253,41.89713,-91.35154
52254,41.95232,-90.80538
52255,41.86294,-90.96129
52257,41.91836,-92.17742
52301,41.78658,-92.09013
52302,42.0656,-91.57091
52305,42.01801,-91.34207
52306,41.89729,-91.25296
52307,41.79158,-91.90244
52308,41.5733,-92.1592
52309,42.12415,-90.88733
52310,42.21983,-91.19737
52312,42.00617,-91.24526
52313,42.25955,-92.09726
52314,41.93439,-91.44985
52315,42.00181,-91.96985
52316,41.53727,-92.09367
52317,41.76277,-91.63142
52318,41.89012,-91.89656
52320,41.99997,-91.14643
52321,42.14168,-90.98307
52322,41.69221,-91.76284
52323,41.98445,-90.95344
52324,42.06421,-91.80583
52325,41.58028,-91.92305
52326,42.39513,-91.75641
52327,41.477,-91.58046
52328,42.07195,-91.66641
52329,42.35894,-91.85405
52330,42.35261,-91.50076
52332,42.09861,-91.88772
52333,41.80376,-91.48685
52334,41.73084,-91.94355
52335,41.45935,-92.05895
52336,42.0689,-91.44111
52337,41.88217,-91.14282
52338,41.82904,-91.70858
52339,41.92313,-92.58307
52340,41.70615,-91.68019
52341,42.10535,-91.7341
52342,42.05047,-92.55849
52344,42.29202,-91.68325
52345,42.22239,-91.89177
52346,42.01298,-92.08119
52347,41.71345,-92.28591
52348,41.99331,-92.38597
52349,42.17246,-92.00566
52351,41.87496,-91.83529
52352,42.28706,-91.77897
52353,41.29923,-91.71596
52354,41.91883,-91.98856
52355,41.4576,-92.18387
52356,41.4749,-91.84769
52358,41.69644,-91.32097
52359,41.35428,-91.81006
52361,41.6446,-92.0154
52362,42.05881,-91.00258
52401,41.97534,-91.65871
52402,42.02272,-91.66001
52403,41.96813,-91.57964
52404,41.92153,-91.69077
52405,41.98644,-91.74774
52411,42.05093,-91.72723
52501,41.03828,-92.43252
52530,40.98953,-92.29492
52531,41.02684,-92.81562
52533,41.01228,-92.15043
52534,41.27342,-92.6806
52535,40.86533,-91.96407
52536,40.95291,-92.61802
52537,40.7355,-92.41426
52540,41.15769,-91.82281
52542,40.62712,-92.05164
52543,41.20065,-92.51773
52544,40.71774,-92.90831
52548,41.0855,-92.5306
52549,40.61392,-92.94602
52550,41.31635,-92.36254
52551,40.81877,-92.1058
52552,40.83552,-92.53633
52553,41.14865,-92.65668
52554,40.92562,-92.23387
52555,40.63905,-92.81046
52556,41.01842,-91.9264
52557,41.02026,-91.96653
52560,40.85491,-92.25312
52561,41.22135,-92.44081
52562,41.26539,-92.24858
52563,41.17295,-92.27765
52565,40.74005,-91.94332
52566,41.12887,-92.50547
52567,40.93174,-92.07224
52568,41.1779,-92.25077
52569,40.97968,-93.04939
52570,40.68656,-92.14853
52571,40.87739,-92.83114
52572,40.67795,-92.69163
52573,40.62378,-91.92979
52574,40.80822,-92.96948
52576,41.21337,-92.1125
52577,41.27174,-92.6602
52580,41.12039,-92.09069
52581,40.80504,-93.06265
52583,40.80284,-93.1555
52584,40.65273,-92.24936
52585,41.18902,-91.98863
52586,41.34573,-92.46694
52588,40.86325,-92.16315
52590,40.6654,-93.13594
52591,41.31988,-92.19465
52593,40.77363,-92.73955
52594,40.83561,-92.64957
52595,41.28847,-92.61506
52601,40.8551,-91.111
52619,40.5246,-91.56566
52620,40.7032,-91.79563
52621,41.20821,-91.53209
52623,40.85569,-91.33998
52624,40.7348,-91.33609
52625,40.66604,-91.57094
52626,40.63201,-91.72119
52627,40.65973,-91.35145
52630,40.80375,-91.7038
52631,40.78308,-91.61209
52632,40.44072,-91.43973
52635,40.99117,-91.75843
52637,41.01949,-91.13774
52638,40.79864,-91.24577
52639,40.52763,-91.46409
52640,41.09649,-91.28205
52641,40.98799,-91.58531
52644,41.03988,-91.41535
52645,40.91429,-91.40138
52646,41.06706,-91.00072
52647,41.1342,-91.54506
52649,40.83827,-91.60647
52650,40.94782,-91.15687
52651,40.85819,-91.81323
52652,41.09796,-91.5542
52653,41.16642,-91.15597
52654,41.13581,-91.66898
52655,40.84768,-91.21174
52656,40.73844,-91.4611
52657,40.76784,-91.5164
52658,40.69998,-91.22657
52659,41.13285,-91.43658
52660,40.99146,-91.29998
52701,41.98198,-90.24908
52720,41.59064,-91.16578
52721,41.75588,-90.9633
52722,41.56633,-90.4673
52726,41.50092,-90.78419
52727,41.95834,-90.33341
52728,41.45907,-90.72592
52729,41.80063,-90.74312
52730,41.77366,-90.34364
52731,41.96637,-90.48551
52732,41.90126,-90.25083
52737,41.25918,-91.37478
52738,41.2736,-91.38072
52739,41.3728,-91.36823
52742,41.83616,-90.51076
52745,41.71502,-90.75783
52746,41.71945,-90.67172
52747,41.59758,-90.91147
52748,41.66471,-90.55713
52749,41.34608,-91.13112
52750,41.933,-90.39302
52751,41.8519,-90.68398
52752,41.27465,-91.1911
52753,41.62544,-90.38989
52754,41.34254,-91.24144
52755,41.48015,-91.43349
52756,41.72966,-90.54084
52757,41.80337,-90.3552
52758,41.74405,-90.44104
52759,41.46043,-90.80989
52760,41.58255,-91.09853
52761,41.43798,-91.05802
52765,41.72182,-90.87274
52766,41.46407,-91.30061
52767,41.57356,-90.42326
52768,41.69906,-90.38977
52769,41.60836,-90.8416
52771,42.01958,-90.25707
52772,41.75006,-91.14083
52773,41.62187,-90.75529
52774,41.90743,-90.59596
52776,41.5795,-91.275
52777,41.84739,-90.85529
52778,41.61115,-91.00066
52801,41.52082,-90.57483
52802,41.49908,-90.63621
52803,41.53871,-90.55623
52804,41.53584,-90.68081
52806,41.58918,-90.62553
52807,41.61061,-90.51634
53001,43.60562,-88.05217
53002,43.46896,-88.35454
53003,43.21226,-88.51957
53004,43.4995,-87.8805
53005,43.0625,-88.0992
53006,43.62103,-88.53534
53007,43.10825,-88.07116
53010,43.61121,-88.27901
53011,43.65755,-88.08123
53012,43.31369,-88.03704
53013,43.56585,-87.85172
53014,44.02298,-88.17549
53015,43.90534,-87.79296
53016,43.31104,-88.71794
53017,43.2044,-88.2526
53018,43.04809,-88.39278
53019,43.69667,-88.30752
53020,43.86231,-88.01364
53021,43.49425,-88.00111
53022,43.23062,-88.11286
53023,43.78198,-88.10745
53024,43.33233,-87.93299
53027,43.31697,-88.37356
53029,43.14381,-88.34624
53031,43.64036,-87.91778
53032,43.44708,-88.6234
53033,43.23716,-88.25634
53034,43.34014,-88.60746
53035,43.39135,-88.54355
53036,43.17141,-88.57693
53037,43.31255,-88.16108
53038,43.08592,-88.79031
53039,43.36931,-88.71148
53040,43.52126,-88.19198
53042,43.95144,-87.98216
53044,43.73793,-87.78327
53045,43.061,-88.15145
53046,43.15215,-88.16045
53047,43.25904,-88.63002
53048,43.57935,-88.45554
53049,43.8853,-88.28917
53050,43.50992,-88.54734
53051,43.14905,-88.12348
53057,43.79099,-88.24671
53058,43.11003,-88.40624
53059,43.28954,-88.53012
53061,43.94588,-88.11803
53063,43.96297,-87.80232
53065,43.68227,-88.56866
53066,43.11451,-88.49068
53069,43.1131,-88.43094
53070,43.62429,-87.80872
53072,43.07989,-88.26638
53073,43.75011,-87.99191
53074,43.42716,-87.88265
53075,43.56318,-87.99559
53076,43.26966,-88.20905
53078,43.31386,-88.45924
53079,43.81132,-88.1888
53080,43.40733,-87.98789
53081,43.71343,-87.73725
53083,43.81511,-87.77108
53085,43.73562,-87.85137
53086,43.32508,-88.27124
53088,44.07178,-88.29966
53089,43.14646,-88.23594
53090,43.45685,-88.17985
53091,43.49667,-88.43674
53092,43.22139,-87.95351
53093,43.65348,-87.93894
53094,43.1462,-88.73365
53095,43.38838,-88.15895
53097,43.24574,-88.0069
53098,43.24955,-88.71461
53099,43.38035,-88.52525
53103,42.88175,-88.21542
53104,42.55731,-88.03416
53105,42.66412,-88.28045
53108,42.82043,-87.94696
53110,42.94671,-87.86403
53114,42.60721,-88.75089
53115,42.65443,-88.6713
53118,42.9725,-88.48859
53119,42.88356,-88.4862
53120,42.80066,-88.41783
53121,42.70989,-88.53028
53122,43.04811,-88.08674
53125,42.54532,-88.56216
53126,42.78848,-87.9966
53127,42.95991,-88.3777
53128,42.52979,-88.33857
53129,42.93795,-88.00003
53130,42.94092,-88.04909
53132,42.88589,-88.01063
53137,43.00472,-88.66975
53139,42.68795,-88.12
53140,42.61963,-87.82987
53142,42.54464,-87.93765
53143,42.56109,-87.83038
53144,42.61991,-87.92291
53146,42.9718,-88.15885
53147,42.57075,-88.45024
53149,42.87436,-88.34077
53150,42.8845,-88.12824
53151,42.97467,-88.09845
53153,42.94056,-88.40237
53154,42.8803,-87.90092
53156,42.89069,-88.59012
53157,42.5377,-88.36855
53158,42.52418,-87.88869
53167,42.73526,-88.22552
53168,42.57858,-88.12999
53170,42.5519,-88.16149
53172,42.91197,-87.86266
53176,42.64307,-88.41444
53177,42.70047,-87.93474
53178,43.02335,-88.59894
53179,42.5133,-88.13159
53181,42.51711,-88.24305
53182,42.69815,-88.04096
53183,43.00441,-88.3739
53184,42.53075,-88.60945
53185,42.79519,-88.19313
53186,43.02305,-88.20319
53188,43.02106,-88.29265
53189,42.95216,-88.28068
53190,42.80775,-88.73129
53191,42.5776,-88.54574
53192,42.51172,-88.18412
53195,42.51397,-88.49016
53202,43.04561,-87.89893
53203,43.03828,-87.91603
53204,43.01806,-87.92552
53205,43.05359,-87.93363
53206,43.07524,-87.93349
53207,42.97148,-87.90152
53208,43.04556,-87.96556
53209,43.12871,-87.94717
53210,43.06889,-87.97381
53211,43.08308,-87.88485
53212,43.07464,-87.90845
53213,43.04889,-88.00176
53214,43.02061,-88.01634
53215,42.99931,-87.94625
53216,43.08634,-87.97636
53217,43.15767,-87.91633
53218,43.11469,-87.99301
53219,42.99537,-87.99171
53220,42.96515,-87.99142
53221,42.95445,-87.94374
53222,43.08205,-88.03496
53223,43.16304,-87.98996
53224,43.16357,-88.03894
53225,43.11443,-88.042
53226,43.04975,-88.04209
53227,42.99562,-88.04264
53228,42.96678,-88.04333
53233,43.03694,-87.93364
53235,42.97161,-87.87298
53295,43.02222,-87.97665
53402,42.7989,-87.82385
53403,42.68738,-87.82587
53404,42.7572,-87.81246
53405,42.72712,-87.82588
53406,42.73014,-87.86549
53501,42.60484,-89.07165
53502,42.73219,-89.44071
53503,43.13935,-89.95623
53504,42.70388,-89.85801
53505,42.66063,-88.8176
53506,43.15017,-90.28422
53507,43.00153,-89.90173
53508,42.86783,-89.5618
53510,42.74065,-90.32147
53511,42.54627,-89.09792
53515,43.11708,-89.74915
53516,42.80073,-89.8676
53517,43.03686,-89.82967
53518,43.2458,-90.59108
53520,42.60133,-89.36123
53521,42.84217,-89.40814
53522,42.55674,-89.78983
53523,42.98338,-89.03172
53525,42.54579,-88.84907
53526,42.97433,-90.34438
53527,43.06346,-89.19141
53528,43.11854,-89.63739
53529,43.24075,-89.52496
53530,42.69356,-90.11163
53531,43.05696,-89.10114
53532,43.24881,-89.32547
53533,42.99285,-90.14915
53534,42.84763,-89.09032
53536,42.76366,-89.26983
53537,42.67267,-89.21056
53538,42.91697,-88.87194
53540,43.22173,-90.29356
53541,42.56969,-90.02963
53543,43.0556,-90.36233
53544,42.88199,-89.9153
53545,42.73113,-89.03613
53546,42.65126,-88.94854
53548,42.68907,-89.13095
53549,42.99056,-88.77675
53550,42.5581,-89.49348
53551,43.07831,-88.91508
53553,42.91235,-90.29693
53554,42.90205,-90.44919
53555,43.32163,-89.55625
53556,43.24014,-90.24525
53557,43.33996,-88.79449
53558,43.00286,-89.28409
53559,43.16557,-89.08066
53560,43.19418,-89.75413
53561,43.39594,-89.64414
53562,43.11592,-89.54188
53563,42.78276,-88.93127
53565,42.84025,-90.16982
53566,42.60912,-89.64817
53569,42.98105,-90.42966
53570,42.73857,-89.61966
53571,43.27793,-89.35358
53572,42.96016,-89.73754
53573,43.18196,-90.46326
53574,42.81851,-89.65181
53575,42.93148,-89.38627
53576,42.62543,-89.23949
53577,43.31428,-90.07117
53578,43.31356,-89.77408
53579,43.2894,-88.87545
53580,42.85943,-90.38131
53581,43.37504,-90.41637
53582,43.01791,-89.99106
53583,43.25671,-89.81178
53584,43.27937,-90.29477
53585,42.53049,-88.72056
53586,42.57271,-90.22702
53587,42.57736,-89.90511
53588,43.18949,-90.08201
53589,42.92684,-89.21182
53590,43.19936,-89.20804
53593,42.98533,-89.57992
53594,43.18291,-88.97168
53597,43.18258,-89.45726
53598,43.20641,-89.3387
53599,42.64765,-89.85986
53703,43.07981,-89.37734
53704,43.13633,-89.34684
53705,43.07427,-89.46246
53706,43.07505,-89.40987
53711,43.01521,-89.40641
53713,43.03743,-89.39254
53714,43.09884,-89.31287
53715,43.06038,-89.39861
53716,43.06506,-89.31454
53717,43.07372,-89.51945
53718,43.0977,-89.27332
53719,43.0281,-89.50003
53726,43.07036,-89.4223
53792,43.07711,-89.43044
53801,42.92505,-91.06959
53802,42.80538,-90.89358
53803,42.55915,-90.35508
53804,42.87645,-90.90798
53805,43.14236,-90.68445
53806,42.73554,-90.92544
53807,42.61123,-90.46668
53808,42.63745,-90.59204
53809,42.99362,-90.63323
53810,42.82144,-90.9984
53811,42.53576,-90.51541
53812,42.5808,-90.60239
53813,42.84402,-90.71641
53816,42.97794,-90.85773
53817,42.94028,-90.97234
53818,42.74725,-90.49177
53820,42.69649,-90.70984
53821,43.04769,-91.06569
53825,42.91833,-90.58851
53826,43.12225,-90.91039
53827,43.05049,-90.83702
53901,43.55606,-89.48606
53910,43.89073,-89.80708
53911,43.3258,-89.36478
53913,43.49213,-89.72858
53916,43.45538,-88.85813
53919,43.73462,-88.77564
53920,43.66579,-89.60364
53922,43.51558,-88.70916
53923,43.57326,-89.13753
53924,43.47971,-90.25455
53925,43.3325,-89.05075
53926,43.67164,-89.21497
53928,43.42051,-89.1547
53929,43.75415,-90.28376
53930,43.683,-89.49506
53931,43.74236,-88.86798
53932,43.4202,-89.06543
53933,43.57235,-88.88338
53934,43.98044,-89.82184
53935,43.58864,-89.06697
53936,43.87477,-89.71071
53937,43.38841,-90.15753
53939,43.69185,-89.13199
53940,43.59126,-89.7944
53941,43.57947,-90.13694
53942,43.46393,-90.16536
53943,43.38999,-90.03018
53944,43.68759,-89.92791
53946,43.71822,-89.02189
53947,43.74676,-89.13769
53948,43.77846,-90.05161
53949,43.78323,-89.33978
53950,43.90477,-90.13463
53951,43.39087,-89.86633
53952,43.78718,-89.5963
53953,43.76606,-89.458
53954,43.55518,-89.31325
53955,43.40025,-89.40051
53956,43.54166,-89.01849
53959,43.53407,-89.99702
53960,43.4224,-89.23212
53961,43.46055,-89.93858
53962,43.68352,-90.2652
53963,43.63492,-88.73828
53964,43.91253,-89.5025
53965,43.67651,-89.75681
53968,43.64072,-90.2326
53969,43.49567,-89.30176
54001,45.33417,-92.38703
54002,44.95871,-92.37121
54003,44.79019,-92.44218
54004,45.30699,-92.12414
54005,45.23447,-92.23051
54006,45.58958,-92.64824
54007,45.18781,-92.35734
54009,45.35358,-92.57693
54011,44.71648,-92.46279
54013,45.08134,-92.22929
54014,44.64578,-92.57048
54015,44.96899,-92.45419
54016,44.97949,-92.69305
54017,45.11907,-92.52091
54020,45.27937,-92.65235
54021,44.74048,-92.71144
54022,44.84796,-92.6096
54023,44.97708,-92.55218
54024,45.49873,-92.64781
54025,45.14184,-92.68997
54026,45.22688,-92.53459
54027,44.92403,-92.19985
54028,44.95532,-92.28279
54082,45.0696,-92.75403
54101,44.78786,-88.05927
54102,45.50278,-88.00524
54103,45.64972,-88.49885
54104,45.44018,-88.26518
54106,44.48172,-88.45551
54107,44.70068,-88.44436
54110,44.18533,-88.08105
54111,44.81572,-88.37992
54112,45.04527,-88.04743
54113,44.26404,-88.30705
54114,45.25254,-88.12197
54115,44.40552,-88.09195
54119,45.62488,-88.18285
54120,45.75892,-88.49089
54121,45.86385,-88.32899
54123,44.20642,-88.15201
54124,44.90701,-88.36616
54125,45.58995,-88.38325
54126,44.28925,-88.03218
54127,44.79693,-88.26815
54128,44.86675,-88.80525
54129,44.12902,-88.20146
54130,44.31194,-88.24301
54135,44.91468,-88.61209
54136,44.26834,-88.33852
54137,44.75843,-88.25605
54138,45.33064,-88.42783
54139,44.9539,-88.07152
54140,44.28689,-88.31045
54141,44.72753,-88.00567
54143,45.08708,-87.70045
54149,45.204,-88.47445
54150,44.97237,-88.7906
54151,45.72352,-87.99752
54152,44.56645,-88.47049
54153,44.89939,-87.92516
54154,44.86702,-88.19058
54155,44.51979,-88.19038
54156,45.60099,-87.93963
54157,45.05001,-87.81217
54159,45.20027,-87.82682
54160,44.12029,-88.09895
54161,45.12449,-88.15696
54162,44.66417,-88.27689
54165,44.52063,-88.31683
54166,44.77894,-88.63567
54169,44.17799,-88.2772
54170,44.51783,-88.57241
54171,44.71957,-88.12017
54173,44.64228,-88.03212
54174,45.03553,-88.43492
54175,45.30552,-88.62394
54177,45.36428,-87.89183
54180,44.33139,-88.17462
54201,44.61987,-87.49399
54202,45.0779,-87.13837
54204,44.76189,-87.61552
54205,44.60444,-87.62912
54207,44.08425,-87.98093
54208,44.36239,-87.79619
54209,45.01126,-87.27278
54210,45.2535,-87.0352
54211,45.15942,-87.16783
54212,45.12169,-87.23024
54213,44.69926,-87.52114
54214,44.19893,-87.71441
54215,44.22608,-87.80357
54216,44.43651,-87.58069
54217,44.54694,-87.71748
54220,44.09644,-87.73131
54227,44.28096,-87.80656
54228,44.27677,-87.64875
54229,44.56411,-87.82081
54230,44.15749,-87.91202
54232,44.00668,-87.92462
54234,45.18377,-87.09239
54235,44.84218,-87.37677
54241,44.21758,-87.59723
54245,44.02728,-87.8977
54246,45.37538,-86.89721
54247,44.19686,-87.78564
54301,44.48193,-88.02029
54302,44.50663,-87.97668
54303,44.53931,-88.05115
54304,44.49419,-88.06758
54307,44.47049,-88.0366
54311,44.48377,-87.89483
54313,44.58923,-88.11088
54401,44.96647,-89.70794
54403,45.03142,-89.51343
54405,44.96289,-90.2797
54406,44.41122,-89.31211
54407,44.52712,-89.29418
54408,45.02861,-89.30922
54409,45.11928,-89.16909
54410,44.54158,-90.02877
54411,45.05023,-90.02837
54412,44.66859,-89.98238
54413,44.28363,-90.15185
54414,44.95589,-89.18202
54416,44.8822,-88.94153
54417,45.02749,-89.65418
54418,45.21566,-88.98003
54420,44.61043,-90.35036
54421,44.89866,-90.29532
54422,44.98279,-90.45264
54423,44.58049,-89.41642
54424,45.28471,-89.18701
54425,45.0086,-90.34249
54426,44.90804,-89.98832
54427,44.82401,-89.25789
54428,45.43511,-89.17282
54430,45.1395,-88.8872
54433,45.20649,-90.81756
54435,45.35084,-89.44349
54436,44.54149,-90.43101
54437,44.77867,-90.63866
54440,44.80621,-89.38838
54441,44.64202,-90.10604
54442,45.36532,-89.65439
54443,44.61243,-89.75264
54446,44.7533,-90.47149
54447,45.09061,-90.72911
54448,44.93094,-89.83422
54449,44.63914,-90.19755
54450,45.00367,-89.04172
54451,45.19131,-90.40172
54452,45.20879,-89.76743
54454,44.60259,-89.8846
54455,44.7625,-89.68559
54456,44.54511,-90.63824
54457,44.22965,-89.89502
54458,44.49867,-89.31027
54459,45.42515,-90.26924
54460,44.94703,-90.53728
54462,45.39408,-89.00031
54463,45.50876,-89.22536
54464,45.05486,-89.01748
54465,45.39327,-88.88334
54466,44.3855,-90.31687
54467,44.41575,-89.54062
54469,44.34642,-89.87028
54470,45.29419,-90.13852
54471,44.93361,-89.41914
54473,44.64984,-89.35634
54474,44.87395,-89.62223
54475,44.48204,-89.78825
54476,44.88816,-89.52389
54479,44.75688,-90.32525
54480,45.05908,-90.27597
54481,44.51935,-89.63678
54482,44.55174,-89.5092
54484,44.79988,-90.07962
54485,45.39373,-89.21894
54486,44.72595,-89.05124
54487,45.50429,-89.75114
54488,44.84335,-90.33778
54489,44.45445,-90.0075
54490,45.33622,-90.41102
54491,45.2343,-88.76541
54493,44.70083,-90.80107
54494,44.34414,-89.74054
54495,44.39081,-89.95351
54498,45.03278,-90.62105
54499,44.78963,-89.1801
54501,45.65973,-89.34303
54511,45.72365,-88.83177
54512,46.0957,-89.66748
54513,45.58246,-90.11986
54514,46.03761,-90.49378
54515,45.5146,-90.50217
54517,46.11899,-90.93035
54519,46.05355,-89.26877
54520,45.53773,-88.92303
54521,45.9162,-89.25451
54524,45.84416,-90.38922
54525,46.4335,-90.22603
54526,45.50969,-90.85872
54527,46.13543,-90.6366
54529,45.67821,-89.66006
54530,45.53202,-90.71537
54531,45.74968,-89.78822
54534,46.3545,-90.23769
54536,46.33603,-90.34488
54537,45.53136,-90.60213
54538,45.97244,-89.91484
54539,45.80705,-89.5762
54540,46.15505,-89.38216
54541,45.55218,-88.65937
54542,45.92127,-88.72536
54545,46.1326,-89.85208
54546,46.28685,-90.70977
54547,46.18951,-90.0994
54548,45.86218,-89.82663
54550,46.35775,-90.26409
54552,45.93615,-90.29081
54554,46.05481,-89.06138
54555,45.71977,-90.36403
54556,45.53586,-90.31386
54557,46.22178,-89.75453
54558,45.92417,-89.49746
54559,46.49382,-90.47083
54560,46.00997,-89.54365
54561,46.07102,-89.46451
54562,45.81081,-89.0813
54563,45.46448,-90.97428
54564,45.6105,-89.97223
54565,46.30474,-90.45182
54566,45.42481,-88.63263
54568,45.94876,-89.67546
54601,43.80199,-91.14559
54603,43.85729,-91.24791
54610,44.37077,-91.82549
54611,44.44624,-90.95164
54612,44.24882,-91.50066
54613,44.07549,-89.92131
54614,43.90242,-90.9729
54615,44.26158,-90.78049
54616,44.30402,-91.2283
54618,43.95921,-90.28967
54619,43.75562,-90.77968
54621,43.65632,-91.08199
54622,44.26953,-91.76629
54623,43.72894,-91.03065
54624,43.46575,-91.14066
54625,44.13287,-91.52507
54626,43.2162,-91.03608
54627,44.16873,-91.23634
54628,43.37572,-91.02618
54629,44.15928,-91.66661
54630,44.10339,-91.35881
54631,43.28795,-90.8327
54632,43.56249,-91.14695
54634,43.59753,-90.42553
54635,44.40871,-91.04455
54636,44.00732,-91.22682
54637,43.87874,-90.27076
54638,43.79088,-90.3875
54639,43.60566,-90.62021
54642,44.14978,-91.05303
54643,44.18758,-90.63432
54644,44.03089,-91.04326
54645,43.32084,-90.92901
54646,44.08807,-90.0912
54648,43.83544,-90.63553
54650,43.9099,-91.22424
54651,43.72368,-90.57004
54652,43.46133,-90.76825
54653,43.82586,-90.9129
54654,43.26853,-90.95419
54655,43.37877,-90.76423
54656,44.00291,-90.79601
54657,43.19447,-90.90678
54658,43.67768,-91.19248
54659,44.29704,-91.10065
54660,43.98525,-90.50496
54661,44.05943,-91.47133
54664,43.49912,-90.64076
54665,43.5319,-90.92134
54666,44.16201,-90.4399
54667,43.66703,-90.86166
54669,43.91171,-91.09046
54670,43.83802,-90.48273
54701,44.7432,-91.50899
54703,44.83311,-91.5185
54720,44.80511,-91.43646
54721,44.6304,-92.07098
54722,44.71702,-91.09874
54723,44.61063,-92.42893
54724,45.10793,-91.48458
54725,45.07103,-92.01062
54726,44.94151,-91.01975
54727,44.95827,-91.15873
54728,45.30778,-91.6417
54729,44.94533,-91.39342
54730,45.01836,-91.72143
54731,45.34656,-91.08304
54732,45.14571,-91.16543
54733,45.28331,-91.85641
54734,45.09045,-92.11358
54736,44.60345,-91.90455
54737,44.71593,-91.98298
54738,44.59478,-91.47892
54739,44.86177,-91.70097
54740,44.74427,-92.15853
54741,44.61237,-90.98121
54742,44.76319,-91.2722
54745,45.24875,-91.13494
54746,44.54543,-90.87217
54747,44.39438,-91.5035
54748,45.07919,-91.26586
54749,44.94862,-92.09785
54750,44.62052,-92.29513
54751,44.84971,-91.92994
54754,44.42913,-90.77527
54755,44.57513,-91.67971
54756,44.46153,-91.94552
54757,45.23085,-91.52498
54758,44.54546,-91.2173
54759,44.48936,-92.1232
54760,44.42412,-91.20626
54761,44.62667,-92.17908
54762,45.25107,-91.98967
54763,45.179,-91.87683
54766,45.33667,-90.86566
54767,44.82645,-92.25513
54768,44.96312,-90.92761
54769,44.50897,-92.23304
54770,44.55121,-91.37259
54771,44.92356,-90.80579
54772,45.09668,-91.87303
54773,44.39301,-91.3002
54801,45.86711,-91.92266
54805,45.41465,-92.02311
54806,46.54784,-90.85061
54810,45.46126,-92.38403
54812,45.39911,-91.88103
54813,45.65477,-92.03071
54814,46.85672,-90.91876
54817,45.67056,-91.53942
54819,45.47636,-91.30307
54820,46.56024,-91.55475
54821,46.22428,-91.16508
54822,45.3944,-91.69995
54824,45.4753,-92.54017
54826,45.49971,-92.16422
54827,46.80215,-91.10069
54828,45.84201,-91.2934
54829,45.5592,-92.06603
54830,46.10571,-92.22305
54832,46.32661,-91.33073
54835,45.67974,-91.2522
54836,46.43238,-92.19225
54837,45.6746,-92.35754
54838,46.24836,-91.79179
54839,46.35683,-91.14689
54840,45.7556,-92.68928
54841,45.60776,-91.77887
54842,46.49891,-91.86234
54843,46.0251,-91.29494
54844,46.78649,-91.21441
54845,45.80724,-92.13786
54846,46.37737,-90.72481
54847,46.57047,-91.40055
54848,45.51546,-91.10284
54849,46.47881,-91.71642
54850,46.92255,-90.62389
54853,45.57106,-92.45211
54854,46.64127,-91.66864
54855,46.37492,-90.84397
54856,46.43401,-91.10279
54857,45.59347,-91.59927
54858,45.51824,-92.46031
54859,46.12121,-91.82337
54861,46.59896,-90.64345
54862,45.80385,-91.12132
54864,46.60431,-91.79443
54865,46.74787,-91.37517
54867,45.78195,-91.21521
54868,45.52723,-91.70977
54870,45.71205,-91.76967
54871,45.7412,-92.01503
54872,45.76965,-92.39622
54873,46.3448,-91.69292
54874,46.56911,-91.94304
54875,45.97405,-91.6948
54876,45.82811,-91.51439
54880,46.59342,-92.12701
54888,45.98046,-91.88803
54889,45.41374,-92.17112
54891,46.69727,-90.9688
54893,45.87094,-92.30837
54895,45.44233,-91.44605
54896,45.81178,-90.87888
54901,44.06265,-88.53335
54902,43.94934,-88.53969
54904,44.02346,-88.62592
54909,44.28575,-89.35343
54911,44.28174,-88.38086
54913,44.34145,-88.40136
54914,44.26353,-88.48239
54915,44.24279,-88.35928
54921,44.30155,-89.57341
54922,44.54281,-88.74529
54923,43.99456,-88.96883
54926,44.61553,-89.01823
54927,44.10192,-88.6548
54928,44.73894,-88.88546
54929,44.63704,-88.7372
54930,44.02884,-89.56383
54931,44.2703,-88.66835
54932,43.83143,-88.61861
54933,44.66535,-88.70966
54935,43.77542,-88.43396
54937,43.75959,-88.43335
54940,44.22696,-88.84446
54941,43.85067,-88.99103
54942,44.29904,-88.54265
54943,44.12377,-89.58199
54944,44.32409,-88.6274
54945,44.57604,-89.13739
54946,44.33704,-89.14503
54947,44.20003,-88.68995
54948,44.7774,-88.88823
54949,44.48561,-88.91416
54950,44.65408,-88.90614
54952,44.20086,-88.33719
54956,44.18444,-88.52778
54960,43.94569,-89.22386
54961,44.41173,-88.7628
54962,44.48059,-89.02486
54963,44.04524,-88.76661
54964,43.9178,-88.71836
54965,44.16429,-89.0324
54966,44.21276,-89.50579
54967,44.12954,-88.98487
54968,43.84872,-89.13255
54970,44.07091,-89.09352
54971,43.85546,-88.83109
54974,43.7801,-88.65997
54977,44.45696,-89.16471
54978,44.79423,-88.91405
54979,43.8688,-88.53875
54980,43.98625,-88.76906
54981,44.32733,-89.12558
54982,44.07007,-89.29223
54983,44.31651,-88.93614
54984,44.18728,-89.21967
54985,44.07562,-88.51953
54986,44.11981,-88.75127
55001,44.90138,-92.81969
55003,45.01183,-92.77883
55005,45.39281,-93.21725
55006,45.74002,-93.20504
55007,45.97511,-93.12223
55008,45.57149,-93.26734
55009,44.48378,-92.86686
55011,45.34108,-93.2521
55012,45.44166,-92.78952
55013,45.35558,-92.89469
55014,45.16802,-93.12431
55016,44.8172,-92.93373
55017,45.67291,-93.4314
55018,44.41832,-92.98822
55019,44.41318,-93.25016
55020,44.57707,-93.37387
55021,44.2973,-93.27414
55024,44.62738,-93.13605
55025,45.26391,-93.0212
55026,44.52179,-92.3369
55027,44.40868,-92.62058
55029,45.63573,-93.20098
55030,45.83911,-93.11493
55031,44.60772,-92.96647
55032,45.58851,-92.99279
55033,44.71139,-92.8585
55036,45.87114,-93.11999
55037,46.01071,-92.78934
55038,45.169,-92.98059
55040,45.4678,-93.27951
55041,44.39544,-92.31923
55042,44.99253,-92.898
55043,44.94064,-92.76902
55044,44.64156,-93.27858
55045,45.39777,-92.83074
55046,44.44629,-93.4162
55047,45.20553,-92.82137
55049,44.17628,-93.24101
55051,45.93818,-93.33201
55052,44.23369,-93.4398
55053,44.34957,-93.06579
55054,44.57148,-93.35087
55055,44.87437,-92.99746
55056,45.50915,-92.9543
55057,44.47281,-93.17939
55060,44.05966,-93.22639
55063,45.83263,-92.90584
55065,44.54662,-93.01835
55066,44.51581,-92.5441
55068,44.73555,-93.06876
55069,45.6928,-92.96768
55070,45.41413,-93.3849
55071,44.82257,-92.99677
55072,46.15118,-92.59274
55073,45.27363,-92.82783
55074,45.38351,-92.73292
55075,44.88794,-93.0411
55076,44.83318,-93.0334
55077,44.81989,-93.07574
55079,45.41385,-93.03117
55080,45.66322,-93.21881
55082,45.07446,-92.84006
55084,45.46029,-92.70747
55085,44.6731,-92.96432
55087,44.23894,-93.40614
55088,44.52945,-93.38479
55089,44.59296,-92.70223
55090,45.05382,-92.9573
55092,45.33647,-93.07214
55101,44.95111,-93.08739
55102,44.93216,-93.12149
55103,44.96399,-93.12418
55104,44.95423,-93.16283
55105,44.93465,-93.16689
55106,44.95743,-93.04679
55107,44.93105,-93.07945
55108,44.98095,-93.1749
55109,45.0144,-93.02616
55110,45.08961,-93.00418
55111,44.885,-93.19518
55112,45.07443,-93.19169
55113,45.01295,-93.15512
55114,44.9662,-93.19407
55115,45.06675,-92.95087
55116,44.91001,-93.17033
55117,44.99918,-93.09713
55118,44.8968,-93.10365
55119,44.93972,-93.0066
55120,44.87259,-93.14881
55121,44.84591,-93.15932
55122,44.80326,-93.1962
55123,44.8043,-93.13699
55124,44.74566,-93.20042
55125,44.91998,-92.94388
55126,45.08614,-93.13581
55127,45.08394,-93.08243
55128,44.98812,-92.96405
55129,44.89422,-92.90638
55130,44.97315,-93.08241
55150,44.88717,-93.16157
55155,44.95419,-93.09756
55301,45.24448,-93.66219
55302,45.24464,-94.11638
55303,45.28872,-93.42333
55304,45.25583,-93.26455
55305,44.95477,-93.43229
55306,44.73071,-93.29195
55307,44.59871,-94.10475
55308,45.42944,-93.83561
55309,45.37758,-93.74107
55310,44.75599,-94.87624
55311,45.1052,-93.49495
55312,44.70853,-94.34489
55313,45.17382,-93.84859
55314,44.77214,-94.6
55315,44.71731,-93.68347
55316,45.17021,-93.39032
55317,44.85711,-93.55096
55318,44.81169,-93.63703
55319,45.47181,-93.94359
55320,45.39613,-94.08366
55321,45.08406,-94.193
55322,44.77006,-93.7861
55324,45.05676,-94.42554
55325,45.08432,-94.32031
55327,45.19922,-93.4753
55328,45.03246,-93.80981
55329,45.30798,-94.57039
55330,45.33359,-93.5679
55331,44.90124,-93.60832
55332,44.51852,-94.70761
55333,44.55987,-94.86593
55334,44.53578,-94.20772
55335,44.52969,-94.54621
55336,44.76627,-94.17803
55337,44.77673,-93.27491
55338,44.66996,-93.99688
55339,44.7289,-93.95905
55340,45.07761,-93.57508
55341,45.15917,-93.65913
55342,44.74152,-94.72982
55343,44.91433,-93.41568
55344,44.86452,-93.43037
55345,44.91526,-93.4838
55346,44.87882,-93.48157
55347,44.82931,-93.46638
55349,45.06238,-94.07438
55350,44.89743,-94.39195
55352,44.65505,-93.5862
55353,45.32034,-94.31607
55354,44.88466,-94.0701
55355,45.09709,-94.54017
55356,44.99565,-93.58628
55357,45.09906,-93.65913
55358,45.24637,-94.00049
55359,45.00464,-93.70112
55360,44.91331,-93.92065
55362,45.30099,-93.83563
55363,45.04385,-93.91352
55364,44.93974,-93.67486
55366,44.67233,-94.2346
55367,44.89142,-93.97499
55368,44.7458,-93.89679
55369,45.12834,-93.44837
55370,44.78077,-94.03892
55371,45.57677,-93.59581
55372,44.67791,-93.41237
55373,45.08779,-93.72282
55374,45.17715,-93.58035
55375,44.89475,-93.73129
55376,45.21161,-93.68508
55378,44.75685,-93.36209
55379,44.75492,-93.51713
55381,44.92763,-94.18623
55382,45.30521,-94.20438
55384,44.9364,-93.63201
55385,44.73732,-94.49281
55386,44.85686,-93.66435
55387,44.85643,-93.77903
55388,44.95,-93.84729
55389,45.2998,-94.43748
55390,45.06812,-93.97912
55391,44.96009,-93.54225
55395,44.9572,-94.06085
55396,44.54473,-94.36755
55397,44.81712,-93.93452
55398,45.45787,-93.5903
55401,44.98526,-93.26984
55402,44.97608,-93.27119
55403,44.97023,-93.28588
55404,44.9619,-93.26145
55405,44.97034,-93.30461
55406,44.93932,-93.22071
55407,44.93484,-93.25263
55408,44.94364,-93.2937
55409,44.93018,-93.28146
55410,44.91364,-93.31725
55411,44.9993,-93.2979
55412,45.02612,-93.29952
55413,44.99826,-93.24276
55414,44.97915,-93.2259
55415,44.97463,-93.2578
55416,44.94961,-93.34157
55417,44.9059,-93.23534
55418,45.0208,-93.24244
55419,44.90586,-93.28743
55420,44.83564,-93.27745
55421,45.05083,-93.25249
55422,45.00922,-93.33941
55423,44.87663,-93.28144
55424,44.90509,-93.33978
55425,44.84249,-93.23601
55426,44.95635,-93.38139
55427,45.00665,-93.38031
55428,45.06354,-93.38094
55429,45.06443,-93.34105
55430,45.0632,-93.30148
55431,44.82607,-93.31195
55432,45.09693,-93.25466
55433,45.16132,-93.31638
55434,45.1681,-93.25069
55435,44.87343,-93.3347
55436,44.90345,-93.37409
55437,44.82434,-93.34488
55438,44.82489,-93.37826
55439,44.87452,-93.37475
55441,45.00475,-93.42845
55442,45.04856,-93.4269
55443,45.11894,-93.33802
55444,45.10747,-93.30234
55445,45.12317,-93.3798
55446,45.04427,-93.4878
55447,45.00132,-93.48888
55448,45.1908,-93.30209
55449,45.17284,-93.1953
55450,44.87901,-93.22549
55454,44.97075,-93.24381
55455,44.97453,-93.23432
55601,47.23404,-91.36425
55602,47.33207,-91.91047
55603,47.5441,-91.19441
55604,47.96201,-90.55792
55605,47.96242,-89.75529
55606,47.96785,-90.02818
55607,47.63363,-91.51106
55609,46.9636,-91.78554
55612,47.77937,-90.70401
55613,47.57023,-90.97293
55614,47.36412,-91.40387
55615,47.74561,-90.87695
55616,47.25095,-91.66982
55702,46.97121,-92.6448
55703,47.73932,-92.78119
55704,46.2057,-92.76581
55705,47.46789,-92.24446
55706,47.67432,-91.95261
55707,46.55076,-92.64655
55708,47.53527,-92.34766
55709,47.40431,-93.3804
55710,47.64542,-92.69457
55711,46.84066,-92.69498
55712,46.29398,-92.52513
55713,47.4894,-92.76583
55716,47.32169,-93.26432
55717,47.05026,-92.38642
55718,46.6249,-92.48505
55719,47.55408,-92.85807
55720,46.75138,-92.5399
55721,47.21837,-93.68841
55722,47.28253,-93.4338
55723,47.83764,-92.86715
55724,47.17874,-92.37277
55725,48.33849,-92.5811
55726,46.67027,-92.83209
55731,47.98832,-91.7489
55732,47.6791,-92.22125
55733,46.71141,-92.36297
55734,47.38274,-92.4938
55735,46.21756,-93.01688
55736,46.97542,-92.92136
55738,47.27342,-92.65826
55741,47.4582,-92.38683
55742,47.17195,-93.14076
55744,47.23306,-93.51299
55746,47.35766,-92.95698
55748,46.99372,-93.59693
55749,46.44701,-92.43128
55750,47.53251,-91.99517
55751,47.39283,-92.66815
55752,46.95494,-93.25323
55753,47.39692,-93.07991
55756,46.37535,-92.60128
55757,46.51594,-92.93475
55758,47.50823,-92.72141
55760,46.62491,-93.27049
55763,47.33127,-92.22262
55764,47.33041,-93.29298
55765,47.10057,-92.74545
55767,46.45236,-92.76536
55768,47.51444,-92.67263
55769,47.47994,-93.18579
55771,48.12398,-92.93101
55772,48.11019,-93.10032
55775,47.30588,-93.1646
55779,46.90915,-92.4548
55780,46.67505,-92.68321
55781,47.67587,-93.06524
55782,47.82314,-92.20524
55783,46.40836,-92.92625
55784,47.05306,-93.18769
55785,46.92332,-93.74591
55786,47.31916,-93.38227
55787,46.73707,-93.11756
55790,47.8288,-92.37596
55792,47.60027,-92.48261
55793,47.11585,-93.28442
55795,46.31337,-92.87031
55796,47.92905,-91.79732
55797,46.56978,-92.36431
55798,46.72138,-92.97907
55802,46.75267,-92.08197
55803,47.03398,-92.07104
55804,46.9381,-91.93089
55805,46.80065,-92.09552
55806,46.76826,-92.12835
55807,46.73508,-92.1686
55808,46.6792,-92.23686
55810,46.75894,-92.27445
55811,46.83767,-92.21993
55812,46.81236,-92.07564
55814,46.83519,-92.19716
55901,44.07679,-92.5018
55902,43.9671,-92.51584
55903,44.02391,-92.43657
55904,43.96204,-92.39931
55905,44.05595,-92.52589
55906,44.10751,-92.40142
55909,43.56312,-92.73461
55910,44.13285,-91.97285
55912,43.6827,-92.99148
55917,43.88164,-93.0716
55918,43.74236,-92.84673
55919,43.61443,-91.2941
55920,44.01246,-92.62111
55921,43.62265,-91.46388
55922,43.5621,-91.89562
55923,43.8494,-92.18315
55924,44.0354,-93.01838
55925,43.90962,-91.46503
55926,43.74279,-92.70689
55927,44.0335,-92.87291
55929,43.97765,-92.14412
55931,43.51424,-91.39703
55932,44.13804,-92.30081
55933,43.64787,-92.68504
55934,44.00388,-92.26573
55935,43.74737,-92.12734
55936,43.70943,-92.58524
55939,43.54682,-92.08144
55940,43.89417,-92.80775
55941,43.72558,-91.35382
55943,43.7903,-91.58343
55944,43.98754,-92.73758
55945,44.26788,-92.05591
55946,44.26129,-92.95998
55947,43.82412,-91.35666
55949,43.71156,-91.94032
55950,43.74341,-92.96618
55951,43.53529,-92.48414
55952,43.94399,-91.84337
55953,43.52772,-92.96521
55954,43.56422,-91.78455
55955,44.09179,-92.73985
55956,44.28382,-92.53068
55957,44.25494,-92.28373
55959,44.11287,-91.78365
55960,44.14226,-92.53564
55961,43.60541,-92.47544
55962,43.76213,-91.84219
55963,44.18784,-92.66227
55964,44.16448,-92.15483
55965,43.62913,-92.13282
55967,43.79343,-92.51354
55968,44.39793,-92.0898
55969,44.08263,-91.87658
55970,43.59681,-92.83118
55971,43.81968,-91.75527
55972,43.99396,-92.05092
55973,43.80794,-92.772
55974,43.57968,-91.64382
55975,43.67569,-92.37296
55976,43.86378,-92.48394
55977,43.55371,-92.64792
55979,43.92312,-91.95132
55981,44.35375,-92.06518
55982,43.81582,-92.886
55983,44.29344,-92.80827
55985,44.15669,-92.90259
55987,43.98469,-91.63143
55990,43.7285,-92.2591
55991,44.25903,-92.41986
55992,44.30557,-92.6827
56001,44.13193,-93.97789
56003,44.21273,-94.08877
56007,43.66085,-93.3238
56009,43.66125,-93.55904
56010,43.89112,-94.17869
56011,44.60344,-93.777
56013,43.62142,-94.10734
56014,43.58363,-93.82568
56016,43.76378,-93.34855
56017,44.30535,-93.81915
56019,44.11476,-94.89016
56020,43.6146,-93.53019
56021,44.28339,-94.31391
56022,44.05264,-94.83869
56023,43.77224,-94.01402
56024,44.14768,-93.84419
56025,43.7516,-93.90877
56026,43.87485,-93.29124
56027,43.51935,-94.12432
56028,44.22435,-93.71052
56029,43.52519,-93.53003
56030,44.32485,-94.60485
56031,43.62246,-94.46757
56032,43.77583,-93.56078
56033,43.55926,-93.93118
56034,44.03036,-94.18285
56035,43.82187,-93.26875
56036,43.5513,-93.22152
56037,44.0172,-94.0465
56039,43.66246,-94.32287
56041,44.15514,-94.52238
56042,43.80408,-93.48387
56043,43.65236,-93.22809
56044,44.56173,-93.93539
56045,43.75977,-93.20948
56046,43.9678,-93.26889
56048,44.09478,-93.71589
56050,44.26006,-93.94706
56051,43.53649,-93.70868
56052,44.32158,-93.5576
56054,44.4357,-94.37043
56055,44.12693,-94.24531
56056,44.07278,-94.57945
56057,44.3954,-93.72045
56058,44.44424,-93.91441
56060,43.93221,-94.43691
56062,44.0483,-94.41469
56063,44.218,-93.81791
56065,43.93376,-93.91799
56068,43.86303,-93.80601
56069,44.41801,-93.54988
56071,44.53459,-93.58209
56072,43.89677,-93.5125
56073,44.30757,-94.46878
56074,44.32344,-94.20181
56075,43.73516,-94.43663
56078,44.00525,-93.76757
56080,44.08166,-93.85781
56081,43.99345,-94.63062
56082,44.35217,-94.03329
56083,44.20734,-95.13434
56085,44.29279,-94.73547
56087,44.24012,-94.97538
56088,43.82647,-94.45031
56089,43.55631,-93.4508
56090,43.9584,-94.23303
56091,43.91813,-93.68831
56093,44.06342,-93.51683
56096,44.24393,-93.60097
56097,43.72261,-93.71593
56098,43.77565,-94.18528
56101,43.88404,-95.13991
56110,43.62115,-95.94093
56111,43.64155,-94.8799
56113,44.40218,-96.14904
56114,43.97897,-95.59345
56115,44.21514,-95.90038
56116,43.61782,-96.37893
56117,43.52662,-95.68607
56118,43.93616,-95.03555
56119,43.71159,-95.46702
56120,43.96083,-94.79139
56121,43.53858,-94.61051
56122,43.89729,-95.95026
56123,44.08467,-95.59624
56125,44.05452,-95.54774
56127,43.54892,-94.77261
56128,43.88199,-96.11579
56129,43.52775,-96.04327
56131,43.86305,-95.57219
56132,44.20196,-95.75792
56134,43.78956,-96.23126
56136,44.50187,-96.41645
56137,43.83246,-95.32424
56138,43.53279,-96.38348
56139,44.10368,-96.1757
56140,43.90959,-96.36703
56141,43.88184,-95.78962
56142,44.4711,-96.2327
56143,43.62803,-95.00759
56144,43.84078,-96.38702
56145,44.05577,-95.17384
56146,43.58006,-96.10343
56147,43.75726,-96.05985
56149,44.30059,-96.30454
56150,43.63469,-95.21266
56151,44.03304,-95.92833
56152,44.22702,-95.2733
56153,43.83012,-96.01506
56155,43.76707,-95.94117
56156,43.66196,-96.22466
56157,44.39702,-95.94805
56158,43.6337,-96.07465
56159,43.94363,-94.93598
56160,43.83311,-94.81041
56161,43.70637,-95.32519
56162,43.84034,-94.66736
56164,44.04936,-96.33361
56165,43.7251,-95.7097
56166,44.20248,-95.37401
56167,43.55082,-95.40524
56168,43.61552,-95.80358
56169,44.33136,-96.00555
56170,44.16694,-96.08647
56171,43.66902,-94.75925
56172,44.01212,-95.7702
56173,43.52505,-96.24186
56174,44.01525,-95.30466
56175,44.25595,-95.63733
56176,43.78319,-94.72835
56178,44.28593,-96.12997
56180,44.24424,-95.46655
56181,43.67951,-94.61549
56183,44.03404,-95.42334
56185,43.7932,-95.82659
56186,44.02823,-96.08131
56187,43.62357,-95.58507
56201,45.10181,-95.04226
56207,45.50266,-96.0708
56208,45.24422,-96.00961
56209,45.124,-94.79931
56210,45.55739,-96.55958
56211,45.58641,-96.6828
56212,45.13499,-96.32459
56214,44.60804,-95.32943
56215,45.31077,-95.57233
56216,44.93886,-95.05532
56218,44.82642,-95.94363
56219,45.5977,-96.81913
56220,44.73125,-96.29339
56221,45.55583,-96.1938
56222,44.98586,-95.36229
56223,44.76259,-95.81691
56224,44.37628,-95.05854
56225,45.45325,-96.4482
56226,45.41065,-95.67705
56227,45.29436,-96.16938
56228,44.93619,-94.67715
56229,44.59385,-95.72398
56230,44.79284,-95.09288
56231,45.2788,-95.76381
56232,44.92836,-96.03968
56235,45.70588,-96.01079
56236,45.66341,-96.40312
56237,44.61956,-95.43489
56239,44.50416,-95.91079
56240,45.56327,-96.47475
56241,44.79654,-95.57944
56243,45.16868,-94.6799
56244,45.48372,-95.77963
56245,44.68508,-95.67574
56248,45.79317,-96.13677
56249,45.31795,-95.89899
56251,45.14046,-94.9198
56252,45.17785,-95.30397
56253,44.9628,-94.87889
56255,44.39426,-95.41707
56256,45.02306,-96.19986
56257,44.9684,-96.40275
56258,44.44121,-95.75906
56260,44.96338,-95.48571
56262,45.12276,-95.86843
56263,44.41577,-95.54086
56264,44.57529,-95.98001
56265,45.0064,-95.70098
56266,44.41637,-94.9133
56267,45.58512,-95.9322
56270,44.56013,-94.97962
56271,45.24125,-95.41288
56273,45.32163,-94.96777
56274,45.90145,-96.2383
56276,45.24134,-96.31249
56277,44.76742,-94.99036
56278,45.345,-96.37718
56279,45.21651,-95.17585
56280,44.63212,-96.16719
56281,44.94833,-95.16479
56282,45.03089,-95.21862
56283,44.53208,-95.14225
56284,44.77729,-95.20204
56285,44.78837,-95.34797
56287,44.47537,-95.3262
56288,45.24218,-94.94847
56289,45.33334,-95.2236
56291,44.62254,-96.06933
56292,44.49734,-95.44863
56293,44.41598,-95.26559
56294,44.31481,-95.21313
56295,45.0437,-95.84292
56296,45.82981,-96.46953
56297,44.63005,-95.54428
56301,45.48718,-94.24307
56303,45.57422,-94.21117
56304,45.52512,-94.05199
56307,45.62666,-94.58769
56308,45.87047,-95.38985
56309,46.08035,-95.80202
56310,45.63399,-94.44352
56311,45.89756,-95.89852
56312,45.46285,-94.95323
56313,45.78403,-93.55273
56314,45.81139,-94.43189
56315,45.97996,-95.59211
56316,45.49959,-95.14992
56318,45.85332,-94.67085
56319,46.00488,-95.22322
56320,45.4629,-94.4171
56321,45.57969,-94.39288
56323,45.63321,-95.72586
56324,46.16385,-95.90766
56325,45.56303,-94.94732
56326,46.02506,-95.68596
56327,45.75893,-95.61336
56328,45.9519,-94.52147
56329,45.70934,-93.90577
56330,45.75018,-93.75117
56331,45.67926,-94.6742
56332,45.96993,-95.50554
56334,45.58402,-95.34765
56335,45.60137,-94.85941
56336,45.82349,-94.76175
56338,46.00631,-93.88089
56339,45.8258,-95.82129
56340,45.75534,-94.44871
56342,46.18347,-93.40392
56343,45.79088,-95.69765
56345,46.00748,-94.38032
56347,45.96978,-94.86155
56349,45.72373,-95.52456
56350,46.31101,-93.23922
56352,45.65078,-94.80076
56353,45.79667,-93.62587
56354,46.06034,-95.27496
56355,45.94007,-95.24031
56356,45.63334,-94.73332
56357,45.69684,-93.8007
56358,45.84069,-93.4488
56359,46.08979,-93.67786
56360,45.87482,-95.12686
56361,46.16146,-95.3351
56362,45.40524,-94.71525
56363,45.69627,-93.65409
56364,46.01605,-94.06704
56367,45.76107,-94.17026
56368,45.45158,-94.5392
56369,45.46904,-94.3359
56371,45.43333,-94.63707
56373,45.85456,-94.23789
56374,45.60381,-94.33816
56375,45.70122,-94.27458
56376,45.50241,-94.66731
56377,45.6405,-94.23033
56378,45.72308,-94.97982
56379,45.63966,-94.08394
56381,45.55523,-95.54669
56382,45.9146,-94.611
56384,45.8099,-94.56759
56385,45.70349,-95.20681
56386,46.11402,-93.52176
56387,45.53215,-94.24141
56389,45.79961,-95.08832
56401,46.32259,-94.11974
56425,46.34162,-94.28308
56431,46.4828,-93.64356
56433,46.9598,-94.68519
56434,46.33797,-94.93437
56435,46.80872,-94.53089
56437,46.25049,-95.05654
56438,46.13873,-94.80874
56440,46.14658,-94.9573
56441,46.58625,-93.9865
56442,46.67629,-94.09726
56443,46.1916,-94.57565
56444,46.4175,-93.87804
56446,46.12448,-95.08966
56447,46.74151,-93.90262
56448,46.78604,-94.09014
56449,46.17436,-94.27214
56450,46.23341,-93.8361
56452,46.94808,-94.46123
56453,46.31374,-95.16161
56455,46.44953,-94.00681
56458,47.19924,-94.99341
56461,47.22817,-94.85877
56464,46.76538,-95.10382
56465,46.53459,-94.11381
56466,46.41522,-94.63137
56467,46.97714,-94.83753
56468,46.49141,-94.29856
56469,46.77701,-93.5463
56470,47.02368,-95.09433
56472,46.57507,-94.34884
56473,46.35649,-94.48355
56474,46.72238,-94.39597
56475,46.08361,-94.53985
56477,46.64363,-94.99653
56479,46.43719,-94.78939
56481,46.46706,-94.93446
56482,46.46555,-95.14307
56484,47.09744,-94.47416
56501,46.83665,-95.82233
56510,47.35811,-96.52316
56511,46.8532,-96.00763
56514,46.64892,-96.43486
56515,46.29444,-95.708
56516,47.44368,-95.96663
56517,47.55474,-96.53825
56518,46.48926,-95.24506
56519,47.15914,-96.4877
56520,46.28645,-96.50361
56521,46.99691,-95.89783
56522,46.1352,-96.3887
56523,47.63838,-96.80871
56524,46.21115,-95.606
56525,46.6716,-96.75195
56527,46.37383,-95.31806
56528,46.53066,-95.80983
56529,46.88027,-96.69754
56531,45.98967,-95.98376
56533,46.40393,-96.15144
56534,46.46325,-96.01431
56535,47.67541,-96.04611
56536,47.04596,-96.53173
56537,46.27697,-96.08977
56540,47.54255,-96.27671
56541,47.16606,-96.13081
56542,47.56679,-95.72331
56543,46.28541,-96.33654
56544,46.75894,-95.59693
56545,47.38527,-96.2399
56546,47.10107,-96.73038
56547,46.89068,-96.55043
56548,47.37025,-96.75392
56549,46.85287,-96.31285
56550,47.2697,-96.74867
56551,46.31856,-95.45081
56552,46.9814,-96.21602
56553,46.42946,-96.61757
56554,46.88408,-96.11483
56556,47.66403,-95.88349
56557,47.32422,-95.837
56560,46.83637,-96.73467
56562,46.86458,-96.77021
56563,46.8668,-96.75522
56565,46.04861,-96.31511
56566,47.24724,-95.61322
56567,46.54896,-95.36707
56568,47.5292,-96.77925
56569,47.07482,-95.81956
56570,46.91051,-95.35552
56571,46.43856,-95.53939
56572,46.60485,-96.08682
56573,46.61443,-95.55216
56574,47.20085,-96.70242
56575,47.03827,-95.43146
56576,46.47164,-95.70537
56578,46.9264,-95.65563
56579,46.4688,-96.34229
56580,46.73944,-96.61004
56581,47.45725,-96.76141
56583,46.00332,-96.40667
56584,47.23087,-96.23496
56585,47.08896,-96.24492
56586,46.32324,-95.84
56587,46.63721,-95.8628
56588,46.22028,-95.5006
56589,47.17959,-95.71984
56590,46.03514,-96.16093
56591,47.09968,-95.84357
56592,47.53542,-96.00769
56594,46.54906,-96.64493
56601,47.50985,-94.84921
56621,47.40975,-95.41597
56623,48.59722,-94.56913
56626,47.36404,-94.18421
56627,48.1953,-94.04118
56628,47.69575,-93.5215
56629,48.51494,-94.12546
56630,47.74432,-94.49852
56633,47.31957,-94.50911
56634,47.68577,-95.40169
56636,47.40283,-93.86518
56637,47.61872,-93.83941
56639,47.90275,-93.53399
56641,47.19848,-94.25804
56644,47.78095,-95.51263
56646,47.78925,-95.62865
56647,47.68782,-94.62187
56649,48.53122,-93.13224
56650,47.9979,-94.56351
56651,47.43883,-95.6172
56652,47.71104,-95.23721
56653,48.28327,-93.58558
56654,48.47285,-93.94153
56655,46.98292,-94.23014
56657,47.57237,-93.61544
56658,48.11248,-93.93302
56659,47.62116,-94.01899
56660,47.96653,-94.17022
56661,47.84302,-94.13856
56662,46.84524,-93.89926
56663,47.49997,-94.45431
56666,48.03391,-94.8365
56667,47.73569,-94.94199
56668,48.61454,-93.3467
56669,48.37718,-93.22655
56670,47.85001,-94.86912
56671,47.94006,-95.31791
56672,47.0734,-94.02267
56673,48.74365,-95.13896
56676,47.52188,-95.19877
56678,47.4298,-95.11768
56680,47.6456,-93.96124
56681,47.5488,-94.25132
56683,47.72124,-94.7512
56684,47.87109,-95.70401
56685,48.23841,-94.51997
56686,48.78595,-94.91001
56688,47.7699,-93.89172
56701,48.12021,-96.1994
56710,48.2182,-96.99776
56711,49.09907,-94.97591
56713,48.3487,-96.81717
56714,48.78845,-96.00529
56715,47.80636,-95.94904
56716,47.74189,-96.55522
56720,48.56788,-96.90632
56721,47.97108,-96.94336
56722,47.9825,-96.64644
56723,47.80493,-96.8059
56724,48.44534,-95.73473
56725,48.1477,-95.70485
56726,48.7258,-96.22712
56727,48.34945,-95.38946
56728,48.78736,-96.99149
56729,48.66558,-96.59438
56731,48.90771,-97.07475
56732,48.5863,-96.49276
56733,48.63342,-96.89149
56734,48.76776,-96.58134
56735,48.91328,-96.63659
56736,47.71212,-96.20567
56737,48.41144,-96.01081
56738,48.34448,-96.33456
56742,47.92728,-95.82076
56744,48.23456,-97.1089
56748,47.92066,-96.00743
56750,47.89027,-96.30172
56751,48.80929,-95.76035
56754,47.99065,-96.18199
56755,48.97141,-97.1152
56756,48.90302,-95.56388
56757,48.47641,-96.90596
56758,48.46201,-96.51891
56759,48.55188,-96.08011
56760,48.24037,-96.44586
56761,48.60862,-95.69725
56762,48.1688,-96.7415
56763,48.80879,-95.34167
57001,42.9981,-96.65492
57002,44.28785,-96.67752
57003,43.73705,-96.75784
57004,43.07571,-96.79376
57005,43.59281,-96.58728
57006,44.31588,-96.79518
57007,44.31924,-96.78408
57010,42.8119,-96.82403
57012,43.59683,-97.27986
57013,43.28595,-96.62178
57014,43.11238,-96.95347
57015,43.42182,-96.98006
57016,43.88874,-96.96139
57017,44.02246,-96.82788
57018,43.79995,-96.97901
57020,43.67796,-96.82665
57021,43.2723,-96.97797
57022,43.85081,-96.7327
57024,43.98538,-96.68146
57025,42.71718,-96.68894
57026,44.24996,-96.50149
57027,43.19461,-96.50933
57028,44.05766,-96.60443
57029,43.33696,-97.47936
57030,43.73435,-96.53549
57031,42.87058,-97.18655
57032,43.42326,-96.68708
57033,43.61613,-96.96037
57034,43.12493,-96.54575
57035,43.64651,-97.07627
57036,43.27067,-97.14364
57037,43.10146,-97.25318
57038,42.57924,-96.57957
57039,43.33659,-96.86755
57040,43.06206,-97.58582
57041,43.72184,-96.88415
57042,43.97744,-97.15133
57043,43.41954,-97.30889
57045,43.20051,-97.52425
57046,42.9563,-97.30113
57047,43.51755,-97.21525
57048,43.74081,-97.20034
57049,42.52486,-96.50732
57050,44.15725,-97.01467
57051,44.21741,-97.35066
57052,43.29471,-97.7054
57053,43.40963,-97.13716
57054,44.12162,-97.25799
57055,43.66638,-96.73973
57057,44.10261,-96.95717
57058,43.74602,-97.40468
57059,43.12476,-97.76365
57061,44.24452,-97.04399
57062,42.85046,-97.95327
57063,42.92483,-97.68668
57064,43.45563,-96.87489
57065,43.90041,-96.60631
57066,42.98874,-97.86703
57067,43.04095,-97.47169
57068,43.57435,-96.49361
57069,42.84348,-96.98774
57070,43.182,-97.1702
57071,44.26986,-96.95934
57072,42.98747,-97.20363
57073,43.00227,-97.05754
57075,43.99605,-96.96749
57076,43.97673,-97.35307
57077,43.31574,-96.75699
57078,42.91782,-97.44702
57103,43.538,-96.69241
57104,43.6041,-96.70442
57105,43.52125,-96.73587
57106,43.50953,-96.83919
57107,43.59468,-96.81962
57108,43.47776,-96.70571
57110,43.54445,-96.63812
57117,43.53124,-96.75497
57197,43.52455,-96.73862
57201,44.93412,-97.09424
57212,44.38111,-97.14344
57213,44.57112,-96.5323
57214,44.47764,-97.19575
57216,45.30041,-96.52471
57217,45.0845,-97.67004
57218,44.65787,-96.59624
57219,45.2877,-97.801
57220,44.45927,-96.92022
57221,44.60654,-97.44853
57223,44.71019,-97.00567
57224,45.81332,-97.15672
57225,44.88359,-97.72676
57226,44.78565,-96.72368
57227,45.36184,-96.72105
57231,44.3749,-97.58243
57232,45.61752,-97.38393
57233,44.50992,-97.3993
57234,44.59719,-96.89929
57235,45.06896,-97.31338
57236,44.98724,-97.59033
57237,44.79323,-96.51991
57238,44.87287,-96.86231
57239,45.51223,-97.30938
57241,44.69742,-97.21747
57242,44.77352,-97.35902
57243,44.91177,-97.42072
57245,44.89365,-96.91835
57246,45.05639,-96.66914
57247,45.71675,-97.45817
57248,44.58063,-97.19328
57249,44.37111,-97.3646
57251,45.27717,-96.93677
57252,45.20507,-96.61053
57255,45.86702,-96.94985
57256,45.24918,-97.20156
57257,45.49975,-97.02982
57258,44.88434,-97.9246
57259,45.00047,-96.56786
57260,45.83641,-96.7172
57261,45.54051,-97.49412
57262,45.67288,-97.06641
57263,45.14106,-97.00589
57264,45.10863,-96.80254
57265,44.98866,-96.79591
57266,45.28619,-97.08985
57268,44.56885,-96.68781
57269,45.22273,-96.80182
57270,45.84824,-97.32999
57271,44.75179,-97.55161
57272,45.09564,-97.48002
57273,45.33334,-97.27574
57274,45.30943,-97.55533
57276,44.43308,-96.61983
57278,44.64689,-97.68227
57279,45.41816,-96.87274
57301,43.71136,-98.04155
57311,43.65112,-97.76483
57312,44.19646,-98.38564
57313,43.31085,-98.36327
57314,44.0509,-97.98904
57315,42.99391,-98.04852
57317,43.13153,-98.97891
57319,43.53853,-97.48353
57321,43.87294,-97.54864
57322,44.63498,-97.96129
57323,44.16259,-97.72115
57324,44.30154,-98.04535
57325,43.83961,-99.31144
57328,43.43413,-98.44207
57329,42.97814,-98.1522
57330,43.26147,-98.16082
57331,43.47337,-98.04619
57332,43.5465,-97.64762
57334,43.54199,-97.99492
57335,43.06005,-98.77255
57337,44.00108,-97.79048
57339,44.11233,-99.47862
57340,43.79392,-97.85036
57341,44.08077,-99.08974
57342,43.24561,-98.70054
57344,43.45575,-98.61796
57345,44.5687,-99.45009
57346,44.24818,-99.45756
57348,44.62147,-98.36483
57349,44.02671,-97.57521
57350,44.3948,-98.20037
57353,44.36944,-97.83438
57354,43.19099,-97.84236
57355,43.7747,-98.95045
57356,43.1468,-98.51803
57358,44.07521,-98.42201
57359,43.90105,-98.15589
57361,42.99459,-98.43463
57362,44.47488,-99.06447
57363,43.68723,-98.25491
57364,43.43442,-98.61786
57365,43.81148,-99.41723
57366,43.3855,-97.94306
57367,43.06348,-98.5133
57368,43.75117,-98.47593
57369,43.42544,-98.94606
57370,43.80508,-99.17211
57371,44.43146,-99.23104
57373,44.52936,-98.86987
57374,43.75582,-97.60361
57375,43.56222,-98.47877
57376,43.21948,-97.94176
57379,44.26428,-98.53795
57380,43.03387,-98.28916
57381,44.38717,-98.73267
57382,44.05561,-98.67303
57383,43.7177,-98.71382
57384,44.42044,-98.48477
57385,44.04433,-98.29507
57386,44.50908,-97.99845
57401,45.4753,-98.53042
57420,45.2852,-100.14319
57421,45.75045,-97.90618
57422,45.42288,-97.92199
57424,45.02012,-98.53101
57426,45.73485,-98.4936
57427,45.48109,-98.31786
57428,45.44984,-99.67922
57429,45.16116,-98.3005
57430,45.82203,-97.72205
57432,45.6839,-98.02453
57433,45.64311,-98.32104
57434,45.16669,-98.07049
57435,45.16916,-98.90975
57436,44.84864,-98.09131
57437,45.78368,-99.618
57438,45.06899,-99.15462
57439,45.33464,-98.10007
57440,44.8502,-98.25956
57441,45.82275,-98.51474
57442,45.05721,-100.14997
57445,45.45828,-98.12094
57446,45.86698,-98.15423
57448,45.61196,-99.41859
57449,45.73101,-98.17553
57450,45.21599,-99.83696
57451,45.43488,-98.93473
57452,45.52873,-99.87334
57454,45.61058,-97.77286
57455,44.99301,-99.74011
57456,45.72104,-98.99589
57457,45.87281,-99.15812
57460,45.27323,-98.66585
57461,45.16085,-98.43327
57465,45.14443,-98.68573
57466,45.20045,-99.45885
57467,44.82754,-99.14221
57468,45.49797,-97.75318
57469,44.85858,-98.57535
57470,44.87726,-98.86709
57471,45.40967,-99.31359
57472,45.4284,-100.10393
57473,44.98993,-99.483
57474,45.28577,-98.27526
57475,45.22843,-99.62031
57476,44.71277,-98.62127
57477,45.03363,-98.15024
57479,45.30415,-98.4382
57481,45.65279,-98.66821
57501,44.53525,-100.31906
57520,44.84159,-100.16447
57521,43.79349,-101.18682
57522,44.51014,-99.96352
57523,43.24437,-99.23795
57528,43.17814,-99.75901
57529,43.22931,-99.57019
57531,43.98038,-100.48601
57532,44.36129,-100.56405
57533,43.3463,-99.41692
57534,43.5709,-99.65975
57536,44.41502,-99.76694
57537,44.58366,-101.07399
57538,43.12167,-99.15551
57540,44.46477,-99.60377
57541,43.60001,-99.90895
57543,43.74785,-101.52268
57544,43.88374,-99.83647
57547,43.48337,-101.44054
57548,44.08429,-99.62373
57551,43.18087,-101.70012
57552,44.25903,-101.20833
57553,44.48547,-101.64489
57555,43.29828,-100.6601
57559,43.93654,-100.72054
57560,43.44006,-101.21226
57562,43.89962,-100.95816
57563,43.36039,-100.40149
57564,44.72401,-100.0121
57566,43.31237,-101.10019
57567,44.13519,-101.7152
57568,43.88498,-100.08857
57569,43.8605,-99.57582
57570,43.24284,-100.87127
57571,43.04152,-99.09042
57572,43.12009,-101.08491
57574,43.10954,-101.36238
57576,43.90804,-100.29411
57577,43.52353,-101.66029
57579,43.57484,-100.78578
57580,43.28987,-100.05772
57584,43.49115,-100.06382
57585,43.55508,-100.39752
57601,45.36646,-100.51108
57620,45.38425,-102.53897
57621,45.76891,-101.0808
57622,44.65177,-101.54572
57623,45.01587,-101.65925
57625,44.95738,-101.00369
57626,44.99662,-102.17571
57630,45.36358,-100.89192
57631,45.58195,-100.28779
57632,45.82924,-100.04927
57633,45.44584,-101.50046
57634,45.75231,-101.87895
57636,45.02905,-101.45414
57638,45.86899,-102.20758
57639,45.679,-100.80324
57640,45.7656,-102.70435
57641,45.89317,-101.30624
57642,45.78609,-100.72458
57644,45.45155,-102.08224
57645,45.9119,-101.71855
57646,45.68753,-100.05395
57648,45.92722,-100.31755
57649,45.48999,-102.86149
57650,45.8346,-103.03033
57651,45.48394,-103.07746
57652,45.13787,-100.68883
57656,45.42387,-101.10696
57657,45.51599,-100.7776
57658,45.65744,-100.55835
57659,45.8958,-101.09808
57660,45.83052,-101.53311
57661,45.27005,-100.96433
57701,44.1209,-103.20562
57702,44.03085,-103.38433
57703,44.00331,-103.04528
57706,44.1564,-103.09561
57714,43.32689,-101.91843
57716,43.07753,-102.2179
57717,44.96667,-103.92396
57718,44.17925,-103.36801
57719,44.23059,-102.98312
57720,45.5497,-103.60655
57722,43.45722,-102.98149
57724,45.66696,-104.06056
57725,43.93723,-102.80324
57730,43.72561,-103.63733
57732,44.23782,-103.64335
57735,43.29086,-103.85626
57737,44.55618,-102.52096
57738,43.66281,-103.13024
57741,44.41044,-103.47273
57744,43.7773,-103.02415
57745,44.01304,-103.78616
57747,43.37973,-103.5231
57748,44.58484,-102.01082
57750,43.60109,-101.94858
57751,43.86767,-103.42346
57752,43.43593,-102.20738
57754,44.26193,-103.87478
57755,45.83763,-103.35784
57756,43.23729,-102.47544
57758,44.98737,-102.75985
57759,44.2202,-103.55373
57760,44.93063,-103.30329
57761,44.21858,-102.75943
57762,44.75285,-103.60902
57763,43.12,-103.24944
57764,43.23676,-102.75539
57766,43.35772,-103.18252
57767,44.13841,-102.5721
57769,44.24326,-103.29704
57770,43.07579,-102.6258
57772,43.48182,-102.51903
57773,43.59443,-103.59246
57775,44.08368,-102.00607
57776,45.24878,-103.51704
57779,44.56449,-103.75969
57780,43.7773,-102.45844
57782,43.25182,-103.1844
57783,44.47106,-103.9219
57785,44.41905,-103.21534
57787,44.6643,-102.66097
57788,44.61855,-103.2167
57790,44.10378,-102.20683
57791,44.24388,-102.46514
57792,44.59559,-102.36376
57793,44.51824,-103.581
57794,43.12071,-102.40695
57799,44.49817,-103.87256
58001,46.44837,-96.74134
58002,46.97562,-97.40785
58004,47.02713,-97.26212
58005,47.05261,-96.951
58006,47.09682,-97.20359
58007,47.02519,-97.45724
58008,46.30816,-97.00237
58009,47.32658,-97.24435
58011,46.92711,-97.54465
58012,46.93639,-97.16113
58013,46.06037,-97.35877
58015,46.59225,-96.81544
58016,47.36609,-97.46293
58017,46.04157,-97.84535
58018,46.43458,-96.8887
58021,46.73837,-97.08102
58027,46.63217,-97.61816
58029,47.11726,-97.39001
58030,46.03035,-96.66818
58031,46.76222,-97.6686
58032,46.07071,-97.64413
58033,46.44019,-97.92628
58035,47.25599,-97.41589
58036,47.15463,-96.96318
58038,47.24505,-96.99484
58040,46.21618,-97.75204
58041,46.04775,-96.91006
58042,46.96952,-96.95719
58043,45.97356,-97.53205
58045,47.38241,-97.02686
58046,47.32203,-97.72747
58047,46.7159,-96.87946
58048,47.19882,-97.22742
58049,46.66291,-98.00054
58051,46.63952,-97.0302
58052,46.63552,-97.28011
58053,46.05058,-97.18007
58054,46.42622,-97.66845
58056,47.23868,-97.93621
58057,46.42548,-97.26747
58058,46.1806,-96.97159
58059,46.83825,-97.11812
58060,46.26745,-97.43423
58061,46.27721,-96.89564
58062,46.64361,-97.82937
58063,46.96773,-97.80471
58064,47.15036,-97.62761
58065,47.20035,-97.76612
58067,46.06826,-97.48906
58068,46.54619,-97.40896
58069,46.24102,-97.83194
58071,46.9436,-97.68278
58072,46.92731,-98.00791
58074,46.21807,-96.87603
58075,46.27426,-96.72211
58076,46.27416,-96.60746
58077,46.52457,-96.97593
58078,46.86276,-96.93125
58079,46.86816,-97.34827
58081,46.31392,-97.14378
58102,46.9207,-96.83175
58103,46.85639,-96.82234
58104,46.79371,-96.83838
58105,46.89586,-96.80363
58201,47.86938,-97.14013
58202,47.92224,-97.07435
58203,47.97181,-97.15425
58204,47.96046,-97.37079
58205,47.95475,-97.39525
58210,48.4081,-98.11446
58212,47.6987,-97.99541
58214,47.92694,-97.49747
58216,48.87937,-97.4429
58218,47.59689,-97.05412
58219,47.47606,-96.87831
58220,48.79446,-97.73789
58222,48.61853,-97.68221
58223,47.51384,-97.02573
58224,48.16777,-97.94307
58225,48.61208,-97.21753
58227,48.55247,-97.90549
58228,47.87394,-97.34278
58229,48.5182,-98.25087
58230,47.49097,-97.82622
58231,48.20208,-97.82544
58233,48.20253,-97.54982
58235,48.09007,-97.48307
58236,48.71848,-97.50479
58237,48.41522,-97.40086
58238,48.77953,-97.39791
58239,48.93842,-98.70877
58240,47.63491,-97.47675
58241,48.70442,-97.69772
58243,48.51423,-97.67956
58244,48.11035,-97.65752
58249,48.82113,-98.32514
58250,48.27496,-98.02897
58251,47.94945,-97.6906
58254,47.77111,-98.14748
58255,48.99683,-98.35392
58256,48.08739,-97.20203
58257,47.49033,-97.28505
58258,48.01142,-97.33984
58259,48.02053,-98.12168
58260,48.63254,-98.04709
58261,48.22385,-97.31663
58262,48.681,-97.87759
58265,48.95321,-97.5959
58266,48.00127,-97.84967
58267,47.75614,-97.62651
58269,48.70158,-98.15518
58270,48.39336,-97.78848
58271,48.90905,-97.28932
58272,48.00868,-97.9854
58273,48.29747,-97.66275
58274,47.49158,-97.48989
58275,47.68956,-97.10609
58276,48.62239,-97.45675
58277,47.61403,-97.83176
58278,47.77761,-97.13084
58281,48.85941,-98.61086
58282,48.90897,-97.93252
58301,48.13015,-98.88798
58310,48.57485,-99.5307
58311,48.65111,-98.57312
58313,48.16615,-100.03685
58316,48.83532,-99.78207
58317,48.62576,-99.38679
58318,48.85121,-100.40303
58321,48.2025,-98.32707
58323,48.84252,-98.91923
58324,48.48213,-99.21931
58325,48.28613,-99.15569
58327,48.10137,-98.5731
58329,48.8682,-100.08927
58330,48.44208,-98.48275
58331,48.64014,-99.09293
58332,48.04596,-99.76725
58335,47.97229,-99.00412
58338,48.52879,-98.6313
58339,48.97175,-99.32709
58341,47.77117,-99.85599
58343,48.29643,-99.72583
58344,48.01471,-98.33857
58345,48.30564,-98.37436
58346,48.28953,-99.42218
58348,47.95509,-99.52365
58351,48.10218,-99.31394
58352,48.70188,-98.86099
58353,48.64005,-99.59928
58355,48.57504,-98.38528
58356,47.67103,-99.07804
58357,47.94429,-99.21831
58361,47.75841,-98.35458
58362,48.23099,-99.0554
58363,48.76417,-99.46669
58365,48.83655,-99.23626
58366,48.65242,-99.86654
58367,48.88179,-99.55163
58368,48.25124,-100.04105
58369,48.95257,-99.83603
58370,47.9842,-98.85977
58372,48.93906,-99.00628
58374,47.82865,-99.09171
58377,48.46481,-98.87416
58379,47.90707,-98.81907
58380,47.82872,-98.52029
58381,47.82731,-98.74476
58382,48.31727,-98.79252
58384,48.59401,-100.26465
58385,48.47945,-99.65989
58386,48.31696,-99.59227
58401,46.88145,-98.76883
58402,46.88191,-98.68755
58405,46.91454,-98.69673
58413,46.02963,-99.34235
58415,46.36602,-98.48587
58416,47.54767,-98.35694
58418,47.41493,-99.63524
58420,47.06072,-98.86734
58421,47.43974,-99.06968
58422,47.59853,-99.39531
58423,47.41899,-99.82951
58424,46.87554,-99.10217
58425,47.45391,-98.12378
58426,47.21972,-98.58075
58428,46.81162,-99.75809
58429,47.18768,-98.16282
58430,47.50831,-100.25954
58431,46.50522,-98.49658
58433,46.36989,-98.72157
58436,46.08203,-98.58773
58438,47.66247,-99.57983
58439,45.96738,-98.82994
58440,46.27941,-99.16324
58441,46.17119,-98.37844
58442,46.56518,-99.18184
58443,47.46374,-98.67239
58444,47.48278,-100.13156
58445,47.57036,-98.78869
58448,47.30944,-98.21451
58451,47.45167,-99.95275
58452,47.54019,-98.22911
58454,46.5978,-98.94038
58455,47.30094,-98.72667
58456,46.25674,-98.95475
58458,46.36921,-98.29257
58460,46.30991,-99.31907
58461,46.64958,-98.19248
58463,47.49662,-100.46281
58464,47.60786,-98.58849
58466,46.61489,-98.36493
58467,46.8746,-99.34103
58472,46.64135,-98.66055
58474,46.09588,-98.13574
58475,47.14118,-99.53717
58476,47.19398,-99.00263
58477,47.2208,-100.52294
58478,47.16008,-99.74543
58479,47.09254,-98.19948
58480,46.94707,-98.25685
58481,46.9346,-98.42814
58482,46.86669,-99.90465
58483,46.66176,-99.42186
58484,47.37821,-98.4687
58486,47.39421,-99.39279
58487,46.85278,-99.60283
58488,47.17552,-99.99709
58490,46.38137,-98.06063
58492,47.15793,-98.43787
58494,47.16306,-100.2744
58495,46.27202,-99.60077
58496,47.14063,-99.30794
58497,46.76738,-98.54076
58501,46.8189,-100.70234
58503,46.90587,-100.75262
58504,46.7273,-100.6808
58505,46.82035,-100.78106
58520,46.6758,-101.5409
58521,47.0269,-100.66963
58523,47.26581,-101.78138
58524,46.61297,-100.07506
58528,46.34174,-100.62751
58529,46.30116,-101.56952
58530,47.13357,-101.15257
58531,47.58387,-101.20289
58532,46.84571,-100.10631
58533,46.39433,-101.79598
58535,46.48724,-101.24558
58538,46.08833,-100.66983
58540,47.62427,-101.72538
58541,47.33929,-102.05177
58542,46.04976,-100.00269
58544,46.49833,-100.37062
58545,47.34916,-101.58921
58549,46.46853,-99.93305
58552,46.26042,-100.29955
58554,46.75148,-100.95036
58558,46.82106,-100.52127
58559,47.4849,-100.71295
58560,46.65182,-100.32407
58561,46.49706,-99.68118
58562,46.36354,-102.01095
58563,46.90178,-101.43257
58564,46.26252,-101.35
58565,47.49639,-101.37148
58566,46.57835,-100.90673
58568,46.09274,-101.01538
58569,46.25777,-101.19276
58570,46.37243,-100.87237
58571,47.29134,-101.41043
58572,46.86455,-100.34313
58573,46.12542,-100.20709
58575,47.55749,-100.89971
58576,47.4406,-101.21597
58577,47.31983,-101.05319
58579,47.18059,-100.74422
58580,47.2665,-101.93301
58581,46.04646,-99.7983
58601,46.90964,-102.82766
58620,46.49732,-103.3551
58621,47.09771,-103.92652
58622,46.88035,-103.24434
58623,46.16001,-103.42168
58625,47.28146,-102.19748
58626,47.37739,-102.60575
58627,47.23532,-103.29713
58630,46.91981,-102.57603
58631,46.7969,-101.82156
58632,46.68316,-103.95078
58634,47.43683,-103.35647
58636,47.38924,-102.35351
58638,46.92201,-102.04867
58639,46.04056,-102.63905
58640,47.44409,-102.89681
58641,46.66732,-102.48551
58642,47.20145,-102.83667
58643,46.22974,-103.95091
58644,47.14095,-102.35867
58645,46.95845,-103.52945
58646,46.39826,-102.28782
58647,46.51695,-102.93466
58649,46.13762,-102.90857
58650,46.43241,-102.59033
58651,46.26201,-103.74228
58652,46.88854,-102.27037
58653,46.09645,-103.12946
58654,46.77817,-103.81757
58655,46.77921,-103.03163
58656,46.95207,-102.46801
58701,48.14027,-101.32406
58703,48.32646,-101.31637
58704,48.4232,-101.33152
58705,48.41608,-101.35182
58707,48.24767,-101.30127
58710,47.86959,-100.23912
58711,48.93262,-101.2752
58712,47.96799,-100.54559
58713,48.51876,-100.60497
58716,47.80049,-101.06003
58718,48.31128,-101.82989
58721,48.82069,-102.25667
58722,48.25238,-101.50079
58723,47.75433,-100.60281
58725,48.48699,-101.68361
58727,48.85542,-102.80479
58730,48.86171,-103.30652
58731,48.44752,-100.98029
58733,48.16911,-101.59463
58734,48.51508,-101.95757
58735,47.87771,-101.48366
58736,47.92804,-100.38732
58737,48.90743,-102.39392
58740,48.4711,-101.22744
58741,48.27336,-100.83352
58744,48.12073,-100.58774
58746,48.71921,-102.10115
58748,48.66895,-100.64487
58750,48.6166,-101.39941
58752,48.82146,-102.59927
58755,48.62857,-102.94666
58756,47.96746,-101.81431
58757,47.67643,-102.54685
58758,47.76643,-100.10424
58759,47.84776,-101.25026
58760,48.69854,-101.14158
58761,48.78736,-101.53019
58762,48.67409,-100.94225
58763,47.98362,-102.58401
58765,48.87261,-103.03805
58768,48.25115,-101.01456
58769,48.30082,-102.22721
58770,47.86531,-102.16251
58771,48.08711,-101.98534
58772,48.96035,-102.61236
58773,48.58631,-102.66852
58775,47.71424,-101.85203
58776,48.25079,-102.61543
58778,47.78307,-100.91268
58779,47.85507,-101.7621
58781,48.02451,-101.13468
58782,48.94055,-101.71325
58783,48.88375,-100.75035
58784,48.36212,-102.42273
58785,48.31121,-101.09706
58787,48.76057,-101.80832
58788,48.33198,-100.48045
58789,48.54778,-100.81898
58790,48.03071,-100.93952
58792,47.97385,-100.7424
58793,48.86442,-101.05424
58794,48.25916,-102.76683
58795,48.64198,-103.15094
58801,48.23522,-103.76747
58830,48.60272,-103.46608
58831,47.84878,-103.65843
58833,48.89186,-103.52517
58835,47.7328,-103.45268
58838,47.7721,-103.90289
58843,48.23141,-103.38142
58844,48.89167,-103.74304
58845,48.63928,-103.92207
58847,47.89012,-102.90094
58849,48.30906,-103.15697
58852,48.38037,-102.93276
58853,48.06237,-103.78588
58854,47.81412,-103.15229
58856,48.59123,-103.72546
59001,45.52952,-109.54022
59002,45.99832,-108.6649
59003,45.48179,-106.20153
59006,45.90755,-108.08535
59007,45.15555,-109.15805
59008,45.07982,-109.07496
59010,45.97505,-107.3037
59011,45.92453,-109.97244
59012,45.29922,-106.6006
59013,45.46131,-109.08054
59014,45.15351,-108.66421
59015,46.08464,-108.83464
59016,45.41871,-106.93872
59018,45.85791,-110.62326
59019,45.62995,-109.24208
59020,45.08831,-110.01499
59022,45.57541,-107.26756
59024,46.20549,-107.71464
59025,45.09503,-106.7178
59026,45.46385,-108.78392
59027,45.26118,-110.90674
59028,45.32093,-109.7434
59029,45.4085,-108.80467
59030,45.08882,-110.59376
59031,45.50005,-107.37964
59032,47.0106,-108.75808
59033,45.72296,-109.73246
59034,45.70121,-107.7078
59035,45.29814,-107.96042
59036,46.46606,-109.89035
59037,45.852,-108.20927
59038,46.18917,-107.23069
59039,46.68533,-107.28458
59041,45.50239,-108.9663
59043,45.53266,-106.6568
59044,45.64251,-108.74975
59046,46.39147,-108.98604
59047,45.56852,-110.55174
59050,45.25013,-107.47849
59052,45.43651,-110.18676
59053,46.45713,-110.43492
59054,46.66809,-107.7691
59055,46.10282,-109.78662
59057,45.85358,-108.95377
59058,46.98517,-107.79652
59059,46.51161,-108.088
59061,45.39634,-109.87728
59062,45.15773,-106.20895
59063,45.65079,-108.97028
59064,45.88011,-107.87245
59065,45.26883,-110.6784
59066,45.33907,-108.49718
59067,45.96827,-109.23433
59068,45.15929,-109.45626
59069,45.72204,-109.57945
59070,45.36289,-109.17961
59071,45.26582,-109.57003
59072,46.51839,-108.54969
59074,46.36062,-109.30181
59075,45.40457,-107.85051
59076,46.28252,-107.06847
59077,47.22224,-107.58999
59078,46.32585,-109.5442
59079,46.0607,-108.36718
59081,45.01979,-109.98295
59082,45.84041,-110.29227
59083,46.55133,-107.56312
59085,46.36172,-110.14019
59086,46.05608,-110.65293
59087,47.16806,-108.22779
59088,46.13006,-108.02933
59089,45.09259,-107.34476
59101,45.63013,-108.36445
59102,45.77479,-108.58133
59105,45.87708,-108.50145
59106,45.80637,-108.6948
59201,48.15981,-105.64647
59211,48.69582,-104.35493
59212,48.19231,-104.16968
59213,48.17553,-104.85612
59214,47.28325,-106.02221
59215,47.50431,-105.74543
59217,47.58449,-104.24455
59218,48.09993,-104.52361
59219,48.5579,-104.15541
59221,47.91952,-104.1816
59222,48.7007,-105.1557
59223,47.90319,-106.19348
59225,48.27723,-105.97413
59226,48.34283,-104.51545
59230,48.09992,-106.80196
59231,48.40395,-106.54411
59240,48.84222,-106.24046
59241,48.46125,-107.04602
59242,48.4387,-104.55787
59243,47.76062,-104.67387
59244,48.62832,-106.30945
59247,48.51848,-104.52209
59248,48.27555,-106.25841
59250,48.86715,-106.63905
59252,48.92728,-104.82152
59253,48.70422,-105.83496
59254,48.75753,-104.61123
59255,48.23115,-105.16825
59256,48.91919,-104.54965
59257,48.75364,-104.94239
59258,48.57025,-104.735
59259,47.69109,-105.08416
59260,48.84027,-106.10217
59261,48.53327,-107.3599
59262,47.49341,-104.50518
59263,48.78921,-105.51838
59270,47.57233,-104.08264
59273,48.29491,-106.93589
59274,47.83944,-105.42204
59275,48.87415,-104.17865
59276,48.92979,-105.20108
59301,46.36022,-105.85055
59311,45.16944,-104.53017
59312,47.0541,-106.26872
59313,46.27497,-104.25016
59314,45.07847,-105.43933
59315,47.44241,-104.87483
59316,45.33726,-105.04973
59317,45.33477,-105.52106
59318,47.48955,-107.4784
59319,45.40696,-104.17379
59322,47.03521,-106.64069
59323,45.91234,-106.7032
59324,45.76652,-104.58732
59326,46.77178,-104.85183
59327,46.2389,-106.7082
59330,47.11812,-104.76469
59332,45.37589,-104.72542
59333,46.28123,-106.24765
59336,46.342,-104.95063
59337,47.39098,-106.81486
59338,46.63392,-105.65584
59339,47.22587,-105.19934
59343,45.65602,-105.43296
59344,46.3516,-104.5713
59345,45.85367,-105.20436
59347,46.45434,-106.34614
59349,46.87278,-105.48388
59351,45.7633,-105.70844
59353,46.96394,-104.28218
59354,46.18924,-104.41939
59401,47.51083,-111.27691
59404,47.63197,-111.34807
59405,47.28102,-111.25937
59410,47.49442,-112.64299
59411,48.88965,-113.41403
59412,47.32538,-110.8762
59414,47.5276,-111.26871
59416,48.04059,-111.52359
59417,48.54483,-113.0086
59418,46.80258,-109.87849
59419,48.00641,-112.40855
59420,47.89688,-111.04034
59421,47.20179,-111.72
59422,47.83957,-112.48266
59424,47.34929,-110.1022
59425,48.18641,-111.88738
59427,48.77357,-112.61639
59430,47.43089,-109.83434
59432,48.14595,-112.58853
59433,47.89565,-111.68483
59434,48.68682,-113.55678
59435,48.5616,-112.06059
59436,47.6135,-112.0907
59440,47.72489,-111.14261
59441,46.852,-108.98933
59442,47.93005,-110.64697
59443,47.5621,-111.82647
59444,48.65227,-111.34881
59446,47.64083,-110.17894
59447,47.28116,-110.45955
59448,48.25789,-112.86703
59450,47.5992,-110.73923
59451,47.38984,-109.39779
59452,46.86946,-110.09831
59453,46.65903,-109.66996
59454,48.74481,-111.97769
59456,48.27221,-111.35432
59457,47.08027,-109.38656
59460,48.07682,-110.50908
59461,48.4894,-111.19985
59462,47.10833,-109.88513
59463,47.0489,-110.86668
59464,46.87409,-109.60589
59465,46.93777,-110.70788
59466,48.78746,-111.69124
59467,48.07149,-112.37794
59468,47.71253,-111.62842
59469,47.19087,-110.68378
59471,47.4161,-108.77191
59472,47.37939,-111.17095
59474,48.53314,-111.69254
59477,47.44467,-111.97419
59479,47.016,-110.33696
59480,47.22696,-111.12013
59482,48.88446,-111.86622
59483,47.47212,-111.72261
59484,48.95074,-111.76795
59485,47.43264,-111.56667
59486,48.33709,-112.35552
59487,47.58393,-111.64592
59489,47.64007,-109.25586
59501,48.69591,-109.78556
59520,48.03822,-109.93749
59521,48.30489,-109.972
59522,48.56497,-110.98827
59523,48.52013,-109.20829
59524,48.12273,-108.40374
59525,48.6524,-110.27405
59526,48.4414,-108.67155
59527,48.04527,-108.74677
59528,48.6233,-110.42628
59529,48.79655,-108.69059
59530,48.60212,-110.68802
59531,48.77294,-110.78334
59532,48.58837,-110.08515
59535,47.94123,-109.26059
59537,48.84762,-107.93725
59538,48.02231,-107.8657
59540,48.60665,-110.56418
59542,48.81907,-108.33693
59544,48.81294,-107.59147
59545,48.94067,-111.21768
59546,47.88208,-108.55654
59547,48.70576,-108.98747
59601,46.54199,-112.17474
59602,46.73577,-111.90753
59623,46.58991,-112.04068
59625,46.60135,-112.03891
59631,46.29168,-112.38687
59632,46.16522,-111.99918
59633,46.82338,-112.36362
59634,46.43583,-112.00986
59635,46.5546,-111.81749
59636,46.61614,-112.11399
59638,46.3579,-112.02772
59639,47.09436,-112.69371
59640,46.76814,-112.34922
59642,46.28045,-110.75624
59643,46.13283,-111.57884
59644,46.419,-111.43885
59645,46.69476,-111.04729
59647,46.46726,-111.65138
59648,47.07221,-112.14059
59701,46.03497,-112.46087
59710,45.06801,-112.08613
59711,46.09734,-113.10317
59713,46.67973,-112.61228
59714,45.97538,-111.13112
59715,45.6928,-110.9065
59716,45.28578,-111.3873
59718,45.63999,-111.16978
59720,44.95821,-111.59366
59721,45.85189,-111.88177
59722,46.35143,-112.75684
59724,44.67716,-112.79359
59725,45.06267,-112.85714
59727,45.78797,-112.79394
59728,46.50487,-112.41135
59729,45.31343,-111.64827
59730,45.30988,-111.19025
59731,46.58455,-112.76326
59732,45.48899,-112.69457
59733,46.54922,-112.94987
59735,45.65775,-111.84615
59736,45.34242,-113.3458
59739,44.65378,-112.16963
59740,45.49871,-111.81159
59741,45.77265,-111.3638
59743,45.60068,-112.74964
59745,45.5941,-111.60658
59746,45.37137,-113.05332
59747,45.69862,-111.93281
59748,46.04611,-112.69601
59749,45.44332,-112.09548
59750,45.91857,-112.68323
59751,45.69001,-112.29755
59752,45.92412,-111.52577
59754,45.52435,-112.35339
59755,45.27174,-111.94274
59756,46.17418,-112.83453
59758,44.78962,-111.19348
59759,45.83972,-112.16233
59760,45.76267,-111.60386
59761,45.60427,-113.52661
59762,45.82231,-113.15271
59801,46.85505,-114.01009
59802,46.90569,-113.92077
59803,46.77781,-113.95826
59804,46.90084,-114.25066
59808,46.97984,-114.064
59812,46.86121,-113.98442
59820,46.89803,-114.61474
59821,47.17603,-114.00431
59823,46.96334,-113.59753
59824,47.41817,-114.20362
59825,46.66009,-113.66421
59826,47.46339,-113.69827
59827,45.88649,-114.08346
59828,46.33478,-113.96444
59829,45.79814,-114.2614
59830,47.43419,-115.45896
59831,47.27732,-114.36296
59832,46.67864,-113.22904
59833,46.64437,-114.07678
59834,47.06979,-114.2221
59837,46.53898,-113.27688
59840,46.17558,-114.11674
59841,46.33384,-114.22319
59842,47.32526,-115.40107
59843,46.84897,-113.01114
59844,48.00803,-115.9707
59845,47.65892,-114.54734
59846,47.14899,-114.50615
59847,46.73105,-114.37782
59848,47.71526,-114.68162
59851,46.87215,-113.87348
59853,48.0571,-115.81522
59854,47.26481,-113.18997
59855,47.60032,-114.11787
59856,47.38237,-114.73627
59858,46.29584,-113.48371
59859,47.5205,-114.80396
59860,47.71314,-114.17832
59863,47.29397,-114.17637
59864,47.53324,-114.11741
59865,47.33184,-114.0045
59866,47.32207,-115.12329
59867,47.4028,-115.54993
59868,47.21401,-113.53535
59870,46.51596,-114.0618
59871,45.89666,-113.81366
59872,47.10282,-114.90339
59873,47.6972,-115.27357
59874,47.80675,-115.60749
59875,46.40793,-114.26151
59901,48.22873,-114.40564
59910,47.82409,-114.23271
59911,47.86041,-113.88552
59912,48.43879,-114.16898
59913,48.41391,-113.95045
59914,47.86878,-114.29546
59915,47.82025,-114.41124
59916,48.31716,-113.65779
59917,48.90614,-114.91359
59918,48.75766,-114.8077
59919,48.3776,-114.05645
59920,48.06412,-114.53464
59922,47.99962,-114.22227
59923,48.26996,-115.31073
59925,48.04732,-114.83045
59926,48.36294,-114.00459
59927,48.56021,-114.717
59928,48.79745,-114.29117
59929,47.92365,-114.40272
59930,48.86277,-115.14514
59931,47.9208,-114.25486
59932,48.0502,-114.24624
59933,48.70858,-114.76694
59934,48.63437,-114.94446
59935,48.64726,-115.83505
59936,48.17178,-113.46357
59937,48.43893,-114.49769
60002,42.4674,-88.09419
60004,42.11206,-87.97895
60005,42.06518,-87.98676
60007,42.01431,-87.99828
60008,42.0739,-88.0229
60010,42.15255,-88.16519
60012,42.27199,-88.31157
60013,42.22027,-88.23568
60014,42.23126,-88.32679
60015,42.17239,-87.87486
60016,42.05232,-87.8899
60018,41.99629,-87.89846
60020,42.39543,-88.17349
60021,42.19511,-88.21768
60022,42.13637,-87.7664
60025,42.07466,-87.81204
60026,42.09221,-87.83789
60029,42.05857,-87.78496
60030,42.33536,-88.04519
60031,42.37494,-87.94119
60033,42.42333,-88.61104
60034,42.45869,-88.42665
60035,42.18358,-87.8106
60040,42.20652,-87.81274
60041,42.36939,-88.15309
60042,42.27913,-88.19777
60043,42.08882,-87.71445
60044,42.2842,-87.86392
60045,42.23807,-87.87006
60046,42.41572,-88.06094
60047,42.20202,-88.04522
60048,42.29494,-87.9466
60050,42.32915,-88.29363
60051,42.35099,-88.22412
60053,42.04224,-87.78895
60056,42.06618,-87.93473
60060,42.26945,-88.03997
60061,42.2334,-87.96046
60062,42.12663,-87.84235
60064,42.3237,-87.86122
60067,42.10773,-88.06478
60068,42.01276,-87.84435
60069,42.19588,-87.92439
60070,42.10406,-87.92768
60071,42.46403,-88.30975
60072,42.40647,-88.30637
60073,42.3516,-88.10597
60074,42.13179,-88.02658
60075,42.49245,-87.91205
60076,42.03412,-87.72943
60077,42.03617,-87.75633
60081,42.45115,-88.22173
60083,42.43716,-87.94663
60084,42.26807,-88.13856
60085,42.35498,-87.86467
60087,42.40444,-87.85631
60088,42.30685,-87.85232
60089,42.16736,-87.96076
60090,42.13031,-87.92268
60091,42.07693,-87.72812
60093,42.10333,-87.75826
60096,42.48091,-87.82978
60097,42.39343,-88.36164
60098,42.32468,-88.45672
60099,42.46053,-87.86901
60101,41.931,-88.01072
60102,42.16406,-88.30928
60103,41.97816,-88.20511
60104,41.88256,-87.87646
60106,41.9611,-87.94194
60107,42.02148,-88.1783
60108,41.94905,-88.09232
60109,42.04448,-88.56261
60110,42.12296,-88.2883
60111,42.00721,-88.83114
60112,41.92391,-88.68994
60113,41.93142,-88.96421
60115,41.90109,-88.75469
60118,42.10793,-88.30614
60119,41.86154,-88.47702
60120,42.03317,-88.2374
60123,42.04011,-88.31166
60124,42.02621,-88.39691
60126,41.89627,-87.94194
60129,42.02963,-88.95371
60130,41.86704,-87.81795
60131,41.9378,-87.88304
60133,41.97805,-88.14291
60134,41.8784,-88.34189
60135,42.11265,-88.67867
60136,42.1053,-88.37808
60137,41.86539,-88.06225
60139,41.91916,-88.07735
60140,42.08003,-88.5086
60141,41.85834,-87.8379
60142,42.17517,-88.44486
60143,41.97351,-88.02071
60144,41.83507,-88.51984
60145,42.09396,-88.77719
60146,42.10091,-88.88019
60148,41.87505,-88.01859
60150,41.92106,-88.88982
60151,41.9172,-88.56613
60152,42.23882,-88.62597
60153,41.87984,-87.84389
60154,41.84923,-87.88986
60155,41.8578,-87.85631
60156,42.19121,-88.34788
60157,41.974,-88.05476
60160,41.90348,-87.86176
60162,41.86753,-87.90196
60163,41.88794,-87.90948
60164,41.91667,-87.90112
60165,41.90328,-87.88056
60169,42.05192,-88.11656
60171,41.92504,-87.83832
60172,41.97976,-88.08937
60173,42.05287,-88.0526
60174,41.92759,-88.29906
60175,41.94695,-88.3913
60176,41.9583,-87.8697
60177,41.98931,-88.30987
60178,42.00625,-88.67205
60180,42.22342,-88.52023
60181,41.87795,-87.97626
60183,41.94019,-88.40908
60184,41.95208,-88.25323
60185,41.89308,-88.21498
60187,41.87231,-88.1126
60188,41.91562,-88.12958
60189,41.83957,-88.12128
60190,41.87319,-88.1576
60191,41.9647,-87.98087
60192,42.07265,-88.16797
60193,42.01195,-88.09552
60194,42.03339,-88.11125
60195,42.06541,-88.08657
60201,42.05665,-87.69827
60202,42.03043,-87.68958
60203,42.04905,-87.71748
60208,42.05457,-87.67412
60301,41.88865,-87.79648
60302,41.8948,-87.78983
60304,41.87249,-87.78933
60305,41.89501,-87.81943
60401,41.34683,-87.61306
60402,41.83237,-87.78983
60403,41.56696,-88.12438
60404,41.50864,-88.22269
60406,41.65509,-87.68184
60407,41.23037,-88.26415
60408,41.26684,-88.21733
60409,41.61303,-87.55142
60410,41.42119,-88.2171
60411,41.50791,-87.59031
60415,41.70341,-87.77953
60416,41.29357,-88.28197
60417,41.43056,-87.59268
60418,41.64568,-87.74084
60419,41.62752,-87.59871
60420,41.08795,-88.42127
60421,41.40851,-88.08936
60422,41.53861,-87.68443
60423,41.47922,-87.83961
60424,41.16604,-88.32941
60425,41.54343,-87.61073
60426,41.61026,-87.65309
60428,41.5998,-87.69062
60429,41.5737,-87.68331
60430,41.5584,-87.66214
60431,41.53355,-88.20568
60432,41.54087,-88.0406
60433,41.49895,-88.04248
60435,41.54492,-88.1288
60436,41.48973,-88.12392
60437,41.16168,-88.54981
60438,41.56625,-87.55065
60439,41.67692,-87.97623
60440,41.70125,-88.07572
60441,41.59238,-88.05106
60442,41.39189,-87.96062
60443,41.50369,-87.74637
60444,41.24246,-88.40403
60445,41.62833,-87.73542
60446,41.63304,-88.09855
60447,41.48796,-88.32498
60448,41.53821,-87.89396
60449,41.41392,-87.76978
60450,41.37011,-88.43417
60451,41.50717,-87.96088
60452,41.60851,-87.75434
60453,41.71412,-87.75278
60455,41.74102,-87.8068
60456,41.73125,-87.73111
60457,41.72475,-87.82987
60458,41.74892,-87.83484
60459,41.74436,-87.76872
60460,40.9997,-88.53393
60461,41.51752,-87.69148
60462,41.62527,-87.83548
60463,41.66084,-87.79033
60464,41.67088,-87.86869
60465,41.69878,-87.8267
60466,41.47966,-87.68276
60467,41.59855,-87.88848
60468,41.33636,-87.80991
60469,41.62871,-87.68634
60470,41.16592,-88.63876
60471,41.48009,-87.72981
60472,41.6437,-87.70836
60473,41.59733,-87.60115
60474,41.1765,-88.26983
60475,41.47193,-87.6283
60476,41.5694,-87.60562
60477,41.57347,-87.78597
60478,41.55381,-87.73588
60479,41.23174,-88.52078
60480,41.71909,-87.87675
60481,41.28795,-88.12952
60482,41.68737,-87.79239
60484,41.44317,-87.70948
60487,41.56236,-87.83095
60490,41.67575,-88.14118
60491,41.60313,-87.9595
60501,41.77979,-87.82393
60502,41.78911,-88.25952
60503,41.7079,-88.25475
60504,41.74649,-88.23957
60505,41.76527,-88.29576
60506,41.76176,-88.37125
60510,41.84283,-88.31189
60511,41.75778,-88.55601
60512,41.70134,-88.43986
60513,41.82459,-87.8469
60514,41.79655,-87.95683
60515,41.80991,-88.0247
60516,41.76327,-88.01314
60517,41.73913,-88.04161
60518,41.59997,-88.92215
60519,41.77724,-88.24255
60520,41.7826,-88.65808
60521,41.80019,-87.92883
60523,41.83713,-87.95406
60525,41.78371,-87.86778
60526,41.83002,-87.8836
60527,41.74472,-87.93383
60530,41.79613,-88.95988
60531,41.61563,-88.78639
60532,41.79153,-88.08576
60534,41.81311,-87.82066
60536,41.59853,-88.55212
60537,41.56158,-88.60246
60538,41.72165,-88.35637
60539,41.825,-88.33529
60540,41.76361,-88.14476
60541,41.5193,-88.52552
60542,41.80878,-88.3489
60543,41.66537,-88.32442
60544,41.61393,-88.21777
60545,41.67815,-88.53587
60546,41.83834,-87.82132
60548,41.64811,-88.63471
60549,41.4908,-88.74251
60550,41.77708,-88.87777
60551,41.52463,-88.68992
60552,41.66144,-88.70343
60553,41.82399,-89.02806
60554,41.77852,-88.45838
60555,41.82261,-88.18854
60556,41.76507,-88.77373
60557,41.44383,-88.76654
60558,41.80207,-87.90076
60559,41.79496,-87.97464
60560,41.60799,-88.42841
60561,41.74518,-87.98174
60563,41.79933,-88.16884
60564,41.70901,-88.19961
60565,41.7297,-88.12312
60585,41.65864,-88.22339
60586,41.57036,-88.23162
60601,41.88527,-87.62197
60602,41.88304,-87.62906
60603,41.88018,-87.6274
60604,41.87799,-87.62928
60605,41.86644,-87.61956
60606,41.88178,-87.63724
60607,41.87467,-87.65175
60608,41.84887,-87.67139
60609,41.81263,-87.65559
60610,41.90388,-87.63738
60611,41.89483,-87.61944
60612,41.8805,-87.68783
60613,41.9558,-87.65706
60614,41.92267,-87.6506
60615,41.80226,-87.60293
60616,41.84502,-87.62745
60617,41.71337,-87.55618
60618,41.94694,-87.70263
60619,41.74346,-87.60532
60620,41.74096,-87.65257
60621,41.77624,-87.63955
60622,41.90267,-87.68355
60623,41.84793,-87.71753
60624,41.88045,-87.72366
60625,41.97318,-87.69963
60626,42.00904,-87.66955
60628,41.69165,-87.61828
60629,41.7754,-87.71239
60630,41.97222,-87.75758
60631,41.99473,-87.8131
60632,41.81141,-87.71348
60633,41.66315,-87.56044
60634,41.94627,-87.80639
60636,41.77578,-87.66909
60637,41.78156,-87.6032
60638,41.78175,-87.77057
60639,41.9206,-87.75593
60640,41.97253,-87.66372
60641,41.94667,-87.74693
60642,41.90193,-87.65804
60643,41.70026,-87.663
60644,41.88013,-87.75756
60645,42.00859,-87.69457
60646,41.99365,-87.76128
60647,41.92074,-87.702
60649,41.75885,-87.56368
60651,41.90202,-87.74104
60652,41.74744,-87.71445
60653,41.81924,-87.61017
60654,41.89209,-87.63673
60655,41.69479,-87.70374
60656,41.97424,-87.82709
60657,41.93965,-87.65495
60659,41.98946,-87.70668
60660,41.99113,-87.66609
60661,41.88291,-87.64409
60706,41.96384,-87.81672
60707,41.92175,-87.80744
60712,42.00543,-87.73296
60714,42.02834,-87.81131
60803,41.67233,-87.73652
60804,41.84005,-87.75925
60805,41.72201,-87.70243
60827,41.64967,-87.63013
60901,41.11029,-87.90049
60910,41.06426,-87.79991
60911,40.87856,-87.98059
60912,40.97252,-87.60245
60913,41.14835,-88.06206
60914,41.18706,-87.86194
60915,41.14758,-87.86039
60917,41.04644,-88.19179
60918,40.59681,-88.02968
60919,40.98753,-88.24012
60920,41.03021,-88.30378
60921,40.73513,-88.28894
60922,41.00394,-87.92184
60924,40.55855,-87.88454
60926,40.56937,-87.81208
60927,40.93933,-87.96744
60928,40.74568,-87.85078
60929,40.87601,-88.29242
60930,40.83231,-88.00286
60931,40.8919,-87.58654
60932,40.46513,-87.80013
60933,40.46258,-88.27381
60934,40.96119,-88.34862
60935,41.17165,-88.16853
60936,40.46456,-88.36103
60938,40.77456,-87.98355
60939,40.56696,-87.77714
60940,41.25188,-87.64259
60941,41.03865,-88.0859
60942,40.46678,-87.66134
60945,40.8315,-87.59236
60946,40.91307,-88.20072
60948,40.52413,-88.07698
60949,40.38042,-88.10239
60950,41.25135,-87.88494
60951,40.91721,-87.74757
60952,40.56373,-88.25142
60953,40.62854,-87.6894
60954,41.15446,-87.62827
60955,40.7004,-87.98008
60956,40.96775,-87.7163
60957,40.44037,-88.13977
60958,41.06523,-87.5916
60959,40.7895,-88.1832
60960,40.43879,-87.89132
60961,41.10611,-88.23098
60962,40.62248,-88.18442
60963,40.36848,-87.65115
60964,41.03401,-87.7418
60966,40.75144,-87.58321
60967,40.6241,-87.58123
60968,40.6746,-88.12049
60969,41.11101,-88.14975
60970,40.79221,-87.74039
60973,40.53654,-87.66265
60974,40.71807,-87.73588
61001,42.4612,-90.12226
61006,41.86078,-89.20836
61007,42.19941,-89.59109
61008,42.24579,-88.83949
61010,42.136,-89.26751
61011,42.38926,-88.91266
61012,42.40749,-88.75446
61013,42.37544,-89.63623
61014,41.97501,-89.8865
61015,41.99443,-89.20011
61016,42.19761,-88.94704
61018,42.41599,-89.55558
61019,42.44093,-89.40863
61020,42.11035,-89.09807
61021,41.82908,-89.47764
61024,42.43629,-89.29183
61025,42.46958,-90.55904
61027,42.3333,-89.75553
61028,42.29366,-90.16935
61030,42.11578,-89.58898
61031,41.83263,-89.31626
61032,42.31509,-89.63598
61036,42.4172,-90.39816
61037,41.7882,-89.75978
61038,42.26344,-88.73586
61039,42.20805,-89.46931
61041,42.272,-90.3202
61042,41.68819,-89.56015
61043,42.06676,-89.10499
61044,42.32336,-89.9099
61046,42.10404,-89.81329
61047,42.15305,-89.39597
61048,42.38524,-89.83526
61049,42.04417,-89.00753
61050,42.43932,-89.7319
61051,41.98289,-89.7619
61052,42.11146,-89.00011
61053,42.11506,-89.98335
61054,42.05573,-89.44548
61057,41.83357,-89.38401
61059,42.45465,-89.94084
61060,42.47876,-89.61819
61061,41.99851,-89.33819
61062,42.25254,-89.84263
61063,42.31305,-89.34691
61064,41.9893,-89.5873
61065,42.40786,-88.82747
61067,42.30472,-89.47454
61068,41.94928,-89.0652
61070,42.41571,-89.47177
61071,41.72599,-89.70006
61072,42.44661,-89.14109
61073,42.42434,-88.99346
61074,42.12615,-90.13061
61075,42.46546,-90.26444
61077,42.24012,-89.34806
61078,42.16729,-89.73062
61079,42.44681,-89.20955
61080,42.47992,-88.98989
61081,41.84425,-89.73613
61084,42.11843,-89.18867
61085,42.34268,-90.03077
61087,42.48046,-89.99351
61088,42.26995,-89.25509
61089,42.47349,-89.82335
61091,41.90818,-89.55234
61101,42.33727,-89.14725
61102,42.22995,-89.15632
61103,42.3453,-89.08271
61104,42.25186,-89.07911
61107,42.28344,-89.00348
61108,42.25515,-89.00236
61109,42.1924,-89.05392
61111,42.33538,-89.00369
61112,42.24193,-88.97523
61114,42.30854,-88.9892
61115,42.36365,-89.02869
61201,41.47799,-90.57608
61230,41.74074,-90.21447
61231,41.2128,-90.72294
61232,41.43168,-90.72734
61233,41.29464,-90.29129
61234,41.41804,-89.91947
61235,41.39972,-90.0237
61236,41.51242,-90.35586
61237,41.34175,-90.86221
61238,41.28727,-90.17647
61239,41.49479,-90.38966
61240,41.42579,-90.4325
61241,41.48782,-90.31997
61242,41.70363,-90.27858
61243,41.61849,-89.6784
61244,41.52138,-90.39424
61250,41.65884,-90.10081
61251,41.72909,-90.07291
61252,41.8435,-90.12272
61254,41.46692,-90.15551
61256,41.56017,-90.40151
61257,41.59025,-90.22322
61258,41.52185,-89.91396
61259,41.38839,-90.92733
61260,41.24141,-90.88407
61261,41.72928,-89.91166
61262,41.27799,-90.35699
61263,41.26409,-90.59878
61264,41.39765,-90.59452
61265,41.48195,-90.48895
61270,41.82971,-89.9656
61272,41.24817,-91.00865
61273,41.36426,-90.39907
61274,41.37031,-90.27666
61275,41.60016,-90.29781
61276,41.31667,-90.57638
61277,41.60425,-89.93251
61278,41.57938,-90.34138
61279,41.32574,-90.72863
61281,41.3009,-90.51992
61282,41.49673,-90.41172
61283,41.59094,-89.78854
61284,41.3927,-90.74874
61285,41.98307,-90.0811
61301,41.39368,-89.07827
61310,41.69815,-89.34769
61311,41.04018,-88.86219
61312,41.43403,-89.22544
61313,41.07237,-88.66993
61314,41.29745,-89.67474
61315,41.2865,-89.36477
61316,41.25718,-89.12538
61317,41.43201,-89.20813
61318,41.71202,-89.08039
61319,41.01291,-88.73942
61320,41.3553,-89.17047
61321,40.96754,-88.97621
61322,41.3185,-89.30566
61323,41.43544,-89.39605
61324,41.76994,-89.4136
61325,41.23673,-88.80973
61326,41.25276,-89.22083
61327,41.22827,-89.30876
61328,41.50924,-89.459
61329,41.37709,-89.20791
61330,41.53602,-89.27756
61331,41.74771,-89.27754
61332,41.18884,-88.98456
61333,40.98845,-88.88931
61334,41.14731,-89.09935
61335,41.16141,-89.23228
61336,41.1073,-89.21727
61337,41.43827,-89.3171
61338,41.47014,-89.66517
61340,41.26396,-89.25123
61341,41.34015,-88.69246
61342,41.54089,-89.0938
61344,41.41245,-89.8344
61345,41.27981,-89.78878
61346,41.50659,-89.7199
61348,41.2812,-89.03685
61349,41.55295,-89.44192
61350,41.37152,-88.86157
61353,41.6967,-88.99623
61354,41.33158,-89.14281
61356,41.38914,-89.43406
61358,40.98166,-89.04299
61359,41.36341,-89.26962
61360,41.33439,-88.60522
61361,41.40913,-89.76778
61362,41.35138,-89.22819
61363,41.25425,-89.18248
61364,41.12822,-88.85097
61367,41.62611,-89.26221
61368,41.26113,-89.51981
61369,40.9827,-89.15397
61370,41.20854,-89.03476
61371,41.49936,-89.01986
61372,41.46582,-89.08239
61373,41.4004,-88.99456
61374,41.5473,-89.35759
61375,41.03254,-89.24688
61376,41.54065,-89.60726
61377,41.05847,-89.04444
61378,41.72614,-89.158
61379,41.38144,-89.61077
61401,40.94451,-90.38888
61402,40.93993,-90.40627
61410,40.79779,-90.40703
61411,40.40105,-90.50544
61412,41.07092,-90.58853
61413,41.19135,-90.37227
61414,41.12597,-90.15495
61415,40.65425,-90.42801
61416,40.49592,-90.56308
61417,40.77222,-90.54413
61418,40.84714,-90.86492
61419,41.19982,-90.11751
61420,40.5491,-90.86679
61421,41.1792,-89.65083
61422,40.55084,-90.53113
61423,40.8855,-90.50232
61424,41.07671,-89.63513
61425,40.76297,-91.04575
61426,41.11964,-89.70601
61427,40.49823,-90.19319
61428,40.93262,-90.10977
61430,40.94393,-90.31135
61431,40.60315,-90.2776
61432,40.65055,-90.16086
61433,40.55749,-90.16866
61434,41.17387,-90.03598
61435,40.99559,-90.5686
61436,40.86067,-90.21739
61437,40.84911,-90.98905
61438,40.58538,-90.64942
61439,41.02923,-90.35019
61440,40.3079,-90.59786
61441,40.33957,-90.29336
61442,41.10237,-90.92303
61443,41.25972,-89.94242
61447,40.87105,-90.76674
61448,40.93385,-90.24374
61449,41.08926,-89.97051
61450,40.57629,-90.98088
61451,40.94117,-89.93555
61452,40.23836,-90.66022
61453,41.01345,-90.76322
61454,40.68152,-91.04535
61455,40.44047,-90.65115
61458,40.78027,-90.18107
61459,40.50497,-90.41453
61460,40.72159,-90.82774
61462,40.91014,-90.65176
61465,41.20618,-90.46744
61466,41.11103,-90.48222
61467,41.07115,-90.24338
61468,41.2565,-90.38751
61469,40.96262,-90.91066
61470,40.60613,-90.50623
61471,40.69583,-90.82507
61472,41.10327,-90.38345
61473,40.70914,-90.64975
61474,40.73419,-90.39724
61475,40.5969,-90.7527
61476,41.09191,-90.83259
61477,40.4945,-90.31402
61478,40.75633,-90.76035
61479,41.00192,-89.63939
61480,40.72323,-90.91827
61482,40.39362,-90.40766
61483,41.08157,-89.87186
61484,40.29696,-90.44153
61485,41.01677,-90.09764
61486,41.19609,-90.57614
61488,41.03004,-90.32071
61489,40.93462,-90.02664
61490,41.18263,-90.26518
61491,41.05982,-89.72525
61501,40.22797,-90.31233
61516,40.85555,-89.13197
61517,40.823,-89.85155
61519,40.46463,-90.09309
61520,40.54197,-90.02156
61523,40.91751,-89.53562
61524,40.49125,-90.03468
61525,40.84776,-89.67047
61526,40.92899,-89.62599
61528,40.7757,-89.7227
61529,40.7809,-89.93673
61530,40.71146,-89.26287
61531,40.68291,-90.03482
61532,40.34851,-89.80692
61533,40.58736,-89.84029
61534,40.41499,-89.66464
61535,40.58578,-89.52316
61536,40.69051,-89.78688
61537,41.11607,-89.47035
61539,40.55375,-89.77561
61540,41.01856,-89.36867
61541,40.98039,-89.23497
61542,40.38487,-90.13402
61543,40.42213,-89.96842
61544,40.69753,-90.24273
61545,40.86837,-89.35253
61546,40.45212,-89.80172
61547,40.60962,-89.73847
61548,40.80887,-89.41311
61550,40.61054,-89.44049
61552,40.82133,-89.56496
61553,40.62136,-90.02686
61554,40.54441,-89.62181
61559,40.92101,-89.77438
61560,41.18581,-89.40077
61561,40.80582,-89.20475
61562,40.88102,-89.50144
61563,40.4931,-90.05108
61564,40.49848,-89.65624
61565,41.032,-89.50718
61567,40.35077,-89.89899
61568,40.50484,-89.47876
61569,40.67788,-89.89324
61570,40.91933,-89.31578
61571,40.70506,-89.42294
61572,40.79768,-90.0343
61602,40.68005,-89.60395
61603,40.7122,-89.57465
61604,40.70525,-89.65297
61605,40.6765,-89.63317
61606,40.70011,-89.61187
61607,40.62895,-89.68627
61610,40.64294,-89.59882
61611,40.71185,-89.53469
61614,40.75872,-89.60486
61615,40.78088,-89.63102
61616,40.74682,-89.57195
61625,40.6978,-89.61455
61701,40.47697,-88.99278
61704,40.46951,-88.94281
61705,40.46099,-88.99981
61720,40.55228,-88.50498
61721,40.35349,-89.32238
61722,40.42018,-88.63049
61723,40.26139,-89.26703
61724,40.33418,-88.52654
61725,40.61201,-89.11717
61726,40.74013,-88.70014
61727,40.14701,-88.95245
61728,40.57546,-88.62539
61729,40.62799,-89.22393
61730,40.53262,-88.73437
61731,40.61255,-88.48386
61732,40.53123,-89.20646
61733,40.62421,-89.33573
61734,40.37431,-89.52549
61735,40.20561,-88.81072
61736,40.40335,-88.83804
61737,40.45646,-88.73331
61738,40.74925,-89.02821
61739,40.73342,-88.51938
61740,40.88779,-88.86397
61741,40.76045,-88.40057
61742,40.63341,-89.27322
61743,40.87805,-88.78142
61744,40.74377,-88.88118
61745,40.32152,-88.96684
61747,40.4174,-89.43295
61748,40.61483,-88.98898
61749,40.09209,-89.10943
61750,40.12251,-88.8557
61751,40.21455,-89.29926
61752,40.33703,-88.76168
61753,40.63568,-88.78883
61754,40.3287,-89.15744
61755,40.52661,-89.33909
61756,40.03311,-88.96368
61759,40.4347,-89.32418
61760,40.88713,-89.03263
61761,40.52503,-88.95152
61764,40.88343,-88.6263
61769,40.88106,-88.39804
61770,40.43965,-88.52457
61771,40.70725,-89.14184
61772,40.386,-89.06351
61773,40.57209,-88.37605
61774,40.42945,-89.20145
61775,40.64971,-88.37069
61776,40.5713,-88.86706
61777,40.243,-88.93948
61778,40.22575,-89.09104
61801,40.10937,-88.21175
61802,40.12288,-88.14863
61810,39.91019,-87.91837
61811,40.29531,-87.62162
61812,40.25869,-87.88989
61813,39.90933,-88.55796
61814,40.23191,-87.57018
61815,40.11075,-88.3679
61816,39.92444,-88.00398
61817,40.03088,-87.71991
61818,39.88455,-88.71798
61820,40.112,-88.24423
61821,40.11041,-88.27611
61822,40.13693,-88.30453
61830,40.01122,-88.72926
61831,40.22623,-87.79705
61832,40.13186,-87.63256
61833,40.09914,-87.64718
61834,40.16428,-87.64028
61839,40.13184,-88.63694
61840,40.29663,-88.30187
61841,40.02775,-87.82459
61842,40.23889,-88.66411
61843,40.31593,-88.38053
61844,40.14431,-87.8711
61845,40.37308,-88.40076
61846,39.97601,-87.61222
61847,40.31148,-88.01581
61848,40.30694,-87.70096
61849,40.01145,-87.96185
61850,39.9301,-87.74346
61851,39.96507,-88.43544
61852,39.89951,-88.07277
61853,40.22344,-88.41555
61854,40.20654,-88.52129
61855,39.92438,-88.66056
61856,40.02838,-88.58211
61857,40.11862,-87.84337
61858,40.13166,-87.76438
61859,40.15065,-87.96163
61862,40.30474,-87.95103
61863,39.90575,-88.28194
61864,39.97989,-88.14437
61865,40.30362,-87.80047
61866,40.31148,-88.15837
61870,39.90325,-87.61562
61871,40.19118,-87.97925
61872,39.93586,-88.38018
61873,40.14069,-88.03817
61874,40.05062,-88.26078
61875,40.10421,-88.42267
61876,39.90534,-87.8398
61877,39.99456,-88.07764
61878,40.23953,-88.14945
61880,39.97482,-88.2458
61882,40.11203,-88.75969
61883,40.03494,-87.63992
61884,40.09115,-88.48266
61910,39.67283,-88.30035
61911,39.70452,-88.47068
61912,39.52825,-88.03357
61913,39.82657,-88.47156
61914,39.63409,-88.76783
61917,39.71746,-87.8941
61919,39.7789,-88.13727
61920,39.50415,-88.16448
61924,39.79269,-87.6506
61925,39.72444,-88.83548
61928,39.45524,-88.50284
61929,39.82338,-88.62271
61930,39.67935,-88.12899
61931,39.59067,-88.35883
61932,39.79968,-87.87493
61933,39.55099,-87.91502
61936,39.80319,-88.72684
61937,39.73872,-88.65542
61938,39.48004,-88.37571
61940,39.80395,-87.81249
61941,39.80457,-88.07505
61942,39.81515,-88.00818
61943,39.6608,-88.0248
61944,39.59969,-87.70146
61949,39.65753,-87.85844
61951,39.59118,-88.5865
61953,39.79803,-88.28991
61955,39.58162,-87.5875
61956,39.8537,-88.14433
61957,39.4397,-88.60495
62001,38.87971,-89.74562
62002,38.93988,-90.12829
62006,39.06433,-90.66714
62009,39.09351,-89.79856
62010,38.91944,-90.04789
62011,39.12862,-89.21755
62012,39.04225,-90.15027
62013,38.96421,-90.56518
62014,39.04313,-89.94999
62015,39.22011,-89.54203
62016,39.29517,-90.41462
62017,39.06597,-89.36945
62018,38.90847,-90.08574
62019,39.01598,-89.45195
62021,38.97797,-89.981
62022,39.00139,-90.32972
62023,39.10794,-89.78278
62024,38.88343,-90.08879
62025,38.83004,-89.93298
62026,38.79062,-90.00394
62027,39.24686,-90.55725
62028,38.95932,-90.35353
62030,39.15463,-90.16445
62031,39.1123,-90.53355
62032,39.1158,-89.28833
62033,39.13561,-89.84447
62034,38.75639,-89.96897
62035,38.96375,-90.23917
62036,38.91866,-90.59079
62037,39.00826,-90.4664
62040,38.71592,-90.10078
62044,39.36618,-90.20907
62045,39.26297,-90.70921
62046,38.88935,-89.84397
62047,39.13314,-90.62273
62048,38.77004,-90.13895
62049,39.1295,-89.48572
62050,39.43734,-90.55544
62051,39.20309,-89.40244
62052,39.11179,-90.32004
62053,39.31572,-90.65763
62054,39.2012,-90.34693
62056,39.1765,-89.67165
62058,38.96793,-89.76491
62059,38.65434,-90.17097
62060,38.67664,-90.14686
62061,38.79077,-89.77624
62062,38.72719,-89.96253
62063,39.1982,-90.14836
62067,38.92961,-89.98837
62069,39.08892,-89.74044
62074,38.95594,-89.68338
62075,39.30143,-89.29676
62076,39.34186,-89.23383
62077,39.03133,-89.51605
62078,39.47984,-90.48686
62079,39.11457,-90.12642
62080,39.14115,-89.10569
62081,39.26262,-90.23452
62082,39.49392,-90.32157
62083,39.35122,-89.19842
62084,38.84082,-90.06365
62085,39.07839,-89.80308
62086,38.98302,-89.58556
62087,38.81754,-90.06767
62088,39.01318,-89.79764
62089,39.12111,-89.48673
62090,38.66925,-90.17044
62091,39.05594,-89.61222
62092,39.41839,-90.41291
62093,39.06858,-89.84573
62094,39.2441,-89.34871
62095,38.86307,-90.07545
62097,38.93719,-89.85507
62098,39.38377,-90.29946
62201,38.63567,-90.14162
62203,38.60223,-90.07534
62204,38.63033,-90.09642
62205,38.60259,-90.11469
62206,38.56796,-90.16981
62207,38.58327,-90.12544
62208,38.59641,-90.00528
62214,38.37682,-89.60529
62215,38.50672,-89.60515
62216,38.62559,-89.60313
62217,38.1732,-89.83954
62218,38.52069,-89.47738
62219,38.60371,-89.43698
62220,38.47247,-89.98704
62221,38.51187,-89.89922
62223,38.53491,-90.06027
62225,38.54065,-89.85503
62226,38.53634,-90.00057
62230,38.63855,-89.52742
62231,38.64402,-89.32642
62232,38.63266,-90.00509
62233,37.93719,-89.78842
62234,38.68214,-89.9815
62236,38.43391,-90.21141
62237,38.1916,-89.57046
62238,38.04499,-89.5319
62239,38.528,-90.1803
62240,38.52084,-90.21011
62241,38.01474,-89.88845
62242,38.09257,-89.94339
62243,38.41841,-89.88978
62244,38.19142,-90.1965
62245,38.54783,-89.57446
62246,38.88834,-89.42533
62248,38.30543,-89.99341
62249,38.75469,-89.66436
62250,38.54042,-89.26436
62253,38.77554,-89.29738
62254,38.6098,-89.81901
62255,38.31244,-89.77842
62256,38.22623,-90.23152
62257,38.28048,-89.73262
62258,38.46014,-89.77287
62260,38.46097,-90.09891
62261,38.01218,-89.99774
62262,38.9371,-89.26916
62263,38.33168,-89.39706
62264,38.31612,-89.90721
62265,38.50808,-89.67797
62266,38.47481,-89.64988
62268,38.27208,-89.52612
62269,38.59844,-89.91294
62271,38.44028,-89.52209
62272,38.00241,-89.61562
62273,38.78673,-89.58389
62274,38.09312,-89.40064
62275,38.81507,-89.54496
62277,38.09844,-90.11081
62278,38.20528,-89.99116
62279,38.13796,-90.13695
62280,37.83179,-89.65952
62281,38.70405,-89.78288
62282,38.35644,-89.71334
62284,38.86867,-89.31107
62285,38.38845,-90.00773
62286,38.11756,-89.7154
62288,37.99267,-89.69106
62289,38.59788,-89.75096
62292,38.21299,-89.68261
62293,38.61838,-89.69748
62294,38.70374,-89.87242
62295,38.27126,-90.30895
62297,38.04938,-89.81239
62298,38.30906,-90.15132
62301,39.93139,-91.38741
62305,39.92915,-91.34441
62311,40.22195,-90.9212
62312,39.71035,-91.02518
62313,40.31782,-91.2251
62314,39.76967,-90.89204
62316,40.23341,-91.05495
62319,40.15293,-90.72997
62320,40.02343,-91.08295
62321,40.40948,-91.10606
62323,39.81306,-90.68607
62324,39.9901,-90.96302
62325,40.05307,-91.16564
62326,40.42248,-90.81501
62330,40.57217,-91.12187
62334,40.39598,-91.24912
62336,40.46759,-91.17333
62338,39.99309,-91.23889
62339,40.12898,-91.04196
62340,39.7228,-90.72588
62341,40.42566,-91.30555
62343,39.70275,-91.2418
62344,40.1799,-90.82497
62345,39.70655,-91.12758
62346,40.14367,-90.93418
62347,39.86648,-91.08905
62348,40.18836,-91.37126
62349,40.16958,-91.19986
62351,40.11374,-91.26751
62352,39.56818,-90.65455
62353,39.97277,-90.75735
62354,40.52087,-91.33305
62355,39.40963,-90.77936
62356,39.60092,-91.08508
62357,39.68671,-90.86374
62358,40.58527,-91.26113
62359,40.03239,-91.20851
62360,39.81731,-91.26143
62361,39.48734,-90.64191
62362,39.77618,-90.76429
62363,39.59163,-90.7784
62365,39.79559,-91.16018
62366,39.46253,-90.89402
62367,40.30325,-90.86687
62370,39.51818,-90.99881
62373,40.23643,-91.35863
62374,40.40765,-90.91052
62375,39.99782,-90.87176
62376,40.1148,-91.40662
62378,39.89602,-90.63652
62379,40.26867,-91.4061
62380,40.24249,-91.19174
62401,39.11843,-88.56467
62410,38.53254,-87.72783
62411,39.06865,-88.72936
62413,39.14081,-87.84012
62414,39.17277,-88.82611
62417,38.70304,-87.76779
62418,39.02009,-88.97463
62419,38.62201,-87.98425
62420,39.29065,-88.0005
62421,38.75219,-87.94345
62422,39.23327,-88.88855
62423,39.46208,-87.5819
62424,38.98784,-88.42124
62425,38.83363,-88.10383
62426,38.8999,-88.66639
62427,38.87301,-87.65891
62428,39.26396,-88.1302
62431,39.22981,-88.99382
62432,39.13353,-88.14176
62433,39.11276,-87.70514
62434,38.84217,-88.3253
62436,39.18247,-88.25613
62438,39.32553,-88.87005
62439,38.74668,-87.63754
62440,39.39433,-88.26325
62441,39.39392,-87.69795
62442,39.31269,-87.85602
62443,38.95397,-88.62902
62444,39.27853,-88.73474
62445,39.16687,-88.32322
62446,38.49115,-88.21478
62447,39.31303,-88.44456
62448,38.96741,-88.17988
62449,39.00419,-87.91069
62450,38.71436,-88.08777
62451,38.99394,-87.6066
62452,38.58715,-88.01774
62454,38.99725,-87.75767
62458,39.02531,-88.85441
62459,38.92997,-88.0278
62460,38.60661,-87.69639
62461,39.20067,-88.6759
62462,39.23291,-88.47066
62463,39.27519,-88.59683
62464,38.99793,-87.82385
62465,39.34614,-88.63827
62466,38.72707,-87.84957
62467,39.12809,-88.43543
62468,39.27779,-88.27155
62469,39.34843,-88.33911
62471,38.95859,-89.13257
62473,39.01986,-88.56556
62474,39.43526,-87.99462
62475,38.88441,-88.04645
62476,38.53412,-88.00509
62477,39.23369,-87.66024
62478,39.17874,-87.74367
62479,39.03731,-88.31239
62480,38.99864,-88.00129
62481,39.12657,-88.02293
62501,39.92973,-88.80528
62510,39.5315,-89.02706
62512,40.14601,-89.20312
62513,39.72341,-89.15296
62514,39.76753,-89.04508
62515,39.8561,-89.36622
62517,39.59365,-89.43285
62518,40.05154,-89.19037
62519,39.92879,-89.3953
62520,39.82185,-89.45904
62521,39.81435,-88.93086
62522,39.83008,-89.04743
62523,39.84372,-88.95289
62526,39.90322,-88.9902
62530,39.56206,-89.65626
62531,39.66754,-89.37395
62532,39.77633,-88.97781
62533,39.44483,-89.626
62534,39.53519,-88.79603
62535,39.92549,-88.96604
62536,39.63022,-89.65023
62537,39.85263,-89.09324
62538,39.35631,-89.52051
62539,39.86681,-89.24914
62540,39.58496,-89.41938
62541,39.95657,-89.37085
62543,39.97084,-89.1518
62544,39.70854,-88.97375
62545,39.7661,-89.38737
62546,39.43042,-89.44281
62547,39.76883,-89.24929
62548,39.97849,-89.27988
62549,39.76985,-88.8657
62550,39.61154,-88.99283
62551,39.85357,-89.15631
62553,39.27182,-89.10509
62554,39.94976,-88.87107
62555,39.46755,-89.21982
62556,39.46674,-89.37049
62557,39.39974,-89.10503
62558,39.58967,-89.54239
62560,39.3005,-89.60377
62561,39.86754,-89.50498
62563,39.71675,-89.50017
62565,39.41334,-88.8026
62567,39.64668,-89.19082
62568,39.55974,-89.29016
62570,39.58023,-89.45107
62571,39.38155,-88.95998
62572,39.35908,-89.69778
62573,39.94551,-89.07264
62601,39.75032,-90.03904
62610,39.5526,-90.42708
62611,39.88493,-90.39984
62612,39.89864,-90.0683
62613,39.99009,-89.67036
62615,39.58568,-89.75406
62617,40.14948,-90.18109
62618,40.00534,-90.39542
62621,39.73174,-90.5309
62622,39.97786,-90.34302
62624,40.14993,-90.34478
62625,39.90424,-89.70185
62626,39.28459,-89.88362
62627,40.05425,-90.12887
62628,39.7794,-90.40199
62629,39.67858,-89.71978
62630,39.26255,-90.08315
62631,39.82531,-90.36122
62633,40.22577,-89.8763
62634,40.0166,-89.45107
62635,40.29653,-89.46573
62638,39.60714,-90.08226
62639,40.0435,-90.48753
62640,39.43183,-89.80746
62642,40.09022,-89.71303
62643,40.24154,-89.45774
62644,40.28553,-90.06022
62649,39.36451,-90.0664
62650,39.73799,-90.22027
62655,40.16523,-89.99515
62656,40.13948,-89.36622
62661,39.66513,-89.84057
62663,39.54106,-90.32748
62664,40.21106,-89.72629
62665,39.81627,-90.53462
62666,40.08384,-89.54364
62667,39.49372,-89.99016
62668,39.57474,-90.23667
62670,39.74431,-89.89601
62671,40.16707,-89.55755
62672,39.39802,-89.80444
62673,40.09586,-89.9674
62674,39.43486,-90.02952
62675,40.02109,-89.86146
62677,39.85168,-89.87694
62681,40.13841,-90.55885
62682,40.29487,-89.63541
62684,39.91019,-89.58474
62685,39.14209,-89.99689
62688,39.945,-89.92415
62689,39.53402,-89.76555
62690,39.50572,-89.76662
62691,39.95731,-90.22246
62692,39.5832,-89.93936
62693,39.95761,-89.52041
62694,39.62463,-90.47274
62695,39.61943,-90.22418
62701,39.80063,-89.64902
62702,39.82377,-89.64286
62703,39.76276,-89.63106
62704,39.77358,-89.68503
62706,39.79789,-89.6554
62707,39.85506,-89.64989
62711,39.76662,-89.73195
62712,39.74883,-89.58344
62801,38.51097,-89.1412
62803,38.45461,-89.29822
62806,38.38405,-88.07492
62807,38.74767,-88.93412
62808,38.30328,-89.1884
62809,38.28023,-88.33756
62810,38.20515,-88.74388
62811,38.38739,-87.90361
62812,38.00487,-88.92249
62814,38.37641,-88.73054
62815,38.45707,-87.98698
62816,38.18156,-88.92473
62817,37.9545,-88.47762
62818,38.37772,-87.96749
62819,37.97507,-89.00283
62820,38.24873,-88.23561
62821,38.07301,-88.13357
62822,37.97473,-89.05358
62823,38.51864,-88.43816
62824,38.67076,-88.34686
62825,37.99832,-89.06474
62827,38.16573,-88.04157
62828,38.19536,-88.60864
62829,37.99956,-88.49061
62830,38.44559,-88.96424
62831,38.23042,-89.22167
62832,38.01001,-89.24969
62833,38.34071,-88.16355
62835,38.10573,-88.32406
62836,38.0973,-88.80568
62837,38.36608,-88.35999
62838,38.86855,-88.74889
62839,38.66403,-88.49689
62841,37.8588,-88.99639
62842,38.47038,-88.38007
62843,38.3828,-88.19893
62844,38.25525,-88.05018
62846,38.15042,-88.85485
62848,38.43794,-89.16665
62849,38.58803,-88.77221
62850,38.49552,-88.58841
62851,38.42185,-88.66237
62852,38.34992,-87.86676
62853,38.51734,-88.91571
62854,38.76458,-88.81172
62856,37.95246,-88.83549
62858,38.81271,-88.49353
62859,38.07094,-88.54289
62860,38.04022,-88.72921
62861,38.03543,-88.04569
62862,38.2166,-88.29685
62863,38.41575,-87.85526
62864,38.33041,-88.90272
62865,37.97528,-89.08351
62867,37.90503,-88.10091
62868,38.68073,-88.22939
62869,37.96608,-88.28336
62870,38.63463,-89.05063
62871,37.8757,-88.26499
62872,38.26776,-88.8032
62874,37.91767,-88.97802
62875,38.75789,-89.12482
62876,38.27713,-89.19487
62877,38.38983,-89.2057
62878,38.57718,-88.49378
62879,38.7651,-88.35907
62880,38.86751,-88.88593
62881,38.63544,-88.9288
62882,38.63474,-89.1197
62883,38.162,-89.11192
62884,38.08482,-89.04196
62885,38.86289,-89.06286
62886,38.37486,-88.53572
62887,38.18478,-88.36871
62888,38.12665,-89.22828
62889,38.46011,-88.82893
62890,37.90574,-88.73944
62891,38.01569,-89.04067
62892,38.80623,-89.0771
62893,38.46776,-89.03087
62894,38.20952,-89.03931
62895,38.30364,-88.54702
62896,37.89287,-88.91183
62897,38.09763,-88.91504
62898,38.35041,-89.06209
62899,38.63032,-88.64367
62901,37.74003,-89.20946
62902,37.67199,-89.11509
62903,37.67162,-89.27568
62905,37.57381,-89.35867
62906,37.45746,-89.18899
62907,37.86503,-89.50009
62908,37.30827,-88.86603
62910,37.1562,-88.53075
62912,37.47598,-89.0388
62914,37.04076,-89.20329
62915,37.78413,-89.12238
62916,37.93722,-89.56947
62917,37.69752,-88.64882
62918,37.78561,-89.08641
62919,37.52057,-88.14653
62920,37.55095,-89.23208
62921,37.80217,-89.08215
62922,37.6215,-88.81531
62923,37.33709,-89.03671
62924,37.82112,-89.20448
62926,37.3692,-89.13589
62927,37.94129,-89.24837
62928,37.47959,-88.5668
62930,37.84379,-88.44139
62931,37.52813,-88.27953
62932,37.89878,-89.21048
62933,37.77363,-89.02003
62934,37.70876,-88.36175
62935,37.84281,-88.63194
62938,37.38249,-88.54676
62939,37.5489,-88.98088
62940,37.7292,-89.46279
62941,37.24142,-88.97186
62942,37.6348,-89.47681
62943,37.35586,-88.74669
62946,37.7028,-88.52887
62947,37.55676,-88.4348
62948,37.8204,-89.02542
62949,37.8278,-89.14409
62950,37.75184,-89.55573
62951,37.82637,-88.92609
62952,37.42065,-89.33187
62953,37.20684,-88.84533
62954,37.69462,-88.27428
62956,37.27805,-88.93127
62957,37.31355,-89.42669
62958,37.60389,-89.14917
62959,37.71442,-88.91463
62960,37.22515,-88.71097
62961,37.34063,-89.25378
62962,37.07431,-89.33537
62963,37.0933,-89.16263
62964,37.12705,-89.21526
62965,37.76753,-88.5177
62966,37.7693,-89.35198
62967,37.58092,-88.75089
62969,37.15181,-89.34674
62970,37.21362,-89.10119
62972,37.5419,-88.8162
62974,37.78158,-88.79094
62975,37.64307,-89.37274
62976,37.21954,-89.2095
62977,37.85179,-88.54384
62979,37.80813,-88.2365
62982,37.42808,-88.35967
62983,37.90208,-89.10883
62984,37.73152,-88.14903
62985,37.46768,-88.68933
62987,37.61114,-88.65695
62988,37.23184,-89.29629
62990,37.22924,-89.40493
62992,37.27855,-89.1556
62994,37.90593,-89.34664
62995,37.41945,-88.88244
62996,37.16624,-89.15984
62997,37.98357,-89.59013
62998,37.51649,-89.44698
62999,37.89122,-89.05275
63005,38.64306,-90.64982
63010,38.42964,-90.3932
63011,38.60337,-90.55847
63012,38.33532,-90.44832
63013,38.41776,-91.15182
63014,38.64892,-91.31566
63015,38.39633,-90.75274
63016,38.35692,-90.65014
63017,38.65143,-90.53722
63019,38.229,-90.37684
63020,38.10706,-90.5718
63021,38.5689,-90.54564
63023,38.2659,-90.71292
63025,38.4896,-90.61666
63026,38.50195,-90.45995
63028,38.14545,-90.39423
63030,38.14321,-90.7522
63031,38.81392,-90.35224
63033,38.7958,-90.27786
63034,38.84795,-90.28692
63036,37.9817,-90.372
63037,38.42497,-91.3165
63038,38.58071,-90.67037
63039,38.49532,-90.83527
63040,38.57298,-90.63512
63041,38.2522,-90.79059
63042,38.78133,-90.37909
63043,38.72962,-90.45659
63044,38.77455,-90.42825
63045,38.76863,-90.46556
63047,38.1954,-90.48763
63048,38.25924,-90.39194
63049,38.47795,-90.52867
63050,38.25977,-90.57628
63051,38.39886,-90.57303
63052,38.38983,-90.4358
63053,38.36651,-90.36402
63055,38.53254,-90.8382
63056,38.38964,-91.22072
63060,38.25656,-90.86815
63061,38.2679,-90.81053
63068,38.55747,-91.24761
63069,38.48286,-90.7292
63070,38.28625,-90.41822
63071,38.15635,-90.82558
63072,38.36635,-90.81354
63073,38.58367,-90.76933
63074,38.72637,-90.38895
63077,38.32648,-90.98537
63079,38.26632,-91.1001
63080,38.20828,-91.08802
63084,38.41749,-91.01438
63087,38.00888,-90.45835
63088,38.54862,-90.50111
63089,38.45846,-90.88286
63090,38.53176,-91.05047
63091,38.36581,-91.39013
63101,38.63127,-90.19275
63102,38.63453,-90.18627
63103,38.62986,-90.217
63104,38.61078,-90.21276
63105,38.64427,-90.32812
63106,38.64445,-90.20795
63107,38.66373,-90.21201
63108,38.64485,-90.25337
63109,38.58483,-90.29563
63110,38.62538,-90.26645
63111,38.55845,-90.24993
63112,38.66,-90.28331
63113,38.65797,-90.2475
63114,38.70218,-90.36224
63115,38.68211,-90.23994
63116,38.57999,-90.26501
63117,38.63077,-90.33037
63118,38.59237,-90.22534
63119,38.58868,-90.35104
63120,38.69061,-90.26211
63121,38.70739,-90.30023
63122,38.57853,-90.42133
63123,38.54949,-90.32739
63124,38.63832,-90.38023
63125,38.51867,-90.29269
63126,38.5496,-90.37868
63127,38.53544,-90.41297
63128,38.49369,-90.38306
63129,38.45654,-90.32202
63130,38.66491,-90.32495
63131,38.6172,-90.44365
63132,38.67607,-90.37745
63133,38.68226,-90.30677
63134,38.74319,-90.34549
63135,38.75012,-90.29934
63136,38.74418,-90.25979
63137,38.74974,-90.21297
63138,38.79904,-90.1822
63139,38.61041,-90.29191
63140,38.73929,-90.32399
63141,38.65751,-90.45904
63143,38.61169,-90.32017
63144,38.61943,-90.3482
63146,38.70135,-90.47634
63147,38.69567,-90.21589
63155,38.62788,-90.20545
63301,38.86159,-90.47207
63303,38.74013,-90.54266
63304,38.70583,-90.68666
63330,39.26151,-90.79214
63332,38.60137,-90.89195
63333,39.0351,-91.32014
63334,39.30747,-91.18838
63336,39.33335,-90.9388
63339,39.33673,-91.36384
63341,38.66493,-90.81783
63343,39.15775,-90.82815
63344,39.23078,-91.01115
63345,39.27599,-91.57311
63347,39.0708,-90.76352
63348,38.78969,-90.94131
63349,38.97979,-91.15083
63350,38.90243,-91.35686
63351,38.86041,-91.31186
63352,39.25097,-91.65526
63353,39.44375,-91.12
63357,38.65518,-91.0947
63359,39.1564,-91.34652
63361,38.95802,-91.56056
63362,38.93276,-90.88227
63363,38.88187,-91.45755
63365,38.70961,-90.87334
63366,38.85918,-90.71964
63367,38.77805,-90.79536
63368,38.7516,-90.72895
63369,38.93758,-90.77766
63373,38.92776,-90.39563
63376,38.80022,-90.61636
63377,39.11016,-91.10053
63379,38.99817,-90.99037
63380,38.81262,-91.12205
63381,38.98237,-91.25429
63382,39.31104,-91.49042
63383,38.80726,-91.19319
63384,39.08678,-91.56349
63385,38.79732,-90.85649
63386,38.87104,-90.22009
63387,39.18415,-91.01677
63388,38.88816,-91.74995
63389,38.99969,-90.76875
63390,38.80499,-91.0413
63401,39.69046,-91.45986
63430,40.38972,-91.53958
63431,39.74887,-92.32893
63432,40.50058,-91.99551
63433,39.51838,-91.11816
63434,39.90591,-91.9507
63435,40.20299,-91.58267
63436,39.50093,-91.54524
63437,39.72576,-92.23679
63438,39.96084,-91.68828
63439,39.80382,-91.85963
63440,39.97551,-91.75376
63441,39.4766,-91.31575
63443,39.66222,-91.86697
63445,40.39681,-91.72044
63446,40.13972,-92.0055
63447,40.09251,-91.90494
63448,40.02168,-91.55416
63450,39.66808,-92.14857
63451,39.91135,-92.19728
63452,40.09316,-91.78551
63453,40.49511,-91.86495
63454,39.92389,-91.64897
63456,39.65364,-91.72693
63457,40.17272,-91.70115
63458,39.98751,-92.01745
63459,39.58392,-91.3795
63460,40.00237,-92.21002
63461,39.79757,-91.55577
63462,39.42279,-91.69977
63463,39.84533,-91.75976
63465,40.52307,-91.6898
63466,40.26627,-91.61751
63467,39.64849,-91.26655
63468,39.67857,-92.01267
63469,39.8323,-92.04401
63471,39.92511,-91.50652
63472,40.4053,-91.57734
63473,40.25263,-91.77803
63474,40.3473,-91.89674
63501,40.16745,-92.59078
63530,39.90732,-92.45037
63531,40.30002,-92.25248
63532,39.7677,-92.57434
63533,40.20471,-92.39608
63534,39.74061,-92.64838
63535,40.57244,-92.67946
63536,40.48423,-92.3574
63537,40.14776,-92.16172
63538,39.9526,-92.67327
63539,39.9279,-92.76781
63540,40.09782,-92.40792
63541,40.50355,-92.63331
63543,40.35765,-92.00976
63544,40.24603,-92.84943
63545,40.26721,-92.9677
63546,40.33129,-92.50882
63547,40.13492,-92.30651
63548,40.53405,-92.4953
63549,40.0167,-92.49172
63551,40.49921,-92.74252
63552,39.75349,-92.45075
63555,40.48458,-92.18698
63556,40.18251,-93.11723
63557,39.98297,-92.88045
63558,39.74168,-92.75244
63559,40.22674,-92.74528
63560,40.3574,-93.12291
63561,40.41408,-92.54317
63563,40.30387,-92.07439
63565,40.48263,-92.95447
63566,40.03139,-92.94793
63567,40.41332,-92.70461
63601,37.8212,-90.5439
63620,37.40101,-90.6521
63621,37.48225,-90.57916
63622,37.78901,-90.90584
63623,37.67532,-90.8941
63624,37.7531,-90.63923
63625,37.56374,-90.98734
63626,38.07721,-90.71471
63627,38.03625,-90.25317
63628,37.9392,-90.52466
63629,37.39847,-91.23861
63630,38.01874,-90.72727
63631,37.74912,-90.78873
63633,37.41993,-91.01082
63636,37.29542,-90.57549
63637,37.70511,-90.51875
63638,37.21727,-91.01135
63640,37.75446,-90.36525
63645,37.54204,-90.32428
63648,37.8187,-90.69878
63650,37.6103,-90.62994
63653,37.86139,-90.58789
63654,37.45941,-90.85156
63655,37.39312,-90.20552
63656,37.59664,-90.79483
63660,37.91241,-90.70241
63662,37.53782,-90.05321
63663,37.62446,-90.64638
63664,37.92161,-90.91661
63665,37.29055,-90.84087
63670,37.89667,-90.16245
63673,37.83641,-89.98861
63674,38.03126,-90.65933
63675,37.30112,-90.697
63701,37.33522,-89.58043
63703,37.27373,-89.53981
63730,37.09496,-89.91841
63732,37.59428,-89.59123
63735,36.98015,-89.78139
63736,37.08033,-89.52072
63738,37.08936,-89.95729
63739,37.35686,-89.80216
63740,37.17564,-89.68557
63742,37.1583,-89.44672
63743,37.51886,-89.83261
63744,37.19331,-89.71831
63745,37.25596,-89.65946
63746,37.70783,-89.69484
63747,37.55993,-89.81121
63748,37.66912,-89.61282
63750,37.1508,-90.16917
63751,37.2742,-90.12404
63755,37.44351,-89.64193
63758,37.19212,-89.55064
63760,37.25084,-89.90374
63763,37.05885,-90.18058
63764,37.32944,-89.9837
63766,37.43558,-89.84424
63767,37.04356,-89.61038
63769,37.52312,-89.74203
63770,37.59456,-89.70049
63771,37.07431,-89.71299
63774,37.09424,-89.77469
63775,37.71051,-89.87919
63780,37.17797,-89.50138
63781,37.5329,-89.93078
63782,37.11369,-90.02788
63783,37.60958,-89.6823
63784,36.99497,-89.69601
63785,37.26336,-89.81554
63787,37.12284,-90.12263
63801,36.89698,-89.60672
63820,36.82427,-89.32564
63821,36.04878,-90.23963
63822,36.65904,-90.00103
63823,36.89628,-89.45367
63824,37.00513,-89.52638
63825,36.93033,-89.94432
63826,36.18361,-89.84486
63827,36.26133,-89.89226
63828,36.75038,-89.69182
63829,36.03652,-90.31173
63830,36.14065,-89.6871
63833,36.64779,-89.73023
63834,36.91989,-89.27885
63837,36.44907,-89.98023
63839,36.04748,-89.8097
63840,36.19113,-89.88426
63841,36.77198,-89.98169
63845,36.70944,-89.31505
63846,36.82229,-89.80199
63847,36.44271,-90.03474
63848,36.44053,-89.88219
63849,36.13287,-89.99109
63850,36.82227,-89.78214
63851,36.25762,-89.72352
63852,36.36748,-90.01435
63853,36.05834,-89.86738
63855,36.05332,-90.07123
63857,36.22402,-90.04612
63860,36.67462,-89.59449
63862,36.58974,-89.67345
63863,36.56282,-89.97671
63866,36.52606,-89.60654
63867,36.74475,-89.5465
63868,36.84579,-89.68971
63869,36.60768,-89.48111
63870,36.61942,-89.84471
63873,36.42791,-89.65965
63874,36.55566,-89.81645
63876,36.13206,-90.16487
63877,36.07377,-89.85118
63878,36.50302,-89.82234
63879,36.35752,-89.80945
63880,36.32986,-90.02585
63882,36.91639,-89.21974
63901,36.77168,-90.45012
63932,36.6879,-90.24533
63933,36.52102,-90.10876
63934,37.20014,-90.37254
63935,36.67053,-90.92055
63936,36.80731,-90.12979
63937,36.94403,-90.74907
63939,36.68456,-90.68253
63940,36.77218,-90.22892
63941,36.8711,-91.16607
63942,36.55434,-91.07821
63943,36.84046,-90.79995
63944,37.10876,-90.36286
63945,36.6381,-90.5524
63950,37.26924,-90.43474
63951,37.10875,-90.26055
63952,37.00828,-90.64916
63953,36.59134,-90.62995
63954,36.56365,-90.47337
63955,36.60211,-90.67864
63956,37.21741,-90.51665
63957,37.14218,-90.68903
63960,36.96074,-90.12434
63961,36.56848,-90.2749
63962,36.84406,-90.28149
63964,37.23954,-90.39662
63965,36.97391,-91.02294
63966,36.96956,-90.26216
63967,36.94867,-90.47721
64001,39.10464,-93.53683
64011,38.95963,-94.06688
64012,38.78906,-94.55204
64014,39.00893,-94.25533
64015,39.02099,-94.3006
64016,39.11642,-94.21385
64017,39.199,-94.02951
64018,39.45052,-94.73329
64019,38.77543,-93.86665
64020,38.96795,-93.59098
64021,39.11498,-93.624
64022,39.20191,-93.67836
64024,39.32523,-94.22707
64028,39.29658,-94.82153
64029,39.00634,-94.21473
64030,38.87996,-94.52312
64034,38.85052,-94.30203
64035,39.28796,-93.81972
64036,39.20047,-93.937
64037,39.05116,-93.73386
64040,38.71928,-93.98725
64048,39.44439,-94.3634
64050,39.11424,-94.40641
64052,39.07355,-94.45082
64053,39.10791,-94.46735
64054,39.11627,-94.44003
64055,39.05061,-94.39848
64056,39.11114,-94.32008
64057,39.0692,-94.32203
64058,39.17805,-94.31408
64060,39.37134,-94.36821
64061,38.77981,-94.0885
64062,39.45533,-94.17244
64063,38.91224,-94.35341
64064,38.98222,-94.34284
64065,38.95146,-94.40467
64066,39.13961,-94.13857
64067,39.15594,-93.83747
64068,39.25924,-94.39042
64070,38.8897,-94.14863
64071,39.02961,-93.83379
64072,39.23286,-94.30021
64074,39.08106,-94.07658
64075,38.99751,-94.14544
64076,38.98145,-93.94536
64077,39.2224,-94.13887
64078,38.70711,-94.46375
64079,39.36267,-94.79351
64080,38.7691,-94.25639
64081,38.90971,-94.40953
64082,38.86601,-94.4039
64083,38.80082,-94.4483
64084,39.38697,-94.0653
64085,39.33838,-93.95158
64086,38.91181,-94.29293
64088,39.16173,-94.1848
64089,39.39007,-94.56483
64090,38.75991,-94.16387
64092,39.22248,-94.8088
64093,38.79057,-93.73206
64096,39.20176,-93.55611
64097,39.11237,-93.99146
64098,39.45661,-94.89456
64101,39.10355,-94.60051
64102,39.09433,-94.60329
64105,39.10599,-94.58985
64106,39.10526,-94.57013
64108,39.08413,-94.58449
64109,39.06646,-94.56709
64110,39.03445,-94.57265
64111,39.05707,-94.59393
64112,39.03599,-94.59529
64113,39.01414,-94.5956
64114,38.9581,-94.59715
64116,39.14875,-94.57444
64117,39.16522,-94.52251
64118,39.21301,-94.57497
64119,39.21137,-94.5186
64120,39.13142,-94.51489
64123,39.11436,-94.52167
64124,39.10718,-94.5391
64125,39.1065,-94.49388
64126,39.09095,-94.49581
64127,39.08912,-94.53837
64128,39.06555,-94.53484
64129,39.04935,-94.49682
64130,39.03345,-94.54119
64131,38.95723,-94.57449
64132,38.98551,-94.5396
64133,39.01406,-94.45689
64134,38.9308,-94.48667
64136,39.01361,-94.40181
64137,38.93196,-94.54287
64138,38.96852,-94.47088
64139,38.96832,-94.40677
64145,38.88046,-94.59652
64146,38.87888,-94.57436
64147,38.85387,-94.54688
64149,38.86524,-94.46666
64150,39.17052,-94.6303
64151,39.21494,-94.63115
64152,39.21278,-94.72271
64153,39.27999,-94.73148
64154,39.27653,-94.62967
64155,39.28031,-94.56801
64156,39.2762,-94.5195
64157,39.27657,-94.47103
64158,39.23493,-94.47839
64161,39.16184,-94.44943
64163,39.33674,-94.68922
64164,39.32988,-94.63113
64165,39.32081,-94.57749
64166,39.32215,-94.52301
64167,39.31939,-94.48187
64401,39.63452,-94.71522
64402,40.25201,-94.32276
64420,40.48645,-94.2892
64421,39.9082,-94.92779
64422,39.90022,-94.4941
64423,40.18695,-94.8552
64424,40.26453,-94.03242
64426,40.51747,-93.86158
64427,40.10828,-94.84136
64428,40.4418,-95.08836
64429,39.73895,-94.2285
64430,39.83771,-94.56924
64431,40.53046,-94.99357
64432,40.26399,-94.66119
64433,40.24107,-94.68053
64434,40.2584,-94.73615
64436,39.85362,-94.69034
64437,40.14292,-95.35546
64438,40.16106,-94.41091
64439,39.52371,-94.74986
64440,39.57849,-94.91841
64441,40.39883,-94.2642
64442,40.49935,-94.00645
64443,39.74724,-94.65205
64444,39.48334,-94.63856
64445,40.53533,-95.13881
64446,40.32176,-95.40297
64448,39.60258,-94.81856
64449,40.04135,-94.97754
64451,39.99067,-95.20664
64453,40.34471,-94.46947
64454,39.60771,-94.59423
64455,40.18592,-95.00594
64456,40.49433,-94.38733
64457,40.15886,-94.68368
64458,40.52246,-94.14491
64459,39.93129,-94.65017
64461,40.52459,-94.81063
64463,40.06526,-94.4869
64465,39.54853,-94.29525
64466,40.16865,-95.1067
64467,40.39772,-94.16236
64468,40.34241,-94.8811
64469,39.93085,-94.35762
64470,40.17036,-95.22138
64471,40.26548,-94.1936
64473,39.97606,-95.08446
64474,39.75829,-94.38103
64475,40.43561,-94.63049
64476,40.45115,-94.83034
64477,39.57872,-94.45289
64479,40.34853,-94.66636
64480,40.06102,-94.70826
64481,40.35622,-93.8957
64482,40.45345,-95.54329
64483,40.04335,-94.83471
64484,39.55638,-95.01974
64485,39.95325,-94.8184
64486,40.52951,-94.61471
64487,40.31218,-95.10293
64489,40.23543,-94.54969
64490,39.73837,-94.50984
64491,40.44868,-95.34499
64492,39.48067,-94.53363
64493,39.63058,-94.30454
64494,39.99234,-94.61465
64496,40.49563,-95.62372
64497,39.92929,-94.22275
64498,40.54023,-95.31255
64499,40.39707,-94.41521
64501,39.76584,-94.84448
64503,39.74973,-94.84545
64504,39.68605,-94.91264
64505,39.84431,-94.83354
64506,39.79048,-94.80277
64507,39.73324,-94.75735
64601,39.8044,-93.57334
64620,39.89617,-94.09094
64622,39.49535,-93.54569
64623,39.47,-93.33344
64624,39.57189,-93.7848
64625,39.74378,-93.80527
64628,39.79711,-93.05002
64630,40.03726,-93.15435
64631,39.82018,-92.88213
64632,40.46915,-93.76862
64633,39.35951,-93.48171
64635,39.93943,-93.43632
64636,40.11989,-93.98769
64637,39.57439,-93.91573
64638,39.61894,-93.61498
64639,39.3962,-93.22276
64640,39.90172,-93.94542
64641,40.16221,-93.3992
64642,40.16979,-93.83574
64643,39.61366,-93.36883
64644,39.7418,-93.97384
64645,40.29834,-93.32575
64646,40.10456,-93.30819
64647,40.03016,-93.96862
64648,39.98517,-93.79922
64649,39.77428,-94.09183
64650,39.63716,-94.0548
64651,39.7759,-93.1797
64652,40.01979,-93.42103
64653,39.89403,-93.20403
64654,39.84864,-93.77552
64655,40.44017,-93.23684
64656,39.67803,-93.69375
64657,40.13269,-94.21292
64658,39.66124,-92.92181
64659,39.78138,-93.29224
64660,39.57226,-93.08923
64661,40.53031,-93.51901
64664,39.74601,-93.66027
64667,40.39434,-93.33618
64668,39.35226,-93.70704
64670,40.04986,-94.13833
64671,39.53655,-94.0518
64672,40.53869,-93.26015
64673,40.38001,-93.59094
64674,39.96491,-93.15884
64676,39.6471,-93.03729
64679,40.23246,-93.58181
64681,39.64706,-93.21375
64682,39.55251,-93.49132
64683,40.07395,-93.60346
64686,39.75005,-93.62449
64688,39.8139,-93.37664
64689,39.87461,-94.152
64701,38.62053,-94.3378
64720,38.40533,-94.33742
64722,38.27388,-94.55188
64723,38.3615,-94.55298
64724,38.15188,-94.01025
64725,38.49482,-94.36609
64726,38.52921,-93.92492
64728,37.70217,-94.5174
64730,38.25789,-94.29236
64733,38.58016,-93.8283
64734,38.64888,-94.57405
64735,38.36612,-93.73644
64738,37.90098,-93.65987
64739,38.51139,-94.09389
64740,38.22349,-93.71204
64741,37.81671,-94.5629
64742,38.50034,-94.54329
64743,38.66596,-94.21827
64744,37.84963,-93.97755
64745,38.15662,-94.50384
64746,38.61054,-94.49304
64747,38.57353,-94.17399
64748,37.36497,-94.10017
64750,37.93033,-94.11427
64752,38.0689,-94.56862
64755,37.33685,-94.31112
64756,37.61931,-94.01462
64759,37.52655,-94.26775
64761,38.59463,-93.68657
64762,37.54628,-94.50176
64763,38.14354,-93.71573
64765,37.9965,-94.44297
64767,37.7499,-94.1997
64769,37.48028,-94.56688
64770,38.27528,-93.98662
64771,37.77091,-94.45967
64772,37.82712,-94.33355
64776,38.04242,-93.67469
64778,37.92283,-94.4841
64779,38.09214,-94.40152
64780,38.06246,-94.04276
64781,37.97837,-93.81242
64783,37.99972,-94.10688
64784,37.66624,-94.23131
64788,38.42868,-94.02045
64790,37.92924,-94.22969
64801,37.11056,-94.4974
64804,37.01955,-94.51137
64830,37.2308,-94.41053
64831,36.65598,-94.4541
64832,37.33951,-94.57264
64833,37.1938,-94.12982
64834,37.18714,-94.56865
64835,37.14749,-94.43824
64836,37.18886,-94.28898
64840,37.01826,-94.33536
64841,37.07873,-94.41101
64842,36.7914,-94.10427
64843,36.73345,-94.45319
64844,36.91388,-94.24038
64847,36.59217,-94.43863
64848,37.18061,-93.99523
64849,37.2544,-94.44529
64850,36.86008,-94.3975
64854,36.54369,-94.44144
64855,37.29548,-94.48637
64856,36.5652,-94.26346
64857,37.24587,-94.43861
64858,36.89981,-94.52888
64859,37.15822,-94.14703
64861,36.6953,-94.14864
64862,37.10128,-94.11469
64863,36.55511,-94.58444
64865,36.84253,-94.57797
64866,36.8677,-94.14317
64867,36.73023,-94.23316
64868,36.68742,-94.61285
64870,37.18474,-94.48136
64873,37.01565,-94.05358
64874,36.75617,-94.05444
65001,38.27141,-92.00077
65010,38.78757,-92.24301
65011,38.39493,-92.70815
65013,38.26868,-91.75493
65014,38.32184,-91.6247
65016,38.56167,-91.91896
65017,38.09185,-92.49548
65018,38.62038,-92.56314
65020,38.00517,-92.78193
65023,38.65274,-92.39915
65024,38.62444,-91.75712
65025,38.66618,-92.68119
65026,38.32105,-92.57099
65032,38.34024,-92.37942
65034,38.55637,-92.82183
65035,38.36338,-91.93585
65037,38.23845,-92.85749
65039,38.71388,-92.2984
65040,38.36367,-92.31252
65041,38.64088,-91.47712
65043,38.62563,-92.10774
65046,38.77658,-92.47889
65047,38.15483,-92.57774
65048,38.35745,-92.0365
65049,38.20127,-92.67067
65050,38.5305,-92.68867
65051,38.46519,-91.79758
65052,38.05068,-92.65568
65053,38.54132,-92.36966
65054,38.49103,-91.95003
65058,38.25777,-92.12946
65059,38.70365,-91.88447
65061,38.59773,-91.638
65062,38.49486,-91.65059
65063,38.72635,-92.08743
65064,38.40634,-92.47664
65065,38.13462,-92.66593
65066,38.3454,-91.48898
65067,38.75365,-91.72369
65068,38.82757,-92.59909
65069,38.75573,-91.5966
65072,38.26635,-92.72178
65074,38.47967,-92.47306
65075,38.24849,-92.26388
65076,38.37064,-92.20376
65077,38.7691,-91.80305
65078,38.38473,-93.01085
65079,38.15283,-92.75225
65080,38.63231,-91.97713
65081,38.64086,-92.78424
65082,38.22243,-92.42632
65083,38.14318,-92.44089
65084,38.43574,-92.85119
65085,38.40304,-92.07272
65101,38.49143,-92.15009
65109,38.57365,-92.27791
65201,38.89595,-92.24365
65202,39.01721,-92.29822
65203,38.89497,-92.39928
65215,38.95171,-92.32043
65216,38.95818,-92.32629
65230,39.28715,-92.69218
65231,39.01773,-91.90803
65232,39.15901,-91.75516
65233,38.91528,-92.72035
65236,39.44596,-93.08305
65237,38.78078,-92.78438
65239,39.53312,-92.42334
65240,39.22085,-92.13026
65243,39.27654,-92.35207
65244,39.4807,-92.65982
65246,39.37725,-93.00059
65247,39.63502,-92.47296
65248,39.13952,-92.65894
65250,39.03524,-92.83991
65251,38.84902,-91.97911
65254,39.21228,-92.85351
65255,39.09632,-92.23463
65256,39.12713,-92.45568
65257,39.28404,-92.53112
65258,39.52339,-92.13706
65259,39.47122,-92.56536
65260,39.58806,-92.40227
65261,39.47542,-92.92388
65262,38.9548,-91.95285
65263,39.45244,-92.22062
65264,39.08852,-91.69544
65265,39.20531,-91.88728
65270,39.41552,-92.39917
65274,39.01342,-92.68321
65275,39.45935,-91.99414
65276,38.84581,-92.95498
65278,39.34217,-92.41251
65279,39.01284,-92.52062
65280,39.23487,-91.75048
65281,39.46431,-92.79099
65282,39.38975,-91.83302
65283,39.50811,-91.83449
65284,39.19658,-92.30361
65285,39.2067,-92.02056
65286,39.50616,-93.22059
65287,38.88443,-92.51953
65301,38.69922,-93.22104
65305,38.72944,-93.55446
65320,39.06606,-92.94415
65321,39.08604,-93.4526
65322,38.9729,-92.95535
65323,38.45289,-93.6212
65324,38.11104,-92.99997
65325,38.43239,-93.18535
65326,38.16271,-93.1458
65327,38.97525,-93.48909
65329,38.60937,-92.96132
65330,39.22096,-92.94945
65332,38.61973,-93.41324
65333,38.90687,-93.30724
65334,38.8348,-93.24558
65335,38.51338,-93.32667
65336,38.78169,-93.56241
65337,38.79202,-93.42573
65338,38.36227,-93.29523
65339,39.19407,-93.37671
65340,39.09149,-93.18041
65344,39.31174,-93.1976
65345,38.54111,-93.1254
65347,38.98453,-93.0495
65348,38.70963,-92.98344
65349,39.22863,-93.05581
65350,38.65557,-93.10038
65351,38.98445,-93.38628
65354,38.64841,-92.88786
65355,38.22137,-93.37144
65360,38.51989,-93.51334
65401,37.90691,-91.76374
65409,37.95103,-91.77948
65436,37.62239,-91.9726
65438,36.9375,-91.50739
65439,37.65718,-91.09535
65440,37.60388,-91.18539
65441,38.09394,-91.15842
65443,38.13089,-92.0918
65444,37.37772,-92.06308
65446,37.80902,-91.26999
65449,37.84745,-91.48722
65452,37.96271,-92.26702
65453,38.10706,-91.42509
65456,37.78048,-91.20267
65457,37.82647,-92.05047
65459,38.02919,-92.08337
65461,37.68406,-92.02379
65462,37.68654,-91.86417
65463,37.84536,-92.7811
65464,37.18353,-91.89236
65466,37.2113,-91.38645
65468,37.25434,-91.79824
65470,37.54872,-92.40287
65473,37.71215,-92.14811
65479,37.3368,-91.63382
65483,37.30463,-91.94911
65484,37.36348,-92.22052
65486,38.10007,-92.3107
65501,37.47319,-91.5549
65529,37.92912,-91.98926
65534,37.70236,-92.27656
65535,38.07194,-91.2752
65536,37.68942,-92.64974
65541,37.64401,-91.75624
65542,37.50497,-91.88432
65543,37.47172,-92.3045
65548,37.00545,-91.71131
65550,37.84425,-91.9433
65552,37.53842,-92.16701
65555,37.35906,-91.77723
65556,37.83582,-92.40541
65557,37.51778,-92.14024
65559,38.0181,-91.60664
65560,37.59609,-91.49943
65564,37.23476,-91.95781
65565,37.90573,-91.23841
65566,37.76618,-91.14689
65567,37.85594,-92.53699
65570,37.45702,-92.10115
65571,37.18501,-91.64546
65580,38.11656,-91.78617
65582,38.19177,-91.92463
65583,37.82171,-92.2541
65584,37.82901,-92.13086
65586,37.86483,-91.43294
65588,36.96196,-91.29987
65589,37.23729,-91.82747
65590,37.61687,-92.95008
65591,37.97941,-92.59076
65601,37.53155,-93.5869
65603,37.54574,-93.86072
65604,37.27348,-93.60367
65605,36.88408,-93.69132
65606,36.69634,-91.3586
65608,36.90456,-92.66662
65609,36.52593,-92.1609
65610,37.03897,-93.52986
65611,36.54339,-93.36127
65612,37.21897,-93.54694
65613,37.63557,-93.39205
65614,36.73739,-92.88684
65616,36.67133,-93.24887
65617,37.4376,-93.34063
65618,36.75157,-92.38641
65619,37.12312,-93.38864
65620,37.02045,-92.95594
65622,37.6337,-93.10775
65623,36.7489,-93.90659
65624,36.73276,-93.56241
65625,36.67635,-93.8174
65626,36.59088,-92.11697
65627,36.56247,-93.00613
65629,36.89371,-93.00294
65630,36.83463,-93.2204
65631,37.00594,-93.4232
65632,37.49961,-92.81612
65633,36.89841,-93.5346
65634,38.02355,-93.18827
65635,37.53487,-93.71812
65637,36.76964,-92.20371
65638,36.84319,-92.32418
65640,37.69956,-93.57165
65641,36.5481,-93.76198
65644,37.50999,-93.03625
65646,37.33511,-93.7039
65647,36.68968,-94.00624
65648,37.40297,-93.15402
65649,37.621,-93.61839
65650,37.81388,-93.44749
65652,37.14264,-92.94642
65653,36.78118,-93.11631
65654,37.02164,-93.8975
65655,36.60262,-92.42379
65656,36.79552,-93.46626
65657,36.83934,-93.01952
65658,36.5426,-93.63984
65660,37.32624,-92.26998
65661,37.46095,-93.82722
65662,37.43421,-92.5698
65663,37.62732,-93.24486
65664,37.19728,-93.61732
65666,36.57829,-92.36065
65667,37.30574,-92.51435
65668,37.9364,-93.29177
65669,36.91339,-93.30137
65672,36.56446,-93.21351
65674,37.78872,-93.61018
65675,36.93101,-93.49245
65676,36.58187,-92.60531
65679,36.57738,-93.10407
65680,36.64518,-92.98551
65681,36.55211,-93.46658
65682,37.41722,-93.97293
65685,37.75642,-93.1511
65686,36.62275,-93.43625
65688,36.64928,-91.69328
65689,37.13665,-92.09794
65690,36.5856,-91.26657
65692,36.61801,-91.65592
65702,37.05726,-92.488
65704,37.12657,-92.58323
65705,37.02607,-93.60835
65706,37.3224,-92.89421
65707,37.22862,-93.84574
65708,36.91048,-93.90899
65710,37.48707,-93.42099
65711,37.17355,-92.27747
65712,37.10964,-93.80645
65713,37.40403,-92.73971
65714,37.03801,-93.31976
65715,36.73192,-92.57631
65717,37.06017,-92.41472
65720,36.95513,-92.95998
65721,36.9805,-93.21045
65722,37.58694,-92.79967
65723,36.95635,-94.04648
65724,37.83924,-93.31488
65725,37.42986,-93.27424
65726,36.61947,-93.2427
65727,37.76266,-93.28889
65728,36.87712,-93.33533
65729,36.53842,-92.55661
65730,36.61549,-94.17001
65731,36.65458,-93.12222
65732,37.93938,-93.16763
65733,36.53157,-92.85077
65734,36.79841,-93.95233
65735,38.03728,-93.48391
65737,36.7146,-93.35796
65738,37.13503,-93.49424
65739,36.51925,-93.26864
65740,36.71288,-93.16169
65741,36.79545,-92.40127
65742,37.12543,-93.08001
65744,36.62449,-92.89337
65745,36.52928,-93.97917
65746,37.14278,-92.78144
65747,36.60248,-93.57971
65752,37.32742,-93.83842
65753,36.9955,-93.05386
65754,36.85032,-93.29595
65755,36.7996,-92.62858
65756,37.0981,-93.96315
65757,37.2838,-93.09861
65759,36.75762,-93.03167
65760,36.62236,-92.27943
65761,36.56974,-92.72561
65762,36.68613,-92.65634
65764,37.82189,-92.95682
65766,36.53933,-92.25948
65767,37.84495,-93.1529
65768,36.92072,-92.26456
65769,36.91676,-93.79511
65770,37.42165,-93.5456
65771,36.77484,-93.2042
65772,36.59624,-94.03479
65773,36.75551,-92.51332
65774,37.92806,-93.49529
65775,36.6995,-91.85999
65777,36.51768,-91.98356
65778,36.52846,-91.2719
65779,37.9789,-93.38561
65781,37.35035,-93.41778
65783,37.7153,-92.91623
65784,36.72588,-92.31538
65785,37.70296,-93.82338
65786,37.96715,-92.96516
65787,38.07306,-92.89213
65788,36.81442,-91.69626
65789,36.85719,-91.88968
65790,36.69784,-92.11326
65791,36.56651,-91.49583
65793,36.98975,-91.9787
65801,37.21421,-93.29521
65802,37.21048,-93.35167
65803,37.28464,-93.29036
65804,37.14822,-93.25294
65806,37.20567,-93.29847
65807,37.166,-93.32483
65809,37.17071,-93.1936
65810,37.1174,-93.31707
65897,37.19985,-93.28055
66002,39.5488,-95.13881
66006,38.79433,-95.23936
66007,39.1405,-94.94548
66008,39.71283,-95.17564
66010,38.09231,-94.98853
66012,39.06091,-94.91658
66013,38.73428,-94.68948
66014,38.22305,-94.98371
66015,38.06786,-95.40395
66016,39.47038,-95.23158
66017,39.70599,-95.27591
66018,38.96524,-94.97232
66020,39.34142,-95.10779
66021,38.75939,-95.00692
66023,39.51375,-95.40005
66024,39.76211,-94.87719
66025,38.89824,-95.07863
66026,38.39047,-94.86056
66027,39.36454,-94.91708
66030,38.81519,-94.94114
66031,38.82975,-94.89142
66032,38.2806,-95.27237
66033,38.35855,-95.12842
66035,39.87693,-95.26054
66039,38.0987,-95.17011
66040,38.35396,-94.73949
66041,39.59618,-95.30623
66042,38.43368,-95.08032
66043,39.24967,-94.90193
66044,39.03187,-95.20991
66045,38.95408,-95.26078
66046,38.909,-95.21061
66047,38.88484,-95.35096
66048,39.27891,-94.98527
66049,38.97773,-95.34729
66050,39.01961,-95.43697
66052,39.00998,-95.04678
66053,38.57753,-94.67029
66054,39.2055,-95.19518
66056,38.1509,-94.84705
66058,39.54018,-95.51894
66060,39.41866,-95.3325
66061,38.89633,-94.88029
66062,38.83677,-94.78455
66064,38.47829,-94.98688
66066,39.20359,-95.33142
66067,38.61877,-95.27566
66070,39.21135,-95.45132
66071,38.57367,-94.86575
66072,38.31772,-94.9741
66073,39.09208,-95.38144
66075,38.20362,-94.69272
66076,38.62811,-95.43917
66078,38.48321,-95.2621
66079,38.53828,-95.11371
66080,38.4053,-95.25646
66083,38.73518,-94.83397
66085,38.80069,-94.64729
66086,39.11578,-95.08043
66087,39.80641,-95.1378
66088,39.3416,-95.4563
66090,39.78391,-94.97041
66091,38.16952,-95.32701
66092,38.69305,-95.10548
66093,38.21003,-95.49771
66094,39.95912,-95.34298
66095,38.44631,-95.43015
66097,39.32966,-95.23992
66101,39.11871,-94.62592
66102,39.11246,-94.68842
66103,39.06045,-94.62707
66104,39.15043,-94.68861
66105,39.08593,-94.63646
66106,39.06631,-94.70384
66109,39.16367,-94.8283
66111,39.08529,-94.79621
66112,39.11494,-94.7701
66115,39.14402,-94.61104
66118,39.09946,-94.61348
66160,39.05576,-94.60963
66202,39.02392,-94.66909
66203,39.0216,-94.70558
66204,38.99282,-94.67741
66205,39.03122,-94.6307
66206,38.95851,-94.61923
66207,38.95625,-94.64439
66208,38.99936,-94.62998
66209,38.89874,-94.63778
66210,38.92372,-94.70483
66211,38.92422,-94.6363
66212,38.9563,-94.68154
66213,38.89885,-94.70517
66214,38.96356,-94.71397
66215,38.95649,-94.74304
66216,39.01405,-94.74136
66217,39.01148,-94.77741
66218,39.01239,-94.81647
66219,38.95124,-94.77807
66220,38.96187,-94.8218
66221,38.84786,-94.71437
66223,38.86176,-94.66831
66224,38.86213,-94.62866
66226,39.03039,-94.8603
66227,38.97248,-94.87446
66251,38.91712,-94.65891
66401,38.96894,-96.30539
66402,38.91782,-95.84926
66403,39.89424,-96.27166
66404,39.86786,-96.17804
66406,39.8927,-96.42014
66407,39.22517,-96.19218
66408,39.95306,-95.97607
66409,38.92508,-95.55589
66411,39.64083,-96.63948
66412,39.90837,-96.77794
66413,38.77375,-95.88305
66414,38.82631,-95.68563
66415,39.69193,-96.14381
66416,39.52944,-95.86353
66417,39.65524,-96.03824
66418,39.28861,-95.93528
66419,39.35643,-95.59908
66422,39.33317,-96.08496
66423,38.8492,-96.12934
66424,39.67789,-95.40072
66425,39.81099,-95.72225
66427,39.66261,-96.449
66428,39.67687,-95.92504
66429,39.0989,-95.53725
66431,38.80851,-96.00241
66432,39.48768,-96.07348
66434,39.86731,-95.54679
66436,39.4655,-95.70278
66438,39.83335,-96.50165
66439,39.65518,-95.54327
66440,39.26326,-95.68168
66441,38.98199,-96.80289
66442,39.09302,-96.78963
66449,39.38833,-96.86007
66451,38.60841,-95.67236
66501,39.05279,-96.23688
66502,39.14146,-96.52906
66503,39.26287,-96.68663
66506,39.19596,-96.58148
66507,39.04712,-96.03942
66508,39.85803,-96.64287
66509,39.33239,-95.78097
66510,38.49297,-95.6104
66512,39.20255,-95.54701
66514,39.12635,-96.87826
66515,39.94181,-95.70681
66516,39.62193,-95.7195
66517,39.11253,-96.70465
66518,39.97008,-96.55533
66520,39.40963,-96.61617
66521,39.47668,-96.22128
66522,39.86609,-95.93826
66523,38.60993,-95.83791
66524,38.78948,-95.50695
66526,39.06349,-96.15567
66527,39.74499,-95.67744
66528,38.59711,-95.5344
66531,39.31146,-96.83416
66532,39.82656,-95.37597
66533,39.16097,-95.95045
66534,39.87782,-95.83635
66535,39.26169,-96.43896
66536,39.2247,-96.07396
66537,38.75118,-95.72255
66538,39.84942,-96.04591
66539,39.14937,-95.84707
66540,39.48484,-95.97332
66541,39.97891,-96.34781
66542,39.01273,-95.54442
66543,38.64175,-95.60029
66544,39.68807,-96.27783
66546,38.8941,-95.72589
66547,39.23469,-96.30384
66548,39.67551,-96.76146
66549,39.42978,-96.43045
66550,39.65537,-95.82113
66552,39.58736,-95.621
66554,39.48899,-96.78445
66603,39.05742,-95.67539
66604,39.03875,-95.72623
66605,39.01167,-95.63283
66606,39.06191,-95.72296
66607,39.0422,-95.63502
66608,39.07984,-95.66708
66609,38.98193,-95.66974
66610,38.97277,-95.84718
66611,39.01526,-95.69601
66612,39.04026,-95.68037
66614,39.01362,-95.84115
66615,39.05214,-95.89491
66616,39.06845,-95.62388
66617,39.13876,-95.625
66618,39.14188,-95.74997
66619,38.94661,-95.68993
66621,39.03313,-95.70237
66622,39.02631,-95.72231
66701,37.82862,-94.75999
66710,37.55301,-95.63104
66711,37.63974,-94.691
66712,37.5636,-94.71657
66713,37.03323,-94.78637
66714,37.63369,-95.70484
66716,37.93923,-95.04001
66717,37.69671,-95.68672
66720,37.64631,-95.459
66724,37.34891,-94.86333
66725,37.15906,-94.88892
66732,37.80097,-95.1947
66733,37.59014,-95.25282
66734,37.61534,-94.82172
66735,37.52091,-94.71313
66736,37.55335,-95.86381
66738,38.01473,-94.7162
66739,37.12084,-94.66595
66740,37.4621,-95.36641
66741,37.71745,-94.66467
66742,37.92023,-95.34755
66743,37.50551,-94.88786
66746,37.6708,-94.95317
66748,37.79882,-95.43577
66749,37.93597,-95.41069
66751,37.93421,-95.28466
66753,37.36529,-95.01444
66754,38.00377,-94.88848
66755,37.91211,-95.16727
66756,37.53928,-94.64869
66757,37.41602,-95.69874
66758,38.01862,-95.59602
66760,37.34487,-94.6245
66761,37.91469,-95.56694
66762,37.39443,-94.71092
66763,37.46063,-94.6965
66767,38.07741,-94.71159
66769,37.85317,-94.89379
66770,37.08014,-94.71601
66771,37.49211,-95.14883
66772,37.74559,-95.18813
66773,37.26599,-94.81262
66775,37.69957,-95.14855
66776,37.46848,-95.48893
66777,37.79087,-95.9684
66778,37.00048,-94.839
66779,37.83751,-94.97867
66780,37.60895,-95.05881
66781,37.29114,-94.72806
66782,37.28493,-94.92609
66783,37.87682,-95.73322
66801,38.41105,-96.2221
66830,38.59733,-96.08755
66833,38.67694,-96.18374
66834,38.86528,-96.44822
66835,38.53458,-96.26266
66838,38.56207,-96.79665
66839,38.21655,-95.75371
66840,38.07283,-96.8719
66842,38.0236,-96.65836
66843,38.22846,-96.74329
66845,38.29546,-96.50762
66846,38.64383,-96.47187
66849,38.87427,-96.59789
66850,38.40648,-96.71764
66851,38.22463,-96.92084
66852,38.0716,-95.89874
66853,38.00653,-96.24232
66854,38.25872,-95.98735
66856,38.39853,-95.81838
66857,38.10202,-95.63526
66858,38.47462,-96.9207
66859,38.55653,-96.96315
66860,38.12775,-96.1652
66861,38.36415,-97.00617
66862,38.15532,-96.55403
66863,37.83368,-96.07633
66864,38.36132,-95.98207
66865,38.2181,-96.27993
66866,38.17438,-97.10385
66868,38.54284,-95.98387
66869,38.4548,-96.54444
66870,37.93809,-95.99316
66871,38.35941,-95.61815
66872,38.79878,-96.76147
66873,38.61747,-96.66774
66901,39.55618,-97.64317
66930,39.71137,-97.48553
66932,39.77925,-98.93227
66933,39.67124,-96.86706
66935,39.82694,-97.63538
66936,39.9213,-98.30091
66937,39.58959,-97.26493
66938,39.58018,-97.41081
66939,39.85179,-97.89754
66940,39.80343,-97.45381
66941,39.83135,-98.44777
66942,39.79278,-98.00448
66943,39.67209,-96.97313
66944,39.84007,-97.29354
66945,39.88601,-96.87761
66946,39.96684,-97.00192
66948,39.59743,-97.85141
66949,39.646,-98.19755
66951,39.86239,-99.03072
66952,39.84269,-98.60214
66953,39.67877,-97.11934
66955,39.97984,-97.31715
66956,39.79625,-98.21581
66958,39.88657,-97.1787
66959,39.92276,-97.53551
66960,39.93042,-97.42134
66961,39.69337,-97.77559
66962,39.59928,-97.12547
66963,39.64133,-98.01064
66964,39.93465,-97.80004
66966,39.7793,-97.76206
66967,39.82571,-98.79366
66968,39.8294,-97.06524
66970,39.94533,-98.02336
67001,37.76069,-97.62953
67002,37.69575,-97.10725
67003,37.1109,-98.06319
67004,37.28317,-97.76401
67005,37.06722,-96.99645
67008,37.47796,-96.76983
67009,37.22153,-98.26369
67010,37.66099,-96.97388
67012,37.66175,-96.54701
67013,37.37904,-97.27378
67016,37.88882,-97.51812
67017,37.82778,-97.11165
67018,37.07108,-97.85872
67019,37.31225,-96.78174
67020,38.00881,-97.66903
67021,37.77615,-98.91045
67022,37.07352,-97.63347
67023,37.33467,-96.61288
67024,37.11397,-96.49164
67025,37.64146,-97.78789
67026,37.51047,-97.49239
67028,37.47226,-98.96561
67029,37.16925,-99.28026
67030,37.78548,-97.54661
67031,37.40444,-97.63848
67035,37.64845,-98.39338
67036,37.28987,-97.88262
67037,37.56646,-97.22095
67038,37.11702,-96.70905
67039,37.52163,-96.97322
67041,38.05404,-97.12755
67042,37.84868,-96.79809
67045,37.85131,-96.33863
67047,37.63921,-96.05327
67049,37.17059,-97.84646
67050,37.675,-97.6769
67051,37.08932,-97.19399
67052,37.65812,-97.57357
67053,38.24728,-97.34545
67054,37.57658,-99.31884
67055,37.78325,-97.2037
67056,38.01936,-97.52345
67057,37.05954,-98.77864
67058,37.32006,-98.06493
67059,37.65102,-99.10046
67060,37.54601,-97.35952
67061,37.08593,-98.37673
67062,38.1431,-97.43296
67063,38.34244,-97.23019
67065,37.48295,-98.52989
67066,37.77374,-98.75798
67067,37.7951,-97.27044
67068,37.61991,-98.11473
67070,37.0696,-98.53204
67071,37.21423,-98.88522
67072,37.5445,-96.61632
67073,38.39167,-97.32624
67074,37.67038,-96.72945
67101,37.78489,-97.46356
67102,37.03857,-96.78839
67103,37.26439,-97.55977
67104,37.27286,-98.65223
67105,37.22001,-97.67825
67106,37.46335,-97.75804
67107,38.19496,-97.53911
67108,37.81428,-97.68621
67109,37.56448,-99.47914
67110,37.47022,-97.22425
67111,37.6151,-97.93453
67112,37.44915,-98.41941
67114,38.07034,-97.28359
67117,38.07416,-97.34544
67118,37.47829,-97.8605
67119,37.24202,-97.18152
67120,37.46591,-97.37592
67122,37.62015,-96.42392
67123,37.94676,-96.99352
67124,37.63644,-98.77236
67127,37.16009,-99.49057
67131,37.43261,-96.94958
67132,37.8504,-96.58385
67133,37.57677,-97.10451
67134,37.48474,-98.6824
67135,37.91362,-97.45942
67137,37.63145,-96.22196
67138,37.25996,-98.41858
67140,37.07992,-97.35748
67142,37.45655,-98.1094
67143,37.33284,-98.94434
67144,37.81673,-97.00539
67146,37.39016,-97.10398
67147,37.86062,-97.3058
67149,37.54243,-97.62915
67150,37.03207,-98.20187
67151,38.14499,-97.24934
67152,37.2623,-97.41104
67154,37.97079,-97.12117
67155,37.28171,-99.13233
67156,37.25099,-96.96503
67159,37.42053,-98.30948
67202,37.68668,-97.33521
67203,37.70402,-97.36497
67204,37.77167,-97.36341
67205,37.75012,-97.42317
67206,37.70363,-97.22461
67207,37.66567,-97.22923
67208,37.70449,-97.27928
67209,37.6639,-97.43463
67210,37.62944,-97.24604
67211,37.66708,-97.31706
67212,37.70247,-97.43658
67213,37.66722,-97.36498
67214,37.70661,-97.31755
67215,37.61637,-97.42707
67216,37.6089,-97.3143
67217,37.61535,-97.36239
67218,37.66851,-97.28039
67219,37.76931,-97.31643
67220,37.75191,-97.27909
67221,37.63544,-97.25819
67223,37.74195,-97.49797
67226,37.76898,-97.21915
67227,37.62693,-97.50109
67228,37.77749,-97.17274
67230,37.68655,-97.17087
67232,37.6368,-97.16802
67235,37.68951,-97.49929
67260,37.71931,-97.2935
67301,37.21092,-95.75224
67330,37.163,-95.31238
67332,37.04345,-95.23281
67333,37.04695,-95.87253
67334,37.0241,-96.17736
67335,37.28005,-95.53381
67336,37.05385,-95.07489
67337,37.05486,-95.5993
67340,37.05948,-95.71207
67341,37.34406,-95.42963
67342,37.05877,-95.35513
67344,37.28875,-95.9514
67345,37.37122,-96.20075
67346,37.31774,-96.44511
67347,37.12559,-95.95188
67349,37.48811,-96.28066
67351,37.14066,-95.56698
67352,37.3574,-96.08154
67353,37.31371,-96.31151
67354,37.20727,-95.41126
67355,37.03275,-96.00974
67356,37.17886,-95.14161
67357,37.33951,-95.25261
67360,37.05148,-96.09702
67361,37.13733,-96.21714
67363,37.32934,-95.71819
67364,37.03683,-95.82184
67401,38.83554,-97.64621
67410,38.95632,-97.22104
67416,38.66505,-97.5718
67417,39.43382,-97.55015
67418,39.18692,-98.05214
67420,39.40035,-98.08527
67422,39.03127,-97.59849
67423,38.97018,-97.98058
67425,38.77991,-97.92492
67427,38.50364,-98.39977
67428,38.3832,-97.41405
67430,39.57571,-98.44193
67431,38.95833,-97.01179
67432,39.33503,-97.17997
67436,39.28071,-97.72454
67437,39.50705,-98.55857
67438,38.50366,-97.27861
67439,38.76169,-98.2201
67441,38.87712,-97.10399
67442,38.64939,-97.78073
67443,38.37801,-97.5208
67444,38.54759,-98.12702
67445,39.37789,-97.8172
67446,39.47442,-98.32363
67447,39.48048,-96.97153
67448,38.65826,-97.40756
67449,38.68214,-96.89569
67450,38.62746,-98.45788
67451,38.70094,-97.13157
67452,39.23549,-98.36935
67454,38.69808,-98.11308
67455,39.02765,-98.16478
67456,38.5949,-97.6769
67457,38.38746,-97.99143
67458,39.16595,-97.30441
67459,38.60781,-98.33913
67460,38.38431,-97.69719
67464,38.56537,-97.90143
67466,39.32787,-97.47905
67467,39.14639,-97.69907
67468,39.45791,-97.25697
67470,38.91077,-97.49513
67473,39.37567,-98.73356
67474,39.58523,-98.70771
67475,38.58761,-97.05853
67476,38.54867,-97.43047
67478,39.38572,-97.94988
67480,38.97073,-97.40282
67481,39.01244,-98.38903
67482,39.02686,-97.25976
67483,38.55322,-97.19856
67484,38.99603,-97.83617
67485,39.31474,-98.49492
67487,39.17628,-97.06653
67490,38.79223,-98.44722
67491,38.38837,-97.90051
67492,38.81558,-96.96418
67501,37.97989,-97.9309
67502,38.12146,-97.92673
67505,38.02855,-97.94333
67510,37.99839,-98.21127
67511,38.43365,-99.05058
67512,38.23289,-98.32645
67513,38.43892,-99.53846
67514,37.86278,-98.19714
67515,38.59935,-100.06518
67516,38.38768,-99.68486
67518,38.40403,-100.17343
67519,37.93573,-99.10292
67520,38.58781,-99.18302
67521,38.62575,-99.72253
67522,38.12294,-97.74608
67523,38.19687,-99.55256
67524,38.37797,-98.37398
67525,38.57205,-98.57111
67526,38.29764,-98.54711
67529,38.0728,-99.25436
67530,38.35149,-98.79678
67543,37.88346,-97.79511
67544,38.57584,-98.75456
67545,38.17644,-98.6417
67546,38.22811,-97.82116
67547,37.93926,-99.46526
67548,38.59299,-99.33579
67550,38.18121,-99.12487
67552,37.8606,-99.23651
67553,38.65444,-99.32017
67554,38.37489,-98.1858
67556,38.60719,-99.52436
67557,37.91557,-98.96678
67559,38.37645,-99.44966
67560,38.39781,-99.94818
67561,38.10427,-98.09921
67563,37.84627,-99.55931
67564,38.52855,-98.92845
67565,38.60428,-99.04439
67566,37.944,-98.09938
67567,38.26632,-98.97241
67568,38.01729,-98.30888
67570,37.78686,-97.968
67572,38.68663,-99.90825
67573,38.26215,-98.41518
67574,38.22045,-99.39185
67575,38.40711,-99.25681
67576,38.03228,-98.79343
67578,37.96922,-98.59105
67579,38.18615,-98.20861
67581,37.99316,-98.41068
67583,37.79997,-98.4714
67584,38.6847,-100.16072
67601,38.873,-99.34032
67621,39.82866,-99.12891
67622,39.89983,-99.72522
67623,39.45363,-98.95627
67625,39.39145,-99.68293
67626,38.88375,-98.70808
67627,38.92224,-99.21343
67628,39.62741,-98.99598
67629,39.70199,-100.18031
67631,39.00837,-100.08569
67632,39.33557,-99.58362
67634,38.82654,-98.6073
67635,39.60025,-100.45484
67637,38.94008,-99.59197
67638,39.63418,-98.8534
67639,39.62649,-99.32133
67640,38.89853,-99.04925
67642,39.36989,-99.8315
67643,39.6406,-100.29135
67644,39.63104,-99.15993
67645,39.60144,-99.89604
67646,39.63921,-99.58654
67647,39.93794,-99.53162
67648,39.07746,-98.57278
67649,39.13404,-98.69232
67650,39.37477,-100.09925
67651,39.20926,-99.03969
67653,39.90873,-100.20554
67654,39.83067,-99.95573
67656,38.98565,-99.75549
67657,39.21126,-99.60811
67658,39.11524,-98.92786
67659,39.31804,-100.00496
67660,38.71752,-99.14806
67661,39.82546,-99.33039
67663,39.20597,-99.34222
67664,39.81609,-99.5875
67665,38.847,-98.88022
67667,38.71304,-99.33249
67669,39.45631,-99.34914
67671,38.87559,-99.14432
67672,38.99882,-99.90746
67673,39.14708,-98.80714
67674,38.87446,-99.08197
67675,39.42612,-99.09994
67701,39.39509,-101.05034
67730,39.80366,-101.11624
67731,39.76277,-101.53858
67732,39.37333,-101.3708
67733,39.32998,-101.50653
67734,39.54241,-100.89298
67735,39.35119,-101.76646
67736,38.85492,-100.44715
67737,39.08798,-100.49367
67738,39.0027,-100.65348
67739,39.8848,-100.80581
67740,39.35576,-100.36089
67741,39.38269,-102.00822
67743,39.38826,-101.24121
67744,39.85952,-100.94095
67745,39.8147,-101.34795
67747,39.04208,-101.06099
67748,39.06507,-100.85643
67749,39.83214,-100.56728
67751,39.11799,-100.35572
67752,38.9924,-100.23145
67753,39.43164,-100.74805
67756,39.79815,-101.84265
67757,39.54527,-100.60881
67758,38.89658,-101.7842
67761,38.95066,-101.52523
67762,38.84166,-101.98611
67764,38.89135,-101.15041
67801,37.72961,-100.05406
67831,37.17956,-99.8018
67834,37.53174,-99.61886
67835,37.98071,-100.31746
67836,38.03977,-101.9942
67837,37.55615,-100.66289
67838,38.05641,-101.13086
67839,38.47911,-100.43961
67840,37.0736,-100.01097
67841,37.62997,-100.22878
67842,37.54766,-99.77138
67843,37.73027,-99.93728
67844,37.37798,-100.19562
67846,38.02311,-100.77756
67849,38.15061,-99.71725
67850,38.6315,-100.63896
67851,38.08796,-101.01972
67853,37.88416,-100.51616
67854,38.09034,-100.0023
67855,37.54551,-101.69477
67857,37.99598,-101.55154
67859,37.23636,-100.77421
67860,38.0185,-101.29831
67861,38.46768,-101.38914
67862,37.47961,-101.95409
67863,38.56533,-101.20829
67864,37.17178,-100.31807
67865,37.4368,-99.96506
67867,37.56812,-100.45804
67868,37.82028,-100.71029
67869,37.24489,-100.57358
67870,37.53255,-101.01829
67871,38.49162,-100.91145
67876,37.86154,-99.73654
67877,37.54887,-100.84342
67878,38.00218,-101.80824
67879,38.47091,-101.79459
67880,37.60489,-101.32384
67882,37.8019,-99.88505
67901,37.0943,-100.89864
67950,37.06277,-101.86765
67951,37.1639,-101.33486
67952,37.29886,-101.13934
67953,37.22653,-101.86093
67954,37.17999,-101.61179
68001,41.33369,-96.95489
68002,41.50163,-96.33975
68003,41.07161,-96.38013
68004,42.00888,-96.62978
68005,41.14161,-95.89394
68007,41.37184,-96.19524
68008,41.54573,-96.17421
68010,41.25616,-96.13352
68014,41.28219,-96.96458
68015,41.38351,-96.64737
68016,41.02518,-96.1063
68017,41.05938,-96.66179
68018,41.30207,-96.61573
68019,41.77965,-96.37323
68020,41.9762,-96.25627
68022,41.27744,-96.24558
68023,41.46191,-96.02226
68025,41.43749,-96.49158
68028,41.10513,-96.26098
68029,41.65873,-96.27394
68030,42.3184,-96.45057
68031,41.64041,-96.53046
68033,41.12933,-96.52425
68034,41.45558,-96.2203
68036,41.39031,-96.95086
68037,40.9844,-96.12673
68038,41.95458,-96.4432
68039,42.112,-96.34397
68040,41.28555,-96.73815
68041,41.23633,-96.48793
68042,41.09426,-96.43683
68044,41.54798,-96.44871
68045,41.8273,-96.49523
68046,41.12206,-96.06138
68047,42.10592,-96.7325
68048,40.98304,-95.9345
68050,41.30593,-96.84303
68055,42.05747,-96.47192
68056,41.14123,-95.90438
68057,41.65888,-96.71893
68058,41.00842,-96.2483
68059,41.06673,-96.1595
68061,41.80078,-96.21165
68062,42.19538,-96.6743
68063,41.72124,-96.49345
68064,41.34925,-96.35545
68065,41.0766,-96.84854
68066,41.18451,-96.61996
68067,42.1519,-96.48603
68068,41.39759,-96.20741
68069,41.24166,-96.31542
68070,41.1924,-96.79973
68071,42.23605,-96.47446
68072,41.61016,-96.50473
68073,41.23931,-96.40931
68102,41.26231,-95.93224
68104,41.29525,-96.00104
68105,41.2406,-95.96429
68106,41.23885,-96.00244
68107,41.20888,-95.95126
68108,41.23753,-95.93118
68110,41.29867,-95.91143
68111,41.29564,-95.96395
68112,41.38183,-95.95804
68113,41.11745,-95.90889
68114,41.26318,-96.05208
68116,41.29842,-96.16629
68117,41.2062,-96.00138
68118,41.263,-96.1772
68122,41.36451,-96.05036
68123,41.10108,-95.94774
68124,41.23515,-96.0522
68127,41.2061,-96.05245
68128,41.17972,-96.07081
68130,41.23394,-96.19613
68131,41.26435,-95.96479
68132,41.26506,-96.00153
68133,41.11754,-96.00292
68134,41.29776,-96.0503
68135,41.2052,-96.19576
68136,41.16932,-96.18783
68137,41.20595,-96.11924
68138,41.15661,-96.13891
68142,41.37012,-96.10276
68144,41.23473,-96.11909
68147,41.17655,-95.95678
68152,41.36282,-95.99995
68154,41.26408,-96.11665
68157,41.17902,-95.99536
68164,41.29886,-96.10949
68178,41.26535,-95.94535
68182,41.25775,-96.01072
68183,41.25709,-95.93977
68301,40.46847,-96.52244
68303,40.25753,-97.41033
68304,40.88971,-96.38781
68305,40.36392,-95.85788
68307,40.78769,-96.14054
68309,40.04907,-96.57285
68310,40.24957,-96.74943
68313,40.78142,-97.27193
68314,41.01643,-97.0248
68315,40.24605,-97.53841
68316,41.01688,-97.61577
68317,40.67325,-96.50451
68318,40.15598,-96.64439
68319,40.93656,-97.75817
68320,40.48148,-95.9533
68321,40.39491,-95.69371
68322,40.3346,-97.55356
68323,40.13197,-96.37034
68324,40.55407,-96.29014
68325,40.0131,-97.75156
68326,40.28569,-97.68243
68327,40.01079,-97.62113
68328,40.47694,-96.8384
68329,40.50089,-96.16772
68330,40.70651,-97.34041
68331,40.4712,-96.70863
68332,40.32829,-96.41123
68333,40.62126,-96.94901
68335,40.28243,-97.803
68336,40.9615,-96.68405
68337,40.09504,-95.83418
68338,40.31865,-97.24863
68339,40.73214,-96.86696
68340,40.12525,-97.74126
68341,40.3855,-96.91378
68342,40.1034,-96.94496
68343,40.61989,-97.13194
68344,40.57159,-96.39544
68345,40.03692,-96.01928
68346,40.66195,-96.03066
68347,40.80347,-96.42274
68348,40.29569,-96.12208
68349,40.82962,-96.30028
68350,40.03961,-97.09166
68351,40.65393,-97.43015
68352,40.15255,-97.21931
68354,40.63935,-97.58032
68355,40.11677,-95.56702
68357,40.31541,-96.54658
68358,40.53321,-96.60973
68359,40.63059,-97.28333
68360,40.94613,-96.95661
68361,40.50756,-97.60146
68362,40.15323,-97.42553
68364,40.83656,-97.22563
68365,40.61565,-97.73065
68366,40.98215,-96.44222
68367,41.03807,-97.40128
68368,40.55598,-96.81665
68370,40.14148,-97.55567
68371,40.77304,-97.78417
68372,40.60498,-96.60539
68375,40.03939,-97.48826
68376,40.171,-95.93809
68377,40.217,-97.02303
68378,40.39355,-96.02615
68379,40.52908,-95.86979
68380,40.24283,-96.4059
68381,40.07979,-96.48176
68382,40.59724,-96.02425
68401,40.74233,-97.58569
68402,40.90829,-96.8571
68403,40.92045,-96.16707
68404,40.619,-96.75566
68405,40.76522,-97.07315
68406,40.50566,-97.37874
68407,40.921,-96.26263
68409,40.90906,-95.95074
68410,40.63729,-95.88584
68413,40.83775,-96.01053
68414,40.31966,-95.6991
68415,40.06249,-96.82157
68416,40.41093,-97.46185
68417,40.7359,-96.09199
68418,40.69568,-96.38435
68419,40.60297,-96.51129
68420,40.08556,-96.19125
68421,40.492,-95.74426
68422,40.38863,-96.69755
68423,40.80112,-96.95117
68424,40.30111,-97.01818
68428,40.97244,-96.79624
68429,40.06406,-97.37437
68430,40.66599,-96.66012
68431,40.0677,-95.43402
68433,40.05251,-95.73969
68434,40.90947,-97.11675
68436,40.43357,-97.74427
68437,40.2513,-95.63534
68438,40.62656,-96.74463
68439,40.99937,-97.21136
68440,40.05266,-97.01168
68441,40.22581,-96.25461
68442,40.239,-95.7729
68443,40.45627,-96.36758
68444,40.41117,-97.5847
68445,40.40146,-97.08662
68446,40.65002,-96.17535
68447,40.20044,-96.07366
68448,40.54429,-96.035
68450,40.36197,-96.22383
68452,40.39755,-97.85036
68453,40.40774,-97.33455
68454,40.69275,-96.28686
68455,40.82286,-95.90123
68456,40.91278,-97.31007
68457,40.15618,-95.71095
68458,40.23107,-96.48742
68460,40.89596,-97.43169
68461,40.76682,-96.51419
68462,40.94804,-96.52806
68463,40.8759,-96.13518
68464,40.42232,-97.1955
68465,40.49248,-97.01987
68466,40.07109,-96.63773
68467,40.86528,-97.59778
68502,40.78361,-96.70083
68503,40.82447,-96.67387
68504,40.85451,-96.66104
68505,40.82446,-96.61562
68506,40.78422,-96.63959
68507,40.85954,-96.61172
68508,40.81831,-96.70621
68510,40.80654,-96.64835
68512,40.73746,-96.70567
68514,40.93408,-96.65076
68516,40.73493,-96.6428
68517,40.93341,-96.60487
68520,40.79827,-96.55313
68521,40.8618,-96.71519
68522,40.78941,-96.76214
68523,40.73555,-96.75708
68524,40.87145,-96.80264
68526,40.7324,-96.58269
68527,40.84573,-96.51753
68528,40.82244,-96.81762
68531,40.90211,-96.71415
68532,40.79544,-96.84332
68588,40.82482,-96.69644
68601,41.45205,-97.39477
68620,41.72452,-98.05814
68621,41.48963,-96.63911
68622,41.92209,-98.53311
68623,41.44327,-98.11602
68624,41.34974,-97.22858
68626,41.16821,-96.9921
68627,41.54445,-98.17041
68628,41.21694,-97.84355
68629,41.71336,-97.12936
68631,41.68753,-97.35074
68632,41.24266,-97.13288
68633,41.70585,-96.89668
68634,41.39073,-97.50659
68635,41.08544,-97.02298
68636,42.00494,-98.15674
68637,41.78778,-98.68997
68638,41.36848,-97.98977
68640,41.46111,-97.77237
68641,41.73452,-97.00829
68642,41.68717,-97.51232
68643,41.70231,-97.25918
68644,41.7079,-97.67579
68647,41.51971,-97.62021
68648,41.40482,-96.78949
68649,41.50784,-96.78896
68651,41.22443,-97.57472
68652,41.86174,-98.08906
68653,41.55551,-97.4888
68654,41.06791,-97.7772
68655,41.64881,-98.26222
68658,41.19971,-97.2937
68659,41.54388,-96.94438
68660,41.57398,-97.86792
68661,41.49559,-97.08347
68662,41.20698,-97.41535
68663,41.31193,-97.69927
68664,41.70453,-96.78694
68665,41.70543,-98.41445
68666,41.10775,-97.61369
68667,41.11231,-97.30278
68669,41.07789,-97.23612
68701,42.02024,-97.44099
68710,42.439,-96.84784
68711,42.2034,-99.02407
68713,42.54061,-98.9718
68714,42.36957,-99.50258
68715,41.97003,-97.60883
68716,41.9314,-96.82337
68717,42.38962,-97.2192
68718,42.6619,-97.69844
68719,42.96446,-98.57426
68720,42.34659,-98.01418
68722,42.92074,-98.87123
68723,42.28759,-97.21456
68724,42.6276,-97.88496
68725,42.20118,-98.77703
68726,42.17877,-98.19954
68727,42.5116,-97.20596
68728,42.38085,-96.93641
68729,42.47479,-97.90784
68730,42.76688,-97.53488
68731,42.40993,-96.48341
68732,42.48176,-96.97387
68733,42.28278,-96.72245
68734,42.42528,-98.8044
68735,42.14911,-98.45402
68736,42.74481,-97.37136
68739,42.6284,-97.26265
68740,42.14561,-97.29245
68741,42.35711,-96.59375
68742,42.3572,-98.51459
68743,42.47271,-96.62586
68745,42.44662,-97.08781
68746,42.80726,-98.4354
68747,42.39398,-97.48873
68748,41.83883,-97.47638
68749,42.46032,-97.47531
68751,42.69035,-96.98138
68752,42.02269,-97.7154
68753,42.84464,-99.45588
68755,42.92329,-99.12963
68756,42.18544,-97.97985
68757,42.65247,-96.92554
68758,41.7829,-97.78863
68759,42.75096,-99.33762
68760,42.76616,-98.03831
68761,42.02287,-97.9601
68763,42.51809,-98.58254
68764,42.39881,-98.23177
68765,42.33397,-97.6232
68766,42.42375,-98.40321
68767,42.1969,-97.53622
68768,41.99871,-97.06871
68769,42.3158,-97.81636
68770,42.56287,-96.76898
68771,42.38419,-97.35706
68773,42.36245,-98.1199
68774,42.81403,-97.27747
68776,42.4601,-96.44424
68777,42.86088,-98.68504
68778,42.86963,-99.79483
68779,41.9516,-97.21175
68780,42.64621,-99.14062
68781,42.02743,-97.84561
68783,42.62523,-98.14612
68784,42.25763,-96.88657
68785,42.42796,-96.7224
68786,42.50351,-97.55855
68787,42.21372,-97.03351
68788,41.8387,-96.72571
68789,42.53642,-97.99182
68790,42.17384,-97.18616
68791,41.99103,-96.93245
68792,42.73323,-97.11427
68801,40.94949,-98.29295
68803,40.95357,-98.41593
68810,40.86238,-98.4675
68812,40.9051,-99.279
68813,41.70477,-99.8355
68814,41.3086,-99.4102
68815,41.42941,-99.16045
68816,41.17484,-98.13373
68817,41.26125,-98.7937
68818,40.82211,-98.01036
68820,41.1066,-98.70056
68821,42.00177,-99.81628
68822,41.38899,-99.62766
68823,41.93653,-99.13255
68824,41.00535,-98.61402
68825,41.27347,-99.95758
68826,41.16341,-98.0191
68827,41.04247,-98.1811
68828,41.55626,-99.24776
68831,41.10937,-98.54661
68832,40.76963,-98.36608
68833,41.80281,-100.09433
68834,41.01834,-99.65049
68835,41.33326,-98.61769
68836,40.70709,-99.37865
68837,41.66139,-99.06063
68838,41.2156,-98.66755
68840,40.75728,-98.88027
68841,40.76316,-98.16677
68842,41.58068,-98.53462
68843,40.90334,-97.88018
68844,41.05659,-99.05938
68845,40.71583,-99.17059
68846,41.06499,-97.88533
68847,40.73465,-99.02272
68849,40.70148,-99.10082
68850,40.82548,-99.73574
68852,41.1672,-99.14628
68853,41.28975,-98.98616
68854,41.00798,-98.00239
68855,41.16248,-99.32635
68856,41.50167,-99.8168
68858,40.96171,-99.37797
68859,41.46103,-98.81931
68860,41.13378,-99.79167
68861,40.69892,-99.2639
68862,41.60362,-98.93841
68863,40.76628,-99.5252
68864,41.2608,-98.24046
68865,40.89337,-98.187
68866,40.96873,-99.12297
68869,40.99944,-98.88325
68870,40.8453,-99.15835
68871,41.14039,-98.84788
68872,41.09286,-98.33216
68873,41.24696,-98.45149
68874,41.63368,-99.42635
68875,41.51328,-98.68197
68876,40.82492,-98.74663
68878,40.98623,-99.50567
68879,41.87411,-99.50104
68881,41.43472,-99.35957
68882,41.42362,-98.40366
68883,40.81823,-98.58558
68901,40.59092,-98.36599
68920,40.15482,-99.33521
68922,40.33653,-99.89976
68923,40.36835,-99.47314
68924,40.49557,-99.12469
68925,40.42366,-98.43821
68926,40.09311,-99.85139
68927,40.51146,-99.62665
68928,40.2874,-98.60728
68929,40.15245,-99.07124
68930,40.28514,-98.41846
68932,40.30258,-98.73851
68933,40.51786,-98.04211
68934,40.33831,-98.15962
68935,40.38058,-97.95859
68936,40.31655,-99.77868
68937,40.57262,-99.85494
68938,40.42093,-98.12344
68939,40.10977,-98.96169
68940,40.53815,-99.25086
68941,40.46882,-98.26792
68942,40.09552,-98.31143
68943,40.03916,-97.88589
68944,40.63741,-98.0949
68945,40.56098,-98.77327
68946,40.1067,-99.99048
68947,40.30139,-99.05188
68948,40.34151,-100.02639
68949,40.43193,-99.39481
68950,40.45586,-98.66413
68952,40.08443,-98.67587
68954,40.61215,-98.23512
68955,40.59288,-98.53966
68956,40.63088,-98.6891
68957,40.26745,-98.24176
68958,40.52772,-99.50394
68959,40.49009,-98.91487
68960,40.08549,-99.13866
68961,40.20679,-98.03502
68964,40.23541,-97.90207
68966,40.15765,-99.46262
68967,40.25263,-99.63085
68970,40.10157,-98.52292
68971,40.11931,-99.24478
68972,40.10361,-98.80258
68973,40.45014,-98.55962
68974,40.13235,-97.86457
68975,40.61705,-97.95483
68976,40.6023,-99.70918
68977,40.06697,-99.63045
68978,40.06339,-98.09379
68979,40.59717,-97.85319
68980,40.68213,-98.25814
68981,40.28601,-98.89237
68982,40.33081,-99.19521
69001,40.25232,-100.65782
69020,40.23522,-100.31448
69021,40.13945,-101.53594
69022,40.33938,-100.18413
69023,40.48132,-101.89668
69024,40.23918,-100.856
69025,40.61957,-100.50814
69026,40.01975,-100.41332
69027,40.49841,-101.52638
69028,40.64107,-100.04708
69029,40.68537,-100.24277
69030,40.20318,-101.92592
69032,40.56766,-101.0471
69033,40.56447,-101.68679
69034,40.24929,-100.43866
69036,40.02788,-100.29782
69037,40.17759,-101.40394
69038,40.60932,-100.73703
69039,40.7013,-100.38529
69040,40.35565,-101.12027
69041,40.17288,-101.73415
69042,40.47547,-100.37903
69043,40.13493,-101.23754
69044,40.13171,-101.02837
69045,40.44582,-101.36639
69046,40.06821,-100.10403
69101,41.1502,-100.80319
69120,41.42592,-100.23384
69121,41.56631,-101.71983
69122,41.09713,-102.08834
69123,41.04981,-100.36627
69125,41.59087,-102.85835
69127,41.10231,-101.90774
69128,41.23252,-103.90613
69129,41.14089,-102.37823
69130,40.89924,-99.96628
69131,41.4216,-103.00047
69132,40.81495,-101.00664
69133,41.21975,-103.47178
69134,40.80733,-101.36968
69135,42.21111,-100.31028
69138,40.99923,-100.17684
69140,40.84129,-101.7724
69141,41.30409,-102.93602
69142,41.91585,-100.31719
69143,41.19184,-101.01934
69144,41.317,-101.60261
69145,41.24913,-103.67097
69146,41.34986,-101.82892
69147,41.51514,-102.08813
69148,41.61329,-102.58773
69149,41.22416,-102.66362
69150,40.82763,-101.54599
69151,41.10153,-100.52011
69152,42.08697,-101.12216
69153,41.08018,-101.67866
69154,41.4642,-102.35349
69155,41.18974,-101.39008
69156,41.27689,-103.34587
69157,42.02451,-100.14824
69161,42.12034,-100.76679
69162,41.13001,-103.02815
69163,41.59328,-100.56795
69165,41.35102,-101.27268
69166,42.0791,-100.56581
69167,41.58758,-101.02296
69168,40.74817,-101.98129
69169,40.82144,-101.17663
69170,40.79563,-100.74068
69171,40.89065,-100.06814
69201,42.70004,-100.59663
69210,42.39766,-99.84932
69211,42.83965,-101.31068
69212,42.98729,-100.80438
69214,42.49121,-100.07914
69216,42.94069,-100.96897
69217,42.42045,-99.71314
69218,42.78005,-101.63227
69219,42.70144,-101.0886
69220,42.92256,-100.17198
69221,42.63515,-100.3104
69301,42.12297,-102.88593
69331,41.85235,-102.96047
69333,42.04483,-101.96962
69334,41.82364,-103.2842
69335,42.02418,-102.13908
69336,41.61845,-103.15152
69337,42.86566,-102.99513
69339,42.60649,-103.42939
69340,42.15192,-102.21378
69341,41.74154,-103.67937
69343,42.66842,-101.94084
69345,41.58164,-103.7234
69346,42.66459,-103.80651
69347,42.59693,-102.6753
69348,42.3299,-103.18777
69350,41.98667,-101.73311
69351,42.1171,-102.42096
69352,41.80396,-103.97174
69353,41.74703,-103.41898
69354,42.40812,-103.42469
69355,41.78192,-103.51709
69356,41.89318,-103.45074
69357,42.0776,-103.79553
69358,42.07503,-103.96617
69360,42.74359,-102.48979
69361,42.01254,-103.56802
69365,42.94744,-102.46095
69366,42.13175,-101.5421
69367,42.81651,-103.32332
70001,29.98272,-90.16881
70002,30.0102,-90.16241
70003,29.99874,-90.21418
70005,30.00024,-90.13422
70006,30.01393,-90.19171
70030,29.81635,-90.43526
70031,29.94401,-90.29666
70032,29.95128,-89.9958
70036,29.69855,-90.12667
70037,29.78669,-90.01523
70038,29.33105,-89.4007
70039,29.88274,-90.37925
70040,29.75806,-89.92327
70041,29.33194,-89.46978
70043,29.9571,-89.96481
70047,29.96686,-90.36552
70049,30.03062,-90.55911
70050,29.38351,-89.59601
70051,30.07356,-90.63999
70052,30.07103,-90.68731
70053,29.91456,-90.05318
70056,29.88848,-90.03028
70057,29.95949,-90.45897
70058,29.8701,-90.06708
70062,29.98924,-90.25579
70065,30.02767,-90.25405
70067,29.72008,-90.10383
70068,30.14113,-90.43502
70070,29.83302,-90.3052
70071,30.05123,-90.70291
70072,29.83012,-90.12724
70075,29.93158,-89.92081
70076,30.04945,-90.63678
70079,30.00172,-90.41218
70080,29.8743,-90.43227
70082,29.5658,-89.75677
70083,29.52342,-89.85211
70084,30.07242,-90.57251
70085,29.81629,-89.76127
70086,30.02628,-90.88198
70087,29.98092,-90.31264
70090,29.96725,-90.6934
70091,29.17723,-89.23204
70092,29.90026,-89.89598
70094,29.91162,-90.20876
70112,29.95608,-90.07733
70113,29.9422,-90.08382
70114,29.93704,-90.0321
70115,29.92375,-90.10219
70116,29.96697,-90.06448
70117,29.9685,-90.03004
70118,29.9451,-90.1257
70119,29.97567,-90.08729
70121,29.9608,-90.15881
70122,30.00835,-90.06467
70123,29.951,-90.20501
70124,30.00747,-90.10378
70125,29.95202,-90.10338
70126,30.01948,-90.01739
70127,30.02966,-89.9761
70128,30.04896,-89.95398
70129,30.08239,-89.81617
70130,29.93671,-90.06949
70131,29.9081,-89.96044
70139,29.95023,-90.071
70148,30.0287,-90.06753
70163,29.94998,-90.07546
70301,29.81431,-90.7411
70310,29.79048,-90.80301
70339,29.92987,-91.18357
70340,29.66974,-91.1043
70341,30.02579,-91.08267
70342,29.69486,-91.23772
70343,29.55308,-90.56402
70344,29.39711,-90.63777
70345,29.51815,-90.23763
70346,30.10774,-91.02061
70352,29.68561,-90.94486
70353,29.36598,-90.70554
70354,29.43136,-90.34336
70355,29.69491,-90.42916
70356,29.64142,-90.95953
70357,29.28451,-90.17463
70358,29.21367,-90.0306
70359,29.68649,-90.77859
70360,29.58396,-90.81001
70363,29.51516,-90.70404
70364,29.63419,-90.68752
70372,29.78249,-90.9889
70373,29.61335,-90.31919
70374,29.59924,-90.50319
70375,29.69491,-90.53257
70377,29.45808,-90.51361
70380,29.71944,-91.12634
70390,29.89068,-91.03616
70391,29.99516,-91.06029
70392,29.69847,-91.32164
70393,29.9959,-90.99897
70394,29.69448,-90.61399
70395,29.69309,-90.8513
70397,29.38444,-90.823
70401,30.5281,-90.45472
70402,30.51652,-90.46932
70403,30.47989,-90.48639
70420,30.48767,-89.95907
70422,30.73699,-90.491
70426,30.93142,-89.85807
70427,30.74587,-89.9125
70431,30.61211,-89.97215
70433,30.46184,-90.13796
70435,30.55955,-90.101
70436,30.83057,-90.53315
70437,30.60909,-90.20928
70438,30.84139,-90.11186
70441,30.85987,-90.7489
70442,30.70307,-90.33433
70443,30.62885,-90.54257
70444,30.90833,-90.48707
70445,30.36352,-89.91265
70446,30.63612,-90.35159
70447,30.42144,-90.20257
70448,30.36278,-90.03943
70449,30.26363,-90.66345
70450,30.93667,-90.26755
70451,30.54964,-90.48111
70452,30.41424,-89.76048
70453,30.69385,-90.76918
70454,30.39525,-90.3682
70455,30.52438,-90.31883
70456,30.79332,-90.50702
70457,30.52743,-90.11332
70458,30.25864,-89.79441
70460,30.29925,-89.83455
70461,30.2326,-89.70931
70462,30.3656,-90.58368
70463,30.6551,-89.90162
70464,30.54416,-89.89221
70465,30.87577,-90.51384
70466,30.5685,-90.50195
70471,30.407,-90.06346
70501,30.2391,-91.99122
70503,30.17353,-92.05901
70506,30.19586,-92.08075
70507,30.28293,-92.02825
70508,30.15627,-92.02913
70510,29.89493,-92.19569
70512,30.41333,-91.92337
70513,29.90272,-91.90106
70514,29.8452,-91.55301
70515,30.44843,-92.57154
70516,30.3674,-92.30289
70517,30.28421,-91.79615
70518,30.13503,-91.92922
70519,30.08178,-91.90705
70520,30.33265,-92.03619
70522,29.74949,-91.43287
70523,29.87383,-91.52956
70524,30.55737,-92.31859
70525,30.40765,-92.21761
70526,30.21051,-92.37951
70528,29.89766,-91.96692
70529,30.19593,-92.16327
70531,30.23101,-92.49678
70532,30.4705,-92.6993
70533,29.90439,-92.03536
70534,30.16564,-92.45499
70535,30.47999,-92.42367
70537,30.25747,-92.56642
70538,29.74051,-91.54092
70541,30.42062,-92.0426
70542,30.00442,-92.5886
70543,30.33532,-92.5014
70544,29.9059,-91.6575
70546,30.26756,-92.66747
70548,29.79733,-92.41875
70549,30.04988,-92.83139
70550,30.5157,-92.18966
70551,30.46675,-91.98028
70552,30.0617,-91.66641
70554,30.63633,-92.48885
70555,30.08188,-92.14123
70556,30.19072,-92.58325
70558,30.10042,-92.07573
70559,30.12876,-92.50903
70560,29.93965,-91.8642
70563,30.02454,-91.73053
70570,30.5315,-92.10852
70575,29.94892,-92.15808
70576,30.78097,-92.41826
70577,30.54848,-91.92018
70578,30.2291,-92.26261
70580,30.67551,-92.4284
70581,30.25496,-92.73588
70582,30.15961,-91.7854
70583,30.25846,-92.12204
70584,30.38856,-92.10193
70585,30.87832,-92.4077
70586,30.74504,-92.34151
70589,30.68584,-92.04098
70591,30.25604,-92.8397
70592,30.08024,-92.01338
70601,30.22627,-93.21525
70605,30.13048,-93.27418
70607,30.04982,-93.20606
70609,30.17907,-93.21482
70611,30.34594,-93.20156
70615,30.25609,-93.12346
70629,30.23107,-93.21864
70630,30.02723,-93.04966
70631,29.86692,-93.55404
70632,29.86747,-92.87987
70633,30.42762,-93.3925
70634,30.80142,-93.24309
70637,30.70508,-92.97207
70638,30.84948,-92.78436
70639,30.98235,-93.49793
70640,30.36587,-92.91652
70643,29.73649,-92.7939
70644,30.79078,-92.94924
70645,29.96154,-93.40854
70646,30.10767,-92.92938
70647,30.24752,-93.01605
70648,30.50568,-92.88387
70650,30.23376,-92.92067
70651,30.54333,-92.95127
70652,30.60547,-93.24646
70653,30.66744,-93.55994
70654,30.69212,-92.88075
70655,30.63022,-92.70234
70656,30.91647,-92.94272
70657,30.5004,-93.14279
70658,30.52324,-93.03297
70659,30.92161,-93.284
70660,30.575,-93.44478
70661,30.36683,-93.64833
70662,30.80072,-92.99834
70663,30.2772,-93.39086
70665,30.12756,-93.44555
70668,30.17678,-93.60488
70669,30.24216,-93.27731
70706,30.61453,-90.90086
70710,30.3559,-91.26773
70711,30.53065,-90.60229
70712,30.96574,-91.58573
70714,30.58634,-91.12812
70715,30.81204,-91.66262
70719,30.37734,-91.29077
70721,30.21639,-91.09301
70722,30.84337,-90.93244
70723,30.06379,-90.84111
70725,30.13652,-90.97255
70726,30.42994,-90.90361
70729,30.58891,-91.34671
70730,30.81588,-91.10869
70732,30.6322,-91.60678
70733,30.30437,-90.79487
70734,30.20812,-91.00095
70736,30.63748,-91.33915
70737,30.22587,-90.92271
70739,30.60107,-90.9684
70740,30.33777,-91.43311
70743,30.02655,-90.7729
70744,30.56173,-90.67689
70747,30.87291,-91.68245
70748,30.8164,-91.20613
70749,30.6326,-91.40985
70750,30.46433,-91.7865
70752,30.57986,-91.41915
70753,30.7999,-91.72106
70754,30.40542,-90.74462
70755,30.59473,-91.52981
70756,30.53256,-91.64705
70757,30.37204,-91.53468
70759,30.71346,-91.58762
70760,30.69839,-91.48085
70761,30.97429,-91.03129
70762,30.57843,-91.46695
70763,30.04929,-90.73736
70764,30.22505,-91.30656
70767,30.47737,-91.32787
70769,30.30802,-90.93967
70770,30.65134,-90.99316
70772,30.43748,-91.46484
70773,30.59678,-91.37333
70774,30.22741,-90.78815
70775,30.85982,-91.36847
70776,30.26051,-91.08923
70777,30.73898,-91.07319
70778,30.16085,-90.81777
70780,30.29538,-91.16993
70782,30.94378,-91.51856
70783,30.67032,-91.4087
70785,30.55621,-90.81858
70786,30.58236,-90.95429
70787,30.9629,-91.44342
70788,30.13618,-91.17939
70789,30.92973,-91.07109
70791,30.65013,-91.15734
70801,30.44954,-91.18608
70802,30.44691,-91.17554
70803,30.41165,-91.17783
70805,30.48831,-91.15951
70806,30.44879,-91.1247
70807,30.5425,-91.2068
70808,30.4057,-91.14236
70809,30.39408,-91.07063
70810,30.34637,-91.07998
70811,30.53122,-91.11617
70812,30.50018,-91.11051
70813,30.52777,-91.19742
70814,30.48502,-91.06164
70815,30.45537,-91.06648
70816,30.4288,-91.02144
70817,30.37558,-90.98026
70818,30.54233,-91.05006
70819,30.47133,-91.00748
70820,30.36812,-91.18279
70825,30.45197,-91.18776
70836,30.38758,-91.08357
71001,32.59188,-92.90028
71002,32.11675,-93.116
71003,32.62969,-93.02787
71004,32.74403,-93.85843
71006,32.72871,-93.63511
71007,32.36854,-94.00502
71008,32.33318,-92.96396
71009,32.57793,-93.89185
71016,32.22899,-93.10818
71018,32.82178,-93.42972
71019,32.03951,-93.30701
71021,32.96721,-93.44597
71023,32.4662,-93.40797
71024,32.47897,-93.20336
71027,32.24953,-93.68698
71028,32.48961,-93.07315
71029,32.83733,-93.83446
71030,32.19267,-93.78932
71031,32.01097,-92.89372
71032,32.09383,-93.79247
71033,32.44121,-94.00364
71034,32.18442,-93.30553
71037,32.56359,-93.52804
71038,32.94372,-93.0699
71039,32.4265,-93.29064
71040,32.78564,-93.01238
71043,32.88789,-93.88906
71044,32.96662,-93.88083
71045,32.3461,-93.16595
71046,32.16647,-93.94589
71047,32.29972,-93.91673
71048,32.83597,-92.85071
71049,32.01603,-93.96663
71051,32.3417,-93.49639
71052,32.01814,-93.66243
71055,32.67335,-93.29713
71060,32.63933,-93.987
71061,32.75342,-93.97742
71063,31.91051,-93.51569
71064,32.91356,-93.68761
71065,31.81028,-93.49957
71066,31.87478,-93.19829
71067,32.59836,-93.49118
71068,32.28464,-93.32186
71069,32.9726,-93.9887
71070,32.08629,-92.99618
71071,32.91747,-93.45099
71072,32.9373,-93.31141
71073,32.5241,-93.30547
71075,32.99349,-93.49199
71078,32.27721,-93.7976
71079,32.94811,-92.81941
71082,32.84389,-93.97763
71101,32.5062,-93.74822
71103,32.49154,-93.7717
71104,32.48525,-93.73171
71105,32.45512,-93.71012
71106,32.38507,-93.73558
71107,32.59509,-93.85909
71108,32.44236,-93.78881
71109,32.46859,-93.814
71110,32.50289,-93.63027
71111,32.57904,-93.70379
71112,32.44373,-93.63874
71115,32.26472,-93.56247
71118,32.39262,-93.80498
71119,32.48542,-93.92296
71129,32.38697,-93.92685
71201,32.53915,-92.1069
71202,32.39549,-92.05663
71203,32.58398,-92.01351
71209,32.53036,-92.07206
71212,32.52725,-92.0734
71218,32.35081,-91.78739
71219,32.32344,-91.6842
71220,32.8622,-91.91236
71222,32.82859,-92.65918
71223,32.90084,-91.67443
71225,32.50784,-92.3477
71226,32.24729,-92.44234
71227,32.52866,-92.48353
71229,32.6374,-91.89251
71230,32.2403,-91.59269
71232,32.41554,-91.493
71233,32.32509,-90.93177
71234,32.64306,-92.33954
71235,32.68988,-92.6726
71237,32.58413,-91.48024
71238,32.36716,-92.38139
71241,32.77107,-92.36531
71242,32.79223,-91.41291
71243,31.96055,-91.80745
71245,32.52697,-92.7145
71247,32.27255,-92.72077
71250,32.95983,-91.57327
71251,32.21891,-92.67162
71253,32.99597,-91.31576
71254,32.79429,-91.23914
71256,32.94852,-92.71471
71259,32.2713,-91.84558
71260,32.90615,-92.23793
71261,32.77802,-91.69515
71263,32.87497,-91.428
71264,32.6029,-91.7734
71266,32.70359,-91.48362
71268,32.34696,-92.74418
71269,32.44592,-91.78718
71270,32.49378,-92.64139
71272,32.52928,-92.6517
71275,32.51276,-92.81991
71276,32.57727,-91.16277
71277,32.94902,-92.55554
71279,32.48667,-91.85671
71280,32.72344,-92.10389
71282,32.35662,-91.20042
71286,32.65244,-91.23397
71291,32.56977,-92.18277
71292,32.40147,-92.21569
71295,32.14565,-91.70795
71301,31.27446,-92.46864
71302,31.2053,-92.36667
71303,31.28081,-92.54308
71316,31.27665,-91.76231
71320,31.09114,-91.76985
71322,30.86731,-92.15188
71323,31.26656,-92.21037
71325,31.01153,-92.32434
71326,31.77363,-91.58702
71327,30.97895,-92.03863
71328,31.35276,-92.19097
71330,31.11002,-92.24145
71331,31.2578,-92.07969
71333,30.90315,-92.0754
71334,31.66978,-91.56864
71336,32.02126,-91.5935
71339,31.0058,-91.93637
71340,31.7553,-91.80696
71341,31.05969,-92.16267
71342,31.60042,-92.1403
71343,31.51117,-91.90723
71345,30.72867,-91.97531
71346,31.11686,-92.38446
71350,31.06871,-92.06053
71351,31.17227,-91.9604
71353,30.67949,-91.79664
71354,31.38364,-91.73548
71355,31.05257,-91.88531
71356,30.83423,-92.02988
71357,32.1084,-91.29717
71358,30.72631,-91.87553
71359,31.32468,-92.4264
71360,31.31597,-92.34593
71362,30.88839,-91.95225
71366,31.95051,-91.35591
71367,30.88784,-92.29426
71368,31.86392,-91.68494
71369,30.92949,-91.85605
71371,31.67542,-92.2587
71373,31.35934,-91.58607
71375,31.84632,-91.47226
71378,31.95481,-91.71211
71401,31.79477,-91.94461
71403,31.21047,-93.44061
71404,31.75404,-92.75257
71405,31.40971,-92.39771
71406,31.73425,-93.50536
71407,31.51837,-92.48402
71409,31.31287,-92.69954
71410,31.96419,-92.77125
71411,31.90466,-93.08894
71414,31.82593,-93.02515
71415,32.0253,-92.14241
71416,31.53875,-92.89558
71417,31.51611,-92.65361
71418,32.13405,-92.04589
71419,31.80188,-93.72614
71422,32.07653,-92.65767
71423,31.60012,-92.56341
71424,31.17976,-92.69207
71425,31.89017,-91.89786
71426,31.49182,-93.46165
71427,31.38879,-92.89388
71428,31.60921,-93.08855
71429,31.39843,-93.43218
71430,31.06764,-92.53135
71432,31.75368,-92.47435
71433,31.00208,-92.64803
71434,31.44618,-92.944
71435,32.02456,-92.1539
71438,31.10092,-92.87511
71439,31.33707,-93.36597
71441,31.94706,-92.13805
71446,31.15585,-93.17187
71447,31.43202,-92.8073
71449,31.5153,-93.54383
71450,31.78137,-93.40367
71452,31.58021,-92.9414
71454,31.69334,-92.86131
71455,31.40125,-92.98074
71456,31.63534,-92.97429
71457,31.74045,-93.09375
71459,31.07854,-93.21723
71461,31.12099,-93.29775
71462,31.66625,-93.7324
71463,30.80854,-92.64853
71465,31.86499,-92.19408
71466,31.21593,-92.74886
71467,31.55789,-92.39338
71468,31.48086,-93.14518
71469,31.67755,-93.2671
71472,31.19834,-92.79216
71473,32.06989,-92.42748
71474,31.27724,-93.01394
71475,31.20123,-93.12461
71479,31.85129,-92.36106
71480,31.86661,-92.28415
71483,31.89482,-92.66373
71485,31.17811,-92.53186
71486,31.62679,-93.65876
71497,31.74902,-93.09795
71601,34.17409,-91.89811
71602,34.27463,-92.13302
71603,34.12881,-92.08492
71630,33.61827,-91.23004
71631,33.58205,-92.26415
71635,33.1369,-92.00133
71638,33.52008,-91.47927
71639,33.89143,-91.54414
71640,33.1253,-91.24753
71642,33.38842,-91.8788
71643,34.01953,-91.57945
71644,34.11045,-91.71213
71646,33.20444,-91.77837
71647,33.36678,-92.12219
71651,33.31472,-92.28377
71652,33.89338,-92.31562
71653,33.36919,-91.27676
71654,33.62476,-91.37234
71655,33.62874,-91.7486
71658,33.32018,-91.57635
71659,34.13505,-91.78071
71660,33.7627,-92.19728
71661,33.14338,-91.51333
71662,33.82355,-91.50391
71663,33.22755,-91.42665
71665,33.93812,-92.13163
71666,33.7372,-91.24736
71667,33.93588,-91.84412
71670,33.74439,-91.40974
71671,33.60652,-92.10006
71674,33.82694,-91.18261
71675,33.60424,-91.93805
71676,33.05156,-91.56023
71677,33.76572,-91.4884
71678,34.0254,-91.81548
71701,33.57837,-92.81309
71720,33.79075,-92.64163
71721,33.89091,-93.20635
71722,33.71045,-93.15537
71724,33.326,-92.54053
71725,34.03791,-92.53252
71726,33.68016,-92.99584
71728,34.0089,-93.1053
71730,33.20303,-92.63458
71740,33.08121,-93.16268
71742,33.83435,-92.44545
71743,33.88674,-93.11724
71744,33.49201,-92.47536
71745,33.4997,-92.39496
71747,33.05892,-92.22238
71748,33.90296,-92.43322
71749,33.07049,-92.81964
71751,33.40835,-92.77252
71752,33.40061,-93.19454
71753,33.22974,-93.18461
71758,33.30899,-92.91435
71759,33.31506,-92.65967
71762,33.33668,-92.76767
71763,33.90885,-92.80648
71764,33.43041,-93.04475
71765,33.13358,-92.33628
71766,33.7362,-92.50205
71770,33.38847,-93.31607
71772,33.83379,-93.12646
71801,33.63306,-93.59833
71820,33.78886,-94.24421
71822,33.66946,-94.14755
71823,33.83101,-94.12547
71825,33.87554,-93.56489
71826,33.08994,-93.72536
71827,33.41186,-93.41463
71831,33.7762,-93.85971
71832,34.0397,-94.34791
71833,34.13409,-94.02665
71834,33.11552,-93.9577
71835,33.66724,-93.4425
71836,33.71297,-94.39584
71837,33.25543,-93.85693
71838,33.64916,-93.79753
71839,33.30619,-93.73891
71841,34.1639,-94.34718
71842,33.90051,-94.29297
71845,33.32005,-93.63365
71846,33.9265,-94.12367
71847,33.92616,-93.63361
71851,33.85728,-93.94658
71852,33.99489,-93.85831
71853,33.59442,-93.95635
71854,33.44445,-93.90504
71855,33.86612,-93.74351
71857,33.80422,-93.34795
71858,33.58543,-93.26706
71859,33.7143,-93.92379
71860,33.307,-93.49286
71861,33.1039,-93.4941
71862,33.76814,-93.72321
71864,33.50997,-93.28868
71865,33.74169,-94.14598
71866,33.86738,-94.38042
71901,34.52682,-92.97247
71909,34.64106,-92.99608
71913,34.44677,-93.09981
71921,34.25435,-93.40109
71922,34.02444,-93.41943
71923,34.08424,-93.05551
71929,34.30527,-93.1553
71933,34.41037,-93.39124
71935,34.39338,-93.75009
71937,34.40177,-94.38751
71940,34.01527,-93.50705
71941,34.2487,-92.95312
71942,34.22124,-92.99429
71943,34.33488,-93.60633
71944,34.23922,-94.32517
71945,34.49826,-94.38492
71949,34.68938,-93.21552
71950,34.25072,-93.72767
71952,34.31067,-93.84992
71953,34.61291,-94.2118
71956,34.60129,-93.14977
71957,34.55799,-93.59682
71958,34.1114,-93.6556
71959,34.25081,-93.92633
71960,34.47408,-93.69281
71961,34.59722,-93.84676
71962,34.03756,-93.33288
71964,34.42252,-93.24451
71965,34.65506,-93.74053
71968,34.52719,-93.29767
71969,34.66671,-93.63442
71970,34.66686,-93.49024
71971,34.30411,-94.0313
71972,34.39447,-94.24695
71973,34.28755,-94.30523
71998,34.12609,-93.05275
71999,34.12732,-93.05941
72001,35.07225,-92.87602
72002,34.6646,-92.5362
72003,34.38276,-91.40754
72004,34.29722,-91.7856
72005,35.53911,-91.07271
72006,35.24602,-91.34495
72007,35.0004,-91.97902
72010,35.30555,-91.52112
72011,34.50967,-92.46628
72012,35.10199,-91.91789
72013,35.45709,-92.3644
72014,35.43029,-91.11213
72015,34.49298,-92.58974
72016,34.97702,-92.62763
72017,34.89215,-91.40714
72019,34.63498,-92.69926
72020,35.48054,-91.47669
72021,34.85953,-91.21193
72022,34.60859,-92.49651
72023,34.95909,-92.05925
72024,34.75168,-91.74902
72025,35.0551,-92.99604
72026,34.51397,-91.31687
72027,35.37021,-92.57494
72028,35.53771,-92.43266
72029,34.71029,-91.27679
72030,35.43428,-92.68003
72031,35.60717,-92.52904
72032,35.07393,-92.36451
72034,35.05405,-92.47945
72035,35.07902,-92.45829
72036,35.00673,-91.27205
72038,34.44606,-91.2349
72039,35.35636,-92.40338
72040,34.96957,-91.52129
72041,34.73348,-91.46812
72042,34.26937,-91.31567
72044,35.67688,-92.16243
72045,35.12618,-92.05483
72046,34.55542,-91.9403
72047,35.22809,-92.21055
72048,34.23436,-91.12433
72051,35.79475,-92.31501
72052,35.13965,-91.78097
72053,34.70579,-92.22852
72055,34.10391,-91.36196
72057,34.14417,-92.31507
72058,35.24273,-92.36998
72059,35.15455,-91.34209
72060,35.07609,-91.57779
72061,35.32437,-92.28992
72063,35.32205,-92.77249
72064,34.79457,-91.61226
72065,34.52102,-92.28648
72066,34.98141,-91.7171
72067,35.56369,-92.16589
72068,35.15766,-91.71547
72069,34.53904,-91.13242
72070,35.01346,-92.6995
72072,34.51279,-91.75802
72073,34.36529,-91.65251
72074,35.06919,-91.10538
72075,35.64084,-91.31089
72076,34.91072,-92.14303
72079,34.38958,-92.19919
72080,35.52604,-92.80909
72081,35.37827,-91.66947
72082,35.23713,-91.66963
72083,34.6049,-92.01189
72084,34.13687,-92.6887
72085,35.36665,-91.82772
72086,34.80418,-91.90619
72087,34.59877,-92.83391
72088,35.59803,-92.26239
72099,34.90103,-92.15202
72101,35.23228,-91.15242
72102,35.14556,-91.83352
72103,34.59133,-92.38316
72104,34.34774,-92.81814
72106,34.96997,-92.48727
72107,35.14255,-92.53844
72108,34.72803,-91.10349
72110,35.15514,-92.77273
72111,35.23688,-92.13307
72112,35.57383,-91.22918
72113,34.85926,-92.39875
72114,34.7645,-92.26024
72116,34.80025,-92.24505
72117,34.78076,-92.14548
72118,34.83872,-92.32694
72119,34.8369,-92.29505
72120,34.89776,-92.24431
72121,35.45561,-91.78525
72122,34.77955,-92.77549
72123,35.25774,-91.23675
72125,35.06421,-92.794
72126,34.9376,-92.91024
72127,35.16237,-92.59419
72128,34.31535,-92.63846
72129,34.31215,-92.55406
72130,35.6673,-92.06997
72131,35.40792,-92.19362
72132,34.44,-92.19468
72133,34.10821,-91.53718
72134,34.61189,-91.37247
72135,34.87698,-92.56087
72136,35.23538,-92.02129
72137,35.33756,-92.02933
72139,35.36212,-91.50997
72140,34.36052,-91.1549
72141,35.51824,-92.69158
72142,34.67681,-92.07488
72143,35.2279,-91.73613
72150,34.30999,-92.39642
72152,34.35194,-91.98009
72153,35.65651,-92.31988
72156,35.28595,-92.68331
72157,35.2714,-92.56412
72160,34.44284,-91.53136
72165,35.57657,-91.46647
72166,34.04821,-91.23711
72167,34.42223,-92.65477
72168,34.43719,-91.96771
72169,35.3946,-91.22703
72170,34.57819,-91.42655
72173,35.10001,-92.20807
72175,34.33792,-91.75495
72176,35.00279,-91.84212
72178,35.20381,-91.61265
72179,35.49773,-91.86565
72180,34.53104,-92.21495
72181,35.16237,-92.44503
72182,34.43161,-92.08721
72183,34.60002,-92.19305
72199,34.82816,-92.28608
72201,34.74725,-92.28053
72202,34.74626,-92.27016
72204,34.71739,-92.3582
72205,34.74948,-92.3524
72206,34.63042,-92.23833
72207,34.77493,-92.34271
72209,34.6805,-92.33974
72210,34.71506,-92.50378
72211,34.74792,-92.41675
72212,34.78498,-92.4141
72223,34.79251,-92.49091
72227,34.7782,-92.37498
72301,35.13363,-90.17883
72311,34.72072,-90.89688
72313,35.53077,-90.13952
72315,35.90093,-89.9029
72320,34.81439,-90.5411
72322,35.0688,-90.808
72324,35.38872,-90.78116
72325,35.33067,-90.25395
72326,35.11183,-90.89333
72327,35.2401,-90.32783
72328,34.0684,-91.0057
72329,35.62386,-89.97143
72330,35.59136,-90.20184
72331,35.28537,-90.46733
72332,35.10117,-90.30238
72333,34.29004,-90.86971
72335,34.99042,-90.75645
72338,35.43657,-90.13863
72339,35.41606,-90.26492
72340,34.95687,-91.03202
72341,34.88746,-90.7705
72342,34.44492,-90.67733
72346,35.08462,-90.48198
72347,35.38415,-90.99892
72348,34.93739,-90.42016
72350,35.50181,-90.11782
72351,35.67595,-90.09771
72352,34.65562,-90.7344
72353,34.3162,-91.00708
72354,35.63118,-90.31797
72355,34.53902,-90.77789
72358,35.79446,-89.87723
72359,35.01422,-90.7239
72360,34.75352,-90.78875
72364,35.2126,-90.18573
72365,35.56181,-90.41857
72366,34.52612,-90.95307
72367,34.1891,-91.02567
72368,34.81146,-91.01996
72369,34.45522,-90.78954
72370,35.68443,-90.07734
72372,34.96623,-90.94726
72373,35.28861,-90.60269
72374,34.56126,-90.83996
72376,35.0883,-90.30625
72377,35.67392,-90.34158
72379,34.07479,-91.05019
72383,34.49117,-91.03962
72384,35.37487,-90.21825
72386,35.45548,-90.36183
72387,35.31572,-90.77274
72389,34.36985,-90.88596
72390,34.55426,-90.67756
72391,35.6765,-90.26953
72392,34.95551,-91.09466
72394,35.05271,-90.61599
72395,35.59149,-90.02036
72396,35.22966,-90.83559
72401,35.86835,-90.66193
72404,35.77656,-90.78356
72405,35.90446,-90.64869
72410,35.93854,-91.09432
72411,35.74165,-90.58019
72412,36.12572,-90.69172
72413,36.30564,-90.81251
72414,35.82288,-90.368
72415,36.12643,-91.17745
72416,35.95731,-90.79699
72417,35.91994,-90.54791
72419,35.74158,-90.35544
72421,35.77851,-90.97869
72422,36.41893,-90.54385
72424,36.39185,-90.72874
72425,36.22138,-90.74308
72426,35.85608,-90.04159
72427,35.86872,-90.94901
72428,35.7414,-90.21672
72429,35.48895,-90.93972
72430,36.336,-90.17366
72431,35.63396,-91.08184
72432,35.55438,-90.72457
72433,36.02582,-91.04446
72434,36.21847,-91.16025
72435,36.31177,-90.54593
72436,36.23574,-90.48281
72437,35.8343,-90.45401
72438,35.94375,-90.22787
72440,35.9924,-91.26466
72441,36.4355,-90.38944
72442,35.82458,-90.17948
72443,36.1812,-90.41037
72444,36.4266,-90.86106
72445,35.97812,-91.02669
72447,35.9102,-90.33428
72449,36.16662,-90.81719
72450,36.0784,-90.51695
72453,36.30909,-90.67887
72454,36.40083,-90.20623
72455,36.3229,-91.04909
72456,36.45362,-90.32217
72457,36.08545,-91.06827
72458,36.06844,-91.15619
72459,36.27904,-91.29976
72460,36.35792,-91.15967
72461,36.26679,-90.28254
72462,36.38243,-90.75916
72464,36.45405,-90.1434
72466,36.05121,-91.32157
72467,35.84223,-90.6776
72469,35.95367,-91.29949
72470,36.4668,-90.70309
72471,35.82591,-91.11996
72472,35.59264,-90.54459
72473,35.73531,-91.17356
72476,36.04533,-90.91692
72478,36.46249,-91.05373
72479,35.62924,-90.90535
72482,36.26933,-91.36402
72501,35.79167,-91.65399
72512,36.22326,-91.7514
72513,36.23118,-91.64722
72515,36.27634,-92.05644
72517,36.1463,-91.95403
72519,36.11876,-92.17802
72520,36.39816,-91.72476
72521,35.95196,-91.54522
72522,35.80471,-91.46683
72523,35.64808,-91.83632
72524,35.83551,-91.30318
72526,35.87762,-91.76623
72527,35.74038,-91.68323
72528,36.23816,-92.115
72529,36.29696,-91.56676
72530,35.61381,-91.95715
72531,36.32052,-92.15121
72532,36.09905,-91.59508
72533,35.97921,-92.24513
72534,35.59272,-91.73265
72536,36.14673,-91.76115
72537,36.45018,-92.23371
72538,36.43622,-92.10612
72539,36.33015,-91.72259
72540,35.93355,-91.9096
72542,36.29656,-91.46925
72543,35.45528,-91.99407
72544,36.40395,-92.19022
72546,35.57711,-91.94487
72550,35.70836,-91.78387
72553,35.70093,-91.48212
72554,36.43902,-91.55668
72555,35.77165,-91.88287
72556,36.02472,-91.95831
72560,35.84023,-92.08032
72561,35.9428,-91.81093
72562,35.73074,-91.39514
72564,35.60034,-91.45585
72565,36.21871,-91.90686
72566,36.20792,-92.06468
72567,35.81742,-91.91975
72568,35.56676,-91.62147
72569,36.08121,-91.45817
72571,35.64059,-91.53568
72572,35.89762,-91.29173
72573,36.07442,-91.79624
72576,36.35004,-91.85081
72577,36.03094,-91.71379
72578,36.45734,-91.87894
72579,35.84458,-91.44428
72581,35.54722,-91.97035
72583,36.40646,-91.98797
72584,36.14421,-91.84427
72585,36.17861,-92.01454
72587,36.21977,-91.8173
72601,36.23669,-93.09181
72611,36.24532,-93.32705
72615,36.31532,-93.01207
72616,36.35047,-93.55736
72617,36.0208,-92.36566
72619,36.3781,-92.58517
72623,36.46386,-92.3172
72624,36.08208,-93.35655
72626,36.30451,-92.53994
72628,35.82717,-93.28785
72629,35.73615,-92.56625
72630,36.45856,-92.92032
72631,36.45146,-93.79131
72632,36.37248,-93.74355
72633,36.14023,-92.87572
72634,36.23693,-92.54891
72635,36.31637,-92.48484
72636,35.99121,-92.71651
72638,36.3245,-93.40496
72639,36.01948,-92.48937
72640,36.00708,-93.05061
72641,35.98829,-93.21978
72642,36.37013,-92.54347
72644,36.42477,-92.96673
72645,35.80249,-92.55778
72648,36.07516,-93.14399
72650,35.87938,-92.69308
72651,36.388,-92.47661
72653,36.34292,-92.38603
72655,35.89346,-93.03421
72658,36.15468,-92.32301
72660,36.48115,-93.37454
72661,36.45195,-92.58963
72662,36.43184,-93.18297
72663,35.93617,-92.33192
72666,35.94876,-93.28706
72668,36.41914,-92.77163
72669,36.06477,-92.87359
72670,35.98726,-93.37775
72672,36.27725,-92.83685
72675,36.00711,-92.79283
72677,36.26442,-92.70074
72679,35.73555,-92.80206
72680,35.88286,-92.32986
72682,36.13405,-92.72911
72683,35.93102,-93.11629
72685,36.05539,-92.98194
72686,35.70352,-92.918
72687,36.25628,-92.68679
72701,35.9873,-94.08179
72703,36.1155,-94.04897
72704,36.10475,-94.29539
72712,36.39837,-94.22196
72713,36.30036,-94.28372
72714,36.46841,-94.21649
72715,36.46505,-94.30545
72717,35.84054,-94.42503
72718,36.26347,-94.22147
72719,36.36837,-94.29551
72721,35.78383,-93.78402
72722,36.34042,-94.46397
72727,35.91456,-93.92612
72729,35.78992,-94.46338
72730,36.03057,-94.26588
72732,36.43187,-93.95968
72734,36.27217,-94.45355
72736,36.41402,-94.46548
72738,36.16258,-93.885
72739,36.42715,-94.32801
72740,36.10889,-93.67599
72742,35.98159,-93.49528
72744,35.96287,-94.43851
72745,36.2477,-94.10046
72747,36.37023,-94.5807
72749,35.86712,-94.43932
72751,36.46255,-94.11825
72752,35.82077,-93.56357
72753,35.93477,-94.32607
72756,36.32214,-93.9922
72758,36.29898,-94.14099
72760,35.82898,-93.69804
72761,36.17074,-94.45778
72762,36.18747,-94.22794
72764,36.17746,-94.051
72768,36.47884,-94.4938
72769,36.0347,-94.49702
72773,36.01409,-93.84723
72774,35.87777,-94.21533
72776,35.90913,-93.67307
72801,35.28057,-93.14161
72802,35.31334,-93.06726
72821,35.4545,-93.72024
72823,35.25213,-92.89847
72824,35.12768,-93.41146
72826,35.13,-93.71025
72827,34.87758,-93.61948
72828,34.92613,-93.53951
72829,35.10351,-93.1753
72830,35.51685,-93.50859
72832,35.42748,-93.67043
72833,35.01845,-93.49748
72834,35.17202,-93.19401
72835,35.27634,-93.3425
72837,35.51387,-93.10709
72838,34.88926,-93.68009
72839,35.65131,-93.26384
72840,35.46164,-93.61442
72841,34.86736,-93.78515
72842,35.09626,-93.59664
72843,35.55608,-92.91932
72845,35.36262,-93.37619
72846,35.48166,-93.31885
72847,35.37043,-93.27749
72851,35.26092,-93.45693
72852,35.68243,-93.56684
72853,35.01146,-93.23358
72854,35.69644,-93.43491
72855,35.25249,-93.67553
72856,35.76773,-93.05658
72857,34.86217,-93.33826
72858,35.20582,-93.04433
72860,34.94556,-93.43144
72863,35.36642,-93.50878
72865,35.31143,-93.5673
72901,35.3652,-94.4155
72903,35.35241,-94.36042
72904,35.4151,-94.38338
72905,35.26004,-94.24265
72908,35.30595,-94.4099
72916,35.27236,-94.37256
72921,35.46953,-94.19686
72923,35.30904,-94.28954
72926,34.72909,-94.0376
72927,35.07254,-93.94333
72928,35.29127,-93.93206
72930,35.43248,-94.00737
72932,35.60479,-94.37682
72933,35.33408,-94.01432
72934,35.68957,-94.2703
72935,35.49431,-94.13277
72936,35.1896,-94.23069
72937,35.13764,-94.39545
72938,35.00665,-94.38097
72940,35.11488,-94.26427
72941,35.35018,-94.16214
72943,35.18326,-93.78721
72944,35.03366,-94.24173
72945,35.09559,-94.36297
72946,35.65254,-94.13706
72947,35.54706,-94.04021
72948,35.70692,-94.4154
72949,35.55755,-93.80813
72950,34.79317,-93.91077
72951,35.31812,-93.87593
72952,35.56861,-94.30139
72955,35.6081,-94.44445
72956,35.46895,-94.3489
72958,34.90173,-94.14659
72959,35.77157,-94.06686
73001,35.2262,-98.41654
73002,34.96402,-97.73237
73003,35.66952,-97.49693
73004,35.14362,-97.83875
73005,35.05439,-98.23762
73006,34.90587,-98.40583
73007,35.69001,-97.32009
73008,35.51383,-97.64536
73009,35.28544,-98.37016
73010,35.09989,-97.67197
73011,34.84378,-97.74498
73012,35.66815,-97.59315
73013,35.62149,-97.49614
73014,35.58152,-98.1409
73015,35.07648,-98.59016
73016,35.79778,-97.68831
73017,34.92651,-98.09546
73018,35.0484,-97.93839
73019,35.20681,-97.44213
73020,35.45588,-97.2619
73021,35.33802,-98.67007
73022,35.61692,-97.99224
73024,35.36608,-98.81508
73025,35.73199,-97.5727
73026,35.23433,-97.2791
73027,35.97102,-97.24455
73028,35.9771,-97.62418
73029,34.89999,-98.21016
73030,34.47142,-97.18584
73031,35.03376,-97.63139
73032,34.40051,-97.05137
73033,35.30709,-98.55502
73034,35.69877,-97.42665
73036,35.50752,-97.95771
73038,35.1214,-98.44306
73040,35.64442,-98.37861
73041,35.03594,-98.88064
73042,35.23019,-98.25151
73043,35.73609,-98.3939
73044,35.86664,-97.43476
73045,35.51201,-97.1414
73047,35.45658,-98.31553
73048,35.48929,-98.55378
73049,35.58617,-97.29695
73050,35.93825,-97.25595
73051,35.03175,-97.24629
73052,34.83359,-97.59526
73053,35.36248,-98.41841
73054,35.67508,-97.19487
73055,34.64301,-97.91624
73056,36.17036,-97.62097
73057,34.82998,-97.43176
73058,35.8175,-97.22571
73059,35.3251,-98.05431
73061,36.34904,-97.01765
73062,35.02929,-98.73478
73063,36.06195,-97.41832
73064,35.37377,-97.75275
73065,35.25008,-97.61209
73066,35.50167,-97.32832
73067,34.90315,-97.90612
73068,35.1384,-97.28264
73069,35.25028,-97.4633
73070,35.22763,-97.42729
73071,35.23728,-97.4131
73072,35.21106,-97.50518
73073,36.16302,-97.39614
73074,34.83269,-97.27917
73075,34.75187,-97.23428
73077,36.30428,-97.26981
73078,35.66867,-97.75304
73079,35.20941,-98.01397
73080,35.00725,-97.452
73082,34.77266,-97.90385
73084,35.52567,-97.34645
73086,34.48915,-96.97251
73089,35.2661,-97.79638
73090,35.39706,-97.96116
73092,35.1238,-98.08735
73093,35.10321,-97.4966
73095,34.90677,-97.28423
73096,35.51305,-98.7295
73097,35.39893,-97.64501
73098,34.62753,-97.16537
73099,35.52583,-97.76343
73102,35.47065,-97.5191
73103,35.48906,-97.51897
73104,35.47508,-97.5038
73105,35.51919,-97.50331
73106,35.4823,-97.53662
73107,35.48201,-97.5744
73108,35.45034,-97.56774
73109,35.43279,-97.52452
73110,35.44808,-97.3945
73111,35.51889,-97.47722
73112,35.51823,-97.5745
73114,35.57916,-97.51784
73115,35.44232,-97.44153
73116,35.54684,-97.56519
73117,35.47474,-97.45961
73118,35.51788,-97.53007
73119,35.4215,-97.56896
73120,35.58049,-97.57248
73121,35.52181,-97.44236
73122,35.5202,-97.61391
73127,35.47785,-97.64836
73128,35.44899,-97.64595
73129,35.43165,-97.48433
73130,35.45879,-97.34586
73131,35.57653,-97.46465
73132,35.54984,-97.64074
73134,35.6151,-97.56935
73135,35.39644,-97.42692
73139,35.38457,-97.52572
73141,35.51702,-97.39876
73142,35.60937,-97.63895
73145,35.42427,-97.41403
73149,35.3892,-97.48908
73150,35.40059,-97.33214
73151,35.56783,-97.41049
73159,35.38563,-97.5794
73160,35.33574,-97.47651
73162,35.58095,-97.6415
73165,35.34181,-97.36138
73169,35.3815,-97.64538
73170,35.32743,-97.55068
73173,35.34033,-97.62463
73179,35.4231,-97.64521
73401,34.21045,-97.11434
73425,34.45838,-97.56239
73430,33.91,-97.36106
73432,34.25605,-96.42311
73433,34.62352,-97.40868
73434,34.62083,-97.58286
73435,34.36008,-97.49281
73436,34.28406,-97.03856
73437,34.36193,-97.41558
73438,34.27967,-97.49808
73439,33.93643,-96.74708
73440,33.95163,-96.89635
73441,33.8674,-97.44021
73442,34.31982,-97.69569
73443,34.16258,-97.29081
73444,34.4875,-97.38256
73446,34.0891,-96.77806
73447,34.22463,-96.84616
73448,33.94813,-97.10581
73449,33.99471,-96.54114
73450,34.26689,-96.53801
73453,34.03473,-97.27046
73455,34.22651,-96.75997
73456,34.12211,-97.62412
73458,34.35818,-97.29782
73459,33.77534,-97.14213
73460,34.28789,-96.66689
73461,34.35726,-96.43418
73463,34.11584,-97.42905
73481,34.42229,-97.51955
73487,34.47327,-97.4428
73488,34.49502,-97.54724
73491,34.4637,-97.65845
73501,34.56211,-98.2864
73503,34.67348,-98.49649
73505,34.5718,-98.4834
73507,34.74802,-98.50201
73520,34.26148,-97.97856
73521,34.63547,-99.31538
73523,34.65526,-99.28527
73526,34.79244,-99.26704
73527,34.5724,-98.62704
73528,34.4033,-98.6452
73529,34.34146,-97.94619
73530,34.25845,-99.05664
73531,34.18845,-98.52703
73532,34.62768,-99.59637
73533,34.49484,-97.84774
73537,34.46994,-99.67189
73538,34.74056,-98.30743
73539,34.45202,-99.27649
73540,34.47099,-98.55756
73541,34.78716,-98.1788
73542,34.4024,-98.93893
73543,34.46389,-98.38385
73544,34.65379,-99.75016
73546,34.22336,-98.73053
73547,34.98651,-99.40507
73548,34.21427,-98.13818
73549,34.65222,-99.15607
73550,34.7101,-99.89631
73551,34.30754,-98.87487
73552,34.62709,-98.75631
73553,34.33066,-98.70295
73554,34.85562,-99.60118
73555,34.50539,-98.9639
73556,34.72617,-99.38673
73557,34.73072,-98.50022
73559,34.73473,-98.94317
73560,34.54307,-99.45024
73562,34.19469,-98.41203
73564,34.84444,-99.00729
73565,34.02326,-97.8751
73566,34.61647,-98.94258
73567,34.7474,-98.17093
73568,34.26327,-98.21629
73569,33.93772,-97.80363
73570,34.50988,-99.1071
73571,34.9325,-99.92476
73572,34.37318,-98.32638
73573,34.1556,-97.95412
73601,35.49859,-98.94694
73620,35.61387,-99.02278
73622,35.39518,-98.99791
73624,35.35969,-99.1719
73625,35.6964,-99.19698
73626,35.43965,-99.27941
73627,35.20169,-99.45218
73628,35.62668,-99.68783
73632,35.27036,-98.90853
73638,35.86532,-99.79059
73639,35.72666,-98.95578
73641,35.26875,-99.20252
73642,35.81909,-99.90887
73644,35.40327,-99.42718
73645,35.16954,-99.87038
73646,35.82624,-98.61928
73647,35.44786,-99.16124
73650,35.64173,-99.41729
73651,35.02479,-99.06957
73654,35.85908,-99.37483
73655,34.98189,-99.25267
73658,35.94776,-98.71784
73659,35.87337,-98.94582
73660,35.62561,-99.91688
73661,35.17033,-99.0176
73662,35.31533,-99.66273
73663,36.10622,-98.90291
73664,35.17475,-99.2369
73666,35.42036,-99.92412
73667,36.00523,-99.03062
73668,35.22329,-99.9802
73669,35.75095,-98.74281
73673,35.04649,-99.63762
73701,36.42323,-97.78833
73703,36.44022,-97.9634
73705,36.33918,-97.90208
73716,36.48417,-98.55316
73717,36.84161,-98.77807
73718,36.20799,-98.16898
73719,36.96026,-98.26746
73720,36.1973,-97.87038
73722,36.90196,-98.36445
73724,36.03757,-98.67235
73726,36.58022,-98.50405
73727,36.48309,-98.03839
73728,36.73508,-98.39376
73729,36.39723,-98.45256
73730,36.31754,-97.54765
73731,36.64397,-98.59915
73733,36.2497,-97.69104
73734,35.98453,-97.8534
73735,36.27594,-98.05132
73736,36.34607,-97.68751
73737,36.29133,-98.58517
73738,36.44463,-97.55315
73739,36.51999,-98.13697
73741,36.55071,-98.26619
73742,36.09632,-97.91907
73743,36.56324,-97.9927
73744,35.94912,-98.29643
73746,36.6882,-98.66202
73747,36.23358,-98.33964
73749,36.70566,-98.16283
73750,35.8534,-97.94435
73753,36.55277,-97.86976
73754,36.39016,-98.09455
73755,36.13717,-98.5889
73756,35.97507,-98.11439
73757,36.27601,-97.44935
73758,36.93239,-98.0875
73759,36.85815,-97.71362
73760,36.38658,-98.1693
73761,36.68452,-98.03647
73762,35.71197,-97.97442
73763,36.10302,-98.3201
73764,35.85738,-98.20307
73766,36.65004,-97.83846
73768,36.36265,-98.27907
73770,36.05406,-98.49791
73771,36.87533,-97.95653
73772,35.86327,-98.42369
73773,36.25804,-97.91922
73801,36.4733,-99.4307
73832,36.05298,-99.65687
73834,36.84807,-99.57156
73835,35.97327,-99.21279
73838,36.24575,-98.87579
73840,36.39436,-99.64581
73841,36.54799,-99.61924
73842,36.8212,-99.21452
73843,36.39805,-99.83566
73844,36.89715,-100.16763
73848,36.64843,-100.023
73851,36.57298,-99.78406
73852,36.4873,-99.10798
73853,36.24333,-99.15664
73855,36.88481,-99.85877
73857,36.27223,-99.33235
73858,36.17037,-99.92442
73859,36.13309,-99.2797
73860,36.53573,-98.86265
73901,36.75458,-101.07517
73931,36.60097,-100.80329
73932,36.7,-100.51914
73933,36.7436,-102.58198
73937,36.5642,-102.76703
73938,36.92585,-100.58497
73939,36.76824,-101.78344
73942,36.74452,-101.49555
73944,36.58511,-101.10339
73945,36.8321,-101.22474
73946,36.92316,-102.81258
73947,36.84672,-102.17316
73949,36.5929,-101.98559
73950,36.85193,-100.88621
73951,36.95004,-101.05463
73960,36.49167,-101.79265
74001,36.48857,-96.0625
74002,36.5613,-96.14528
74003,36.73107,-96.06675
74006,36.71507,-95.89391
74008,35.92614,-95.87575
74010,35.80945,-96.36101
74011,35.98154,-95.81007
74012,36.05381,-95.80509
74014,36.05538,-95.66819
74015,36.18012,-95.70952
74016,36.54093,-95.45283
74017,36.39359,-95.57986
74019,36.28326,-95.60684
74020,36.24562,-96.41934
74021,36.37915,-95.84758
74022,36.93055,-95.98054
74023,35.95708,-96.74963
74026,35.72266,-96.78282
74027,36.80285,-95.58628
74028,35.79554,-96.52259
74029,36.82558,-95.88172
74030,35.98508,-96.5673
74032,36.2115,-96.90402
74033,35.94711,-96.00636
74034,36.23266,-96.56288
74035,36.40368,-96.37607
74036,36.15713,-95.50497
74037,36.00149,-95.98171
74038,36.1552,-96.56151
74039,35.89822,-96.22842
74041,35.93808,-96.05545
74042,36.88381,-95.55223
74044,36.08964,-96.38117
74045,36.22153,-96.70049
74046,35.75455,-96.56969
74047,35.85522,-96.02583
74048,36.69265,-95.65192
74050,36.07221,-96.06546
74051,36.61412,-95.96532
74052,36.07076,-96.5738
74053,36.43419,-95.73282
74054,36.27299,-96.32962
74055,36.27735,-95.81998
74056,36.79706,-96.33873
74058,36.35499,-96.75909
74059,35.95736,-97.06255
74060,36.2472,-96.25434
74061,36.53814,-95.89974
74062,36.03481,-96.89727
74063,36.15201,-96.19206
74066,35.99379,-96.1676
74068,35.90829,-96.57498
74070,36.3881,-96.07253
74071,35.77835,-96.26467
74072,36.94209,-95.54436
74073,36.29818,-96.01326
74074,36.07832,-97.06452
74075,36.17151,-97.0774
74077,36.12398,-97.06901
74078,36.12528,-97.07969
74079,35.74368,-96.65592
74080,36.52849,-95.74192
74081,36.17536,-96.45875
74082,36.44889,-95.88091
74083,36.91504,-95.77093
74084,36.52849,-96.33325
74085,36.10795,-96.715
74103,36.15617,-95.9957
74104,36.14627,-95.9542
74105,36.0975,-95.9641
74106,36.19191,-95.98416
74107,36.10737,-96.04095
74108,36.14723,-95.79154
74110,36.18856,-95.95377
74112,36.14696,-95.90437
74114,36.12696,-95.94661
74115,36.1923,-95.90903
74116,36.18814,-95.83621
74117,36.24146,-95.89854
74119,36.14205,-95.9894
74120,36.1504,-95.97689
74126,36.23502,-96.0331
74127,36.17462,-96.04511
74128,36.1472,-95.85089
74129,36.12669,-95.8701
74130,36.24172,-95.95536
74131,36.05172,-96.07291
74132,36.04869,-96.01315
74133,36.04113,-95.87955
74134,36.1106,-95.80156
74135,36.09725,-95.92315
74136,36.06188,-95.9419
74137,36.02038,-95.92932
74145,36.09728,-95.88731
74146,36.09784,-95.85344
74171,36.05064,-95.95253
74301,36.68157,-95.23687
74330,36.4404,-95.26851
74331,36.64683,-94.9459
74332,36.52111,-95.23864
74333,36.79386,-95.08408
74337,36.14122,-95.33505
74338,36.26234,-94.71572
74339,36.934,-94.87975
74340,36.4777,-95.01944
74342,36.42227,-94.94113
74343,36.74287,-94.825
74344,36.59604,-94.73845
74346,36.43427,-94.75066
74347,36.19573,-94.78525
74349,36.51234,-95.02557
74350,36.46643,-95.04776
74352,36.13693,-95.18783
74354,36.88962,-94.88096
74358,36.91798,-94.88052
74359,36.16846,-94.85218
74360,36.9801,-94.83636
74361,36.30914,-95.30732
74363,36.95341,-94.70965
74364,36.19915,-94.95683
74365,36.29072,-95.05461
74366,36.37887,-95.04449
74367,36.4222,-95.10674
74368,36.20725,-94.84822
74369,36.92237,-95.19776
74370,36.76429,-94.68017
74401,35.72304,-95.45431
74403,35.67427,-95.305
74421,35.75928,-96.03615
74422,35.64156,-95.69143
74423,35.64251,-95.22339
74425,35.17184,-95.62299
74426,35.44553,-95.52759
74427,35.68638,-94.91056
74428,35.54835,-95.64683
74429,35.94872,-95.63065
74430,35.13175,-95.64826
74431,35.45743,-95.93934
74432,35.28371,-95.64911
74434,35.78174,-95.20027
74435,35.57862,-95.09405
74436,35.80034,-95.70175
74437,35.44825,-95.94417
74438,35.51382,-95.75935
74441,35.97458,-95.14613
74442,35.12983,-95.8151
74445,35.62729,-95.82605
74446,35.85117,-95.32264
74447,35.64975,-96.00628
74450,35.59714,-95.47541
74451,35.72886,-95.00166
74452,36.12137,-95.06829
74454,35.85464,-95.51253
74455,35.36238,-95.26867
74456,35.71083,-95.99262
74457,36.03063,-94.82065
74458,35.88231,-95.58786
74459,35.51878,-95.49217
74460,35.50473,-95.96452
74462,35.28328,-95.15041
74463,35.76943,-95.54843
74464,35.94419,-94.97365
74467,35.96681,-95.39181
74468,35.62121,-95.59025
74469,35.5083,-95.31545
74470,35.47906,-95.16879
74471,35.82749,-94.86454
74472,35.25028,-95.263
74477,36.00394,-95.26644
74501,34.98501,-95.78597
74521,34.66222,-95.09934
74522,34.88253,-95.6767
74523,34.25171,-95.60018
74525,34.33441,-96.05563
74528,34.71644,-95.723
74530,34.42677,-96.5152
74531,34.8777,-96.24035
74533,34.20521,-96.18893
74534,34.61965,-96.36634
74535,34.48384,-96.44202
74536,34.55697,-95.45955
74538,34.57453,-96.25575
74540,34.55776,-95.70167
74543,34.35927,-95.37907
74546,34.85186,-95.58001
74547,34.81019,-95.59782
74549,34.57483,-94.90993
74552,35.11282,-95.24734
74553,34.70808,-95.91859
74554,34.92552,-95.7203
74555,34.2459,-95.96944
74556,34.46102,-96.19878
74557,34.40355,-95.69344
74558,34.49174,-95.15081
74560,34.64717,-95.74679
74561,35.12489,-95.42929
74562,34.29683,-95.29637
74563,34.97903,-95.07556
74565,34.82222,-95.83301
74567,34.44871,-95.35575
74569,34.47921,-95.90315
74570,34.86574,-96.10432
74571,34.71915,-95.04948
74572,34.63831,-96.42594
74574,34.67885,-95.27335
74576,34.67046,-96.04259
74577,34.71967,-94.85689
74578,34.90045,-95.34872
74601,36.70436,-97.14604
74604,36.69672,-96.98132
74630,36.49736,-97.4296
74631,36.79858,-97.30585
74632,36.93958,-97.34144
74633,36.70478,-96.79216
74636,36.82257,-97.52222
74637,36.59083,-96.68172
74640,36.56589,-97.65032
74641,36.8181,-96.85709
74643,36.68457,-97.55379
74644,36.55713,-97.09768
74646,36.82498,-97.43993
74647,36.91601,-97.00272
74650,36.47993,-96.72282
74651,36.46985,-97.17197
74652,36.85639,-96.65438
74653,36.64683,-97.3442
74701,34.00974,-96.3769
74720,33.83141,-96.37768
74721,33.87977,-96.16266
74722,34.38938,-94.91671
74723,33.98958,-96.0233
74724,34.33926,-94.85833
74726,33.94966,-96.18135
74727,34.01907,-95.86018
74728,34.15411,-94.81959
74729,34.14674,-96.25289
74730,33.90466,-96.43361
74731,33.8753,-96.57313
74733,33.83053,-96.47546
74734,34.0888,-94.54786
74735,34.10142,-95.25595
74736,33.92436,-94.98772
74737,34.0311,-94.8995
74738,33.90131,-95.444
74740,33.7938,-94.59614
74741,33.79571,-96.29281
74743,34.00647,-95.5107
74745,33.86017,-94.81319
74747,33.75491,-96.31612
74748,34.16082,-96.44879
74750,33.98514,-95.01175
74753,33.90777,-96.53496
74754,34.19367,-95.12231
74755,34.11799,-95.14196
74756,34.07049,-95.37367
74759,34.06088,-95.71278
74760,34.15996,-95.3612
74761,34.00938,-95.20134
74764,34.09405,-95.05512
74766,34.08597,-94.97271
74801,35.31749,-96.96824
74804,35.39358,-96.92399
74820,34.80691,-96.71348
74824,35.8873,-96.87358
74825,34.80591,-96.4028
74826,35.01735,-96.90606
74827,34.94101,-96.34208
74829,35.51332,-96.47392
74830,35.14452,-96.66464
74831,34.89841,-97.04298
74832,35.82534,-97.01077
74833,35.58262,-96.41193
74834,35.6961,-96.87902
74836,34.44436,-96.62581
74837,35.34321,-96.4561
74839,35.2413,-96.04642
74840,35.30488,-96.7665
74842,34.6166,-96.61456
74843,34.65763,-96.7125
74844,34.87421,-96.58869
74845,35.25856,-95.88302
74848,35.08197,-96.34804
74849,34.9846,-96.73597
74850,35.11169,-96.09045
74851,35.42653,-97.08072
74852,35.12844,-97.01301
74854,35.11527,-96.762
74855,35.51911,-96.90376
74856,34.39853,-96.81829
74857,35.34132,-97.19576
74859,35.46237,-96.31792
74860,35.52788,-96.56913
74864,35.4921,-96.70269
74865,34.60599,-96.80922
74866,35.06647,-96.84691
74867,34.96335,-96.54663
74868,35.26699,-96.64193
74869,35.59117,-96.75763
74871,34.59942,-96.5528
74872,34.77989,-96.97913
74873,35.22396,-96.97975
74875,35.8751,-96.95877
74878,35.00768,-97.06999
74880,35.38039,-96.1212
74881,35.72136,-97.08264
74883,35.22766,-96.24346
74884,35.18635,-96.51882
74901,35.32798,-94.47166
74902,35.24568,-94.47715
74930,35.18409,-94.77573
74931,35.69226,-94.76459
74932,35.14701,-94.53501
74935,34.95433,-94.89687
74936,35.39042,-94.72772
74937,34.83303,-94.58321
74939,34.70875,-94.63843
74940,34.94979,-94.63167
74941,35.26453,-94.87854
74942,34.89799,-94.97661
74943,35.1007,-95.106
74944,35.12421,-95.00779
74945,35.58232,-94.81864
74946,35.39613,-94.45093
74947,34.99149,-94.51589
74948,35.46207,-94.56284
74949,34.68324,-94.7739
74951,35.17099,-94.66482
74953,35.03931,-94.57156
74954,35.41596,-94.49043
74955,35.50213,-94.75547
74956,35.09487,-94.77334
74957,34.52522,-94.65558
74959,35.26288,-94.63326
74960,35.80995,-94.65027
74962,35.53703,-94.94717
74963,34.41424,-94.56322
74964,36.11493,-94.6665
74965,35.99605,-94.62553
74966,34.89556,-94.86894
75001,32.96015,-96.83808
75002,33.08946,-96.60639
75006,32.96165,-96.89717
75007,33.00498,-96.8959
75009,33.3384,-96.75185
75010,33.03058,-96.90148
75013,33.11463,-96.69413
75019,32.96183,-96.984
75020,33.77264,-96.60391
75021,33.72686,-96.47552
75022,33.02554,-97.11871
75023,33.05657,-96.73286
75024,33.07712,-96.80826
75025,33.09057,-96.74061
75028,33.03382,-97.0629
75032,32.85756,-96.42858
75033,33.18471,-96.84404
75034,33.12084,-96.83778
75035,33.15814,-96.7734
75036,33.13339,-96.91453
75038,32.87231,-96.97946
75039,32.88592,-96.94042
75040,32.92797,-96.62006
75041,32.88101,-96.65149
75042,32.91401,-96.67466
75043,32.8571,-96.57986
75044,32.96299,-96.6531
75048,32.9704,-96.58139
75050,32.77428,-97.0037
75051,32.72635,-96.99375
75052,32.66455,-97.02809
75054,32.60036,-97.03409
75056,33.07541,-96.90978
75057,33.05012,-96.9772
75058,33.4473,-96.73546
75060,32.79774,-96.95295
75061,32.82607,-96.96563
75062,32.847,-96.95813
75063,32.90797,-96.9961
75065,33.11108,-97.01277
75067,33.01416,-97.00268
75068,33.17713,-96.95228
75069,33.16805,-96.59671
75070,33.15587,-96.69742
75071,33.24558,-96.62951
75072,33.1875,-96.70099
75074,33.03298,-96.67304
75075,33.02163,-96.74043
75076,33.79608,-96.71913
75077,33.07921,-97.06401
75078,33.24526,-96.80791
75080,32.97382,-96.7416
75081,32.94969,-96.70899
75082,32.99208,-96.66536
75087,32.94581,-96.44136
75088,32.89368,-96.53929
75089,32.93195,-96.54435
75090,33.6054,-96.54657
75092,33.64869,-96.70011
75093,33.03521,-96.80943
75094,33.01871,-96.61481
75098,33.01432,-96.53531
75101,32.27003,-96.70239
75102,32.08274,-96.63999
75103,32.51201,-95.88363
75104,32.58295,-96.96712
75105,32.26717,-96.36682
75109,32.04246,-96.35622
75110,32.08071,-96.52344
75114,32.60769,-96.44322
75115,32.59831,-96.86433
75116,32.66013,-96.91402
75117,32.71005,-95.85268
75119,32.32293,-96.59107
75124,32.32579,-95.96932
75125,32.52983,-96.61563
75126,32.74361,-96.45289
75127,32.6926,-95.79262
75132,32.93865,-96.38046
75134,32.62308,-96.78007
75135,33.06666,-96.22567
75137,32.63421,-96.91224
75140,32.64485,-95.68854
75141,32.63984,-96.69257
75142,32.57004,-96.24637
75143,32.36334,-96.24929
75144,32.11157,-96.20954
75146,32.57608,-96.75137
75147,32.42256,-96.06517
75148,32.12491,-96.01173
75149,32.76994,-96.6151
75150,32.81545,-96.6308
75152,32.43598,-96.67444
75153,32.17149,-96.35331
75154,32.52319,-96.80885
75155,32.2232,-96.46906
75156,32.28759,-96.09999
75157,32.46168,-96.44914
75158,32.46694,-96.39315
75159,32.60652,-96.53939
75160,32.76466,-96.29835
75161,32.73609,-96.17129
75163,32.1672,-96.10999
75164,33.06963,-96.3041
75165,32.36687,-96.79677
75166,33.01671,-96.4495
75167,32.36123,-96.91547
75169,32.70335,-95.99754
75172,32.60369,-96.67458
75173,33.05986,-96.38673
75180,32.71937,-96.61841
75181,32.72696,-96.555
75182,32.80033,-96.55425
75189,32.94821,-96.30941
75201,32.78826,-96.79953
75202,32.77843,-96.8037
75203,32.74439,-96.80206
75204,32.80216,-96.78885
75205,32.83657,-96.79617
75206,32.83161,-96.77032
75207,32.78693,-96.82181
75208,32.75409,-96.83943
75209,32.8487,-96.8257
75210,32.77141,-96.74618
75211,32.73649,-96.90214
75212,32.78203,-96.87853
75214,32.82899,-96.74348
75215,32.75259,-96.76075
75216,32.71158,-96.78256
75217,32.71291,-96.68243
75218,32.84136,-96.70357
75219,32.81087,-96.81315
75220,32.86692,-96.87571
75223,32.79255,-96.74556
75224,32.71117,-96.83953
75225,32.86511,-96.79109
75226,32.78315,-96.77654
75227,32.77044,-96.68831
75228,32.82456,-96.6805
75229,32.8939,-96.86517
75230,32.90202,-96.79226
75231,32.87695,-96.74967
75232,32.65878,-96.83968
75233,32.70444,-96.87271
75234,32.92423,-96.88904
75235,32.83219,-96.84798
75236,32.6866,-96.93455
75237,32.66489,-96.87238
75238,32.87855,-96.70785
75240,32.93194,-96.78924
75241,32.667,-96.75903
75243,32.91232,-96.73633
75244,32.92544,-96.83671
75246,32.79296,-96.77322
75247,32.81417,-96.87803
75248,32.96957,-96.79542
75249,32.6449,-96.96257
75251,32.91984,-96.77308
75252,32.99696,-96.78983
75253,32.67278,-96.61171
75254,32.94571,-96.80127
75261,32.88568,-97.05419
75270,32.78126,-96.80192
75287,33.00015,-96.84075
75390,32.814,-96.84283
75401,33.18506,-96.11556
75402,33.06724,-96.08576
75407,33.1512,-96.48808
75409,33.35223,-96.52808
75410,32.7921,-95.63705
75411,33.86275,-95.63955
75412,33.80295,-95.14232
75413,33.43596,-96.16477
75414,33.62504,-96.43193
75415,33.4645,-95.74603
75416,33.67255,-95.35431
75417,33.43827,-95.13114
75418,33.57235,-96.1773
75420,33.05782,-95.72503
75421,33.6448,-95.71809
75422,33.13889,-95.93059
75423,33.29279,-96.19918
75424,33.30535,-96.39059
75426,33.65608,-95.01093
75428,33.27132,-95.91799
75429,33.27847,-95.89231
75431,33.0073,-95.4628
75432,33.38912,-95.66804
75433,33.10883,-95.80571
75434,33.41258,-95.35171
75435,33.50175,-95.29522
75436,33.73507,-95.24904
75437,33.25605,-95.46567
75438,33.60701,-96.07462
75439,33.55261,-96.27796
75440,32.87507,-95.75262
75441,33.4296,-95.65456
75442,33.17717,-96.35035
75446,33.61385,-95.89177
75447,33.765,-96.11966
75448,33.31478,-95.79681
75449,33.423,-95.9493
75450,33.40465,-95.47481
75451,32.96247,-95.11835
75452,33.39284,-96.24469
75453,33.00025,-95.92817
75454,33.283,-96.56073
75455,33.21725,-94.98022
75457,33.1746,-95.21125
75459,33.52988,-96.6831
75460,33.6627,-95.60296
75462,33.62166,-95.48362
75468,33.51175,-95.40747
75469,33.41269,-95.8248
75470,33.58341,-95.79836
75471,33.04431,-95.38883
75472,32.89177,-95.87239
75473,33.81461,-95.48433
75474,32.91709,-96.10611
75475,33.48593,-96.25757
75476,33.70793,-96.24342
75477,33.53118,-95.73429
75478,33.17276,-95.35226
75479,33.63007,-96.3386
75480,33.02129,-95.19159
75481,33.31751,-95.37485
75482,33.16929,-95.60946
75486,33.75757,-95.74663
75487,33.33584,-95.16567
75488,33.77628,-95.98899
75489,33.5204,-96.48467
75490,33.4363,-96.30771
75491,33.49741,-96.39485
75492,33.59139,-96.0004
75493,33.14073,-95.11316
75494,32.90898,-95.26126
75495,33.43246,-96.55041
75496,33.36276,-96.06616
75497,32.92098,-95.5764
75501,33.37413,-94.13168
75503,33.51345,-94.13038
75550,33.49966,-94.88454
75551,33.11648,-94.20325
75554,33.58534,-94.78563
75555,32.94564,-94.13696
75556,33.1512,-94.06263
75558,33.25017,-94.85564
75559,33.49929,-94.63931
75560,33.1957,-94.36699
75561,33.517,-94.27855
75562,32.93588,-94.25302
75563,33.01835,-94.38871
75564,32.88784,-94.24962
75565,32.95202,-94.07527
75566,33.15256,-94.49018
75567,33.31688,-94.31935
75568,33.19607,-94.59362
75569,33.44127,-94.12292
75570,33.4649,-94.4389
75571,33.20704,-94.76407
75572,33.23114,-94.12934
75573,33.34214,-94.22454
75574,33.32892,-94.55229
75601,32.5086,-94.72414
75602,32.45803,-94.65712
75603,32.40448,-94.71754
75604,32.51374,-94.82919
75605,32.58385,-94.71554
75630,32.87588,-94.5572
75631,32.25343,-94.44957
75633,32.12788,-94.28109
75638,33.01869,-94.73173
75639,32.28441,-94.16897
75640,32.7152,-94.68133
75641,32.3846,-94.5757
75642,32.35818,-94.17821
75643,32.01041,-94.35518
75644,32.79171,-94.99498
75645,32.68375,-94.87317
75647,32.5167,-94.96429
75650,32.51529,-94.55358
75651,32.67061,-94.53064
75652,32.2301,-94.7281
75654,32.08299,-94.82961
75656,33.01471,-94.58686
75657,32.79437,-94.30498
75658,32.17545,-94.90362
75659,32.50725,-94.09249
75661,32.63908,-94.15655
75662,32.38076,-94.87503
75667,31.988,-94.83729
75668,32.90846,-94.68485
75669,32.03348,-94.55678
75670,32.56456,-94.42326
75671,32.48907,-94.31494
75672,32.47076,-94.29353
75680,32.01035,-94.71824
75681,31.93597,-94.685
75682,32.25152,-94.94713
75683,32.82182,-94.74035
75684,32.27085,-94.93147
75686,32.96921,-94.94697
75687,32.10575,-94.96352
75689,32.18196,-94.95771
75691,32.31108,-94.55725
75692,32.4718,-94.11936
75693,32.53364,-94.86083
75694,32.6383,-94.34442
75701,32.32297,-95.29679
75702,32.36403,-95.31207
75703,32.23825,-95.31947
75704,32.40616,-95.4407
75705,32.35905,-95.10149
75706,32.46822,-95.30402
75707,32.30479,-95.171
75708,32.41436,-95.20717
75709,32.31323,-95.38904
75711,32.33698,-95.28382
75750,32.27222,-95.07124
75751,32.07875,-95.91661
75752,32.24239,-95.80751
75754,32.42431,-95.66462
75755,32.63236,-95.08662
75756,32.30031,-95.59771
75757,32.11584,-95.34933
75758,32.27375,-95.50484
75759,32.03617,-95.41573
75760,31.80738,-94.85758
75762,32.21926,-95.41218
75763,32.04154,-95.52231
75764,31.89522,-95.14369
75765,32.64119,-95.2359
75766,31.94592,-95.25181
75770,32.14058,-95.64694
75771,32.53542,-95.43006
75773,32.67969,-95.44654
75778,32.30239,-95.71367
75779,31.86434,-95.48486
75780,31.98905,-95.09122
75782,32.0693,-95.58777
75783,32.82227,-95.42386
75784,31.87344,-94.96234
75785,31.76641,-95.17446
75788,31.82252,-94.91617
75789,32.1126,-95.09405
75790,32.52749,-95.64255
75791,32.22214,-95.22103
75792,32.4679,-95.10623
75801,31.74004,-95.55116
75803,31.87513,-95.66704
75831,31.45745,-96.02275
75833,31.26304,-95.83999
75835,31.29758,-95.48834
75838,31.47956,-96.22844
75839,31.6181,-95.55738
75840,31.78412,-96.08552
75844,31.51921,-95.43481
75845,31.09488,-95.08707
75846,31.34683,-96.18118
75847,31.35204,-95.13564
75848,31.77281,-96.33408
75849,31.39624,-95.47618
75850,31.13209,-95.91595
75851,31.09458,-95.49555
75852,30.98723,-95.72023
75853,31.93488,-95.80963
75855,31.5592,-95.85447
75856,31.20138,-95.2537
75858,31.38083,-95.13676
75859,31.8842,-96.25512
75860,31.62342,-96.24615
75861,31.8524,-95.88771
75862,30.96193,-95.32951
75865,31.05808,-94.96228
75884,31.78928,-95.89263
75886,31.78698,-95.91234
75901,31.30264,-94.65481
75903,31.37428,-94.74796
75904,31.33872,-94.83467
75925,31.61018,-95.05327
75926,31.23281,-94.96944
75928,30.67111,-93.7064
75929,31.23579,-94.19735
75930,31.33641,-94.03522
75931,31.09978,-93.98953
75932,31.0551,-93.61396
75933,30.55314,-93.81608
75934,30.89688,-94.75153
75935,31.72999,-94.20077
75936,30.95147,-94.58883
75937,31.47805,-94.38259
75938,30.93436,-94.35605
75939,31.01496,-94.80501
75941,31.18078,-94.76219
75942,30.82567,-94.41657
75943,31.65451,-94.88935
75944,31.34514,-94.38636
75946,31.81372,-94.52392
75948,31.29389,-93.77573
75949,31.22907,-94.51782
75951,30.93098,-94.05762
75954,31.92169,-94.05523
75956,30.6721,-93.96706
75959,31.51021,-93.83994
75960,30.90372,-94.8618
75961,31.5576,-94.51098
75962,31.61981,-94.6484
75964,31.63334,-94.75057
75965,31.7284,-94.62629
75966,30.83783,-93.72611
75968,31.25882,-93.95924
75969,31.44765,-94.89758
75972,31.49407,-94.12173
75973,31.71977,-93.93259
75974,31.95674,-94.23713
75975,31.89535,-94.4122
75976,31.51546,-94.93863
75977,31.05997,-93.78455
75979,30.77477,-94.4026
75980,31.12387,-94.34703
76001,32.63076,-97.15408
76002,32.62233,-97.09265
76005,32.80057,-97.08001
76006,32.78511,-97.10019
76008,32.68182,-97.62738
76009,32.41635,-97.20115
76010,32.72271,-97.08065
76011,32.7543,-97.08223
76012,32.75459,-97.13901
76013,32.72027,-97.15652
76014,32.69201,-97.08814
76015,32.69204,-97.13341
76016,32.68907,-97.18868
76017,32.66223,-97.16237
76018,32.66074,-97.08967
76020,32.90102,-97.56483
76021,32.8523,-97.13128
76022,32.83063,-97.14506
76023,33.04777,-97.60425
76028,32.52603,-97.30491
76031,32.34873,-97.33267
76033,32.28663,-97.52075
76034,32.89121,-97.1488
76035,32.56172,-97.64251
76036,32.57366,-97.41434
76039,32.8592,-97.08422
76040,32.82133,-97.10488
76041,32.23911,-96.85724
76043,32.20039,-97.76129
76044,32.42961,-97.54286
76048,32.40791,-97.80117
76049,32.46759,-97.70645
76050,32.27262,-97.16326
76051,32.94192,-97.07888
76052,32.98205,-97.38037
76053,32.81683,-97.17898
76054,32.85904,-97.17789
76055,32.1596,-97.14812
76058,32.47072,-97.4251
76059,32.3921,-97.32897
76060,32.63987,-97.2161
76061,32.5026,-97.19813
76063,32.56913,-97.14376
76064,32.30757,-97.03225
76065,32.47042,-96.98861
76066,32.7058,-97.99913
76067,32.80303,-98.1449
76070,32.24291,-97.64991
76071,33.00613,-97.47821
76073,33.10416,-97.72571
76077,32.27886,-97.70891
76078,33.0896,-97.46647
76082,32.97098,-97.71783
76084,32.43258,-97.0888
76085,32.84907,-97.70051
76086,32.75345,-97.78909
76087,32.66995,-97.79065
76088,32.84554,-97.90345
76092,32.95562,-97.14879
76093,32.21459,-97.40098
76102,32.75799,-97.32858
76103,32.75282,-97.26627
76104,32.72848,-97.31819
76105,32.72327,-97.26999
76106,32.81417,-97.35209
76107,32.74176,-97.38202
76108,32.77943,-97.51811
76109,32.70115,-97.38378
76110,32.70678,-97.33843
76111,32.7804,-97.30116
76112,32.74831,-97.21828
76114,32.77365,-97.40417
76115,32.67861,-97.33117
76116,32.72128,-97.44766
76117,32.80374,-97.26766
76118,32.79606,-97.1972
76119,32.69026,-97.26176
76120,32.76742,-97.18286
76123,32.62298,-97.40262
76126,32.64374,-97.51767
76127,32.77663,-97.43044
76129,32.70934,-97.36255
76131,32.88227,-97.34895
76132,32.66743,-97.41827
76133,32.6538,-97.37746
76134,32.64331,-97.33103
76135,32.83708,-97.46621
76137,32.85864,-97.29137
76140,32.62012,-97.27036
76148,32.86789,-97.25197
76155,32.82404,-97.04911
76164,32.7808,-97.35411
76177,32.96999,-97.30611
76179,32.91397,-97.43947
76180,32.83994,-97.22468
76182,32.88257,-97.20969
76201,33.22122,-97.14715
76203,33.21213,-97.15181
76205,33.19074,-97.12894
76207,33.22174,-97.18505
76208,33.20917,-97.05786
76209,33.2315,-97.11
76210,33.14985,-97.0962
76225,33.36616,-97.67345
76226,33.10775,-97.17196
76227,33.27465,-96.99075
76228,33.61438,-98.06305
76230,33.52264,-97.94497
76233,33.54025,-96.89696
76234,33.27587,-97.51404
76238,33.4861,-97.34148
76239,33.524,-97.57033
76240,33.65654,-97.17766
76241,33.64542,-97.17628
76244,32.93101,-97.28076
76245,33.82885,-96.85422
76247,33.0965,-97.33154
76248,32.92988,-97.22972
76249,33.27993,-97.3026
76250,33.63006,-97.24237
76251,33.65455,-97.69076
76252,33.67788,-97.38695
76253,33.62516,-97.31327
76255,33.8179,-97.71625
76258,33.37202,-96.9204
76259,33.19977,-97.31603
76261,33.80291,-97.96233
76262,33.01137,-97.22101
76263,33.50435,-97.43735
76264,33.74172,-96.83509
76265,33.74079,-97.53922
76266,33.36818,-97.21513
76267,33.36935,-97.39711
76268,33.62785,-96.76539
76270,33.45471,-97.76247
76271,33.46953,-96.91412
76272,33.46421,-97.12721
76273,33.74794,-96.93935
76301,33.90507,-98.48043
76302,33.86607,-98.48487
76305,33.99979,-98.3909
76306,33.95237,-98.52745
76308,33.85684,-98.5378
76309,33.89551,-98.544
76310,33.81115,-98.51178
76311,33.97324,-98.50823
76351,33.55553,-98.71145
76354,34.09521,-98.62276
76357,34.07875,-98.18512
76360,33.97361,-99.00302
76363,33.50762,-99.53122
76364,34.13998,-99.00529
76365,33.754,-98.2076
76366,33.71439,-98.77436
76367,33.97361,-98.7168
76370,33.45624,-98.89407
76371,33.48668,-99.65453
76372,33.25173,-98.93643
76373,34.15541,-99.11973
76374,33.34823,-98.7648
76377,34.0101,-98.24191
76379,33.67058,-98.47453
76380,33.60434,-99.22305
76384,34.14355,-99.32067
76388,33.31785,-99.62931
76389,33.49713,-98.47568
76401,32.27918,-98.19994
76402,32.21728,-98.21702
76424,32.80431,-98.89236
76426,33.16493,-97.83772
76427,33.13145,-98.39271
76429,32.74742,-98.67428
76430,32.80303,-99.23519
76431,33.31066,-97.86228
76432,31.83945,-98.78705
76433,32.30662,-98.01096
76435,32.21754,-98.85349
76436,31.87404,-98.22271
76437,32.388,-99.01935
76439,32.6176,-97.92708
76442,31.89015,-98.61242
76443,32.11907,-99.20174
76444,32.11781,-98.5672
76445,32.30318,-98.53829
76446,32.07572,-98.35311
76448,32.39257,-98.79541
76449,32.91592,-98.32512
76450,33.05968,-98.64152
76452,31.77119,-98.39198
76453,32.57202,-98.33908
76454,32.22983,-98.69621
76455,31.82142,-98.36676
76457,31.94968,-98.02773
76458,33.21518,-98.18944
76459,33.27395,-98.38972
76460,33.30796,-98.49798
76462,32.52316,-98.03421
76463,32.455,-98.41516
76464,32.57554,-99.1542
76466,32.42887,-98.7332
76469,32.34696,-99.21707
76470,32.49977,-98.6686
76471,32.11117,-98.98499
76472,32.60631,-98.17095
76474,31.97036,-98.79142
76475,32.65296,-98.51281
76476,32.37055,-97.92017
76481,32.99706,-98.70977
76483,33.16667,-99.25111
76484,32.73147,-98.30551
76486,33.02138,-98.05618
76487,32.97912,-97.88346
76490,32.95721,-98.04033
76491,33.05754,-99.03834
76501,31.07555,-97.25469
76502,31.09388,-97.41082
76504,31.14135,-97.37748
76511,30.79955,-97.42293
76513,31.05777,-97.50369
76518,30.85091,-97.13957
76519,30.98978,-97.03579
76520,30.87266,-96.89972
76522,31.21577,-97.97215
76523,30.80366,-97.27795
76524,31.27445,-97.20736
76525,31.47643,-98.17321
76527,30.8379,-97.79531
76528,31.43589,-97.7844
76530,30.71357,-97.42434
76531,31.68423,-98.19058
76534,30.88225,-97.36952
76537,30.81779,-97.60645
76538,31.64261,-97.8896
76539,31.09193,-97.9992
76541,31.11447,-97.72922
76542,31.00062,-97.7274
76543,31.12343,-97.64077
76544,31.23134,-97.75867
76548,31.05299,-97.64613
76549,31.01583,-97.82546
76550,31.07714,-98.22165
76554,30.97583,-97.3677
76556,30.69481,-96.84487
76557,31.29075,-97.39814
76559,31.07987,-97.61079
76561,31.42531,-97.54098
76565,31.64508,-98.3492
76566,31.51664,-97.99881
76567,30.64535,-97.01363
76569,30.93873,-97.21904
76570,31.0818,-96.94173
76571,30.93305,-97.58448
76573,30.81864,-97.50226
76574,30.58297,-97.38967
76577,30.62128,-97.1787
76578,30.53488,-97.24092
76579,31.19894,-97.26046
76596,31.47626,-97.72696
76597,31.48446,-97.70983
76598,31.47543,-97.73488
76599,31.47092,-97.73361
76621,31.87789,-97.08891
76622,31.82032,-97.24942
76623,32.219,-96.78879
76624,31.66671,-96.95099
76626,32.10522,-96.71615
76627,32.10511,-97.3881
76628,32.03007,-96.97179
76629,31.15114,-96.65499
76630,31.33993,-97.22405
76631,31.97905,-96.96277
76632,31.29602,-97.06158
76633,31.6857,-97.32503
76634,31.80953,-97.56866
76635,31.72956,-96.66483
76636,32.17213,-97.28307
76637,31.76631,-97.81817
76638,31.55487,-97.446
76639,31.87254,-96.65551
76640,31.69029,-97.07323
76641,32.03847,-96.78723
76642,31.50442,-96.53271
76643,31.45011,-97.19732
76645,32.01224,-97.12816
76648,31.84942,-96.80659
76649,32.00132,-97.87816
76650,31.98994,-96.86678
76651,32.18313,-96.87158
76652,32.11331,-97.57648
76653,31.29963,-96.60536
76654,31.72708,-97.01346
76655,31.39295,-97.1728
76656,31.18555,-97.06161
76657,31.43851,-97.39971
76660,31.93015,-96.89331
76661,31.30785,-96.84584
76664,31.56202,-96.79552
76665,31.91784,-97.72049
76666,32.04653,-96.89178
76667,31.65668,-96.46511
76670,32.12887,-96.98836
76671,31.99351,-97.52768
76673,31.75371,-96.89105
76676,31.87169,-96.95847
76678,31.65009,-96.75087
76679,31.94557,-96.59358
76680,31.18798,-96.80383
76681,31.91071,-96.44006
76682,31.45235,-96.90825
76685,31.34973,-97.0101
76686,31.74178,-96.54464
76687,31.36914,-96.48691
76689,31.66624,-97.50471
76690,32.1031,-97.79219
76691,31.77564,-97.09721
76692,31.95902,-97.33382
76693,31.80977,-96.43843
76701,31.55201,-97.13852
76704,31.57558,-97.12417
76705,31.62448,-97.08814
76706,31.465,-97.09131
76707,31.55365,-97.15829
76708,31.62749,-97.21186
76710,31.5387,-97.19554
76711,31.51422,-97.15374
76712,31.52411,-97.25514
76798,31.54606,-97.12085
76801,31.75471,-99.05462
76802,31.7194,-98.8949
76820,30.79295,-99.04508
76821,31.73862,-99.94963
76823,31.68718,-99.16205
76824,30.9411,-98.46339
76825,31.09493,-99.39329
76827,31.52589,-99.13031
76828,32.00728,-99.28435
76831,30.74599,-98.95543
76832,30.97485,-98.74384
76834,31.87885,-99.46843
76836,31.42409,-99.59196
76837,31.21098,-99.88176
76841,30.86695,-100.14226
76842,30.91888,-99.1023
76844,31.44387,-98.49348
76845,31.54305,-99.48192
76848,30.83928,-99.5637
76849,30.45849,-99.83805
76852,31.35558,-99.44335
76853,31.24774,-98.39047
76854,30.57125,-99.53945
76856,30.70296,-99.26668
76857,31.93361,-98.93313
76858,31.20758,-99.62002
76859,30.87106,-99.83123
76861,31.59216,-100.19637
76862,31.4138,-99.70944
76864,31.54561,-98.73637
76865,31.84944,-100.13663
76866,31.45181,-99.92922
76869,30.90951,-98.97464
76870,31.60386,-98.53151
76871,31.27333,-98.995
76872,31.3357,-99.1603
76873,31.50459,-99.3696
76874,30.47693,-100.12271
76875,31.59928,-100.00749
76877,31.15807,-98.75361
76878,31.66659,-99.29611
76880,31.44491,-98.3151
76882,31.80059,-99.71448
76884,31.69654,-99.56407
76885,30.87304,-98.85742
76887,31.02696,-99.15806
76888,31.60919,-99.63742
76890,31.69229,-98.7649
76901,31.52352,-100.63993
76902,31.54439,-100.72459
76903,31.48168,-100.43787
76904,31.28844,-100.41695
76905,31.49987,-100.31583
76908,31.43226,-100.40314
76909,31.44135,-100.46624
76930,31.11075,-101.11975
76932,31.19124,-101.54984
76933,31.87618,-100.28544
76934,31.61491,-100.67661
76935,31.07744,-100.42261
76936,30.88811,-100.64723
76937,31.39109,-100.15025
76939,31.26855,-100.59028
76940,31.43681,-100.12694
76941,31.24731,-100.89845
76943,30.48057,-101.32623
76945,31.87297,-100.60292
76950,30.43439,-100.56564
76951,31.81255,-101.04709
76953,31.72871,-100.32078
76955,31.29919,-100.1389
76957,31.37232,-100.30514
76958,31.64467,-100.75515
77002,29.75635,-95.36538
77003,29.74961,-95.34521
77004,29.72477,-95.36498
77005,29.71824,-95.42413
77006,29.74086,-95.39126
77007,29.77152,-95.40919
77008,29.79856,-95.41766
77009,29.79499,-95.36758
77010,29.75368,-95.35987
77011,29.743,-95.30785
77012,29.71904,-95.27449
77013,29.79516,-95.23895
77014,29.98025,-95.46363
77015,29.76485,-95.17216
77016,29.86147,-95.29951
77017,29.69153,-95.25093
77018,29.82703,-95.42571
77019,29.75318,-95.41212
77020,29.76842,-95.30878
77021,29.69713,-95.35751
77022,29.8306,-95.3768
77023,29.7216,-95.31827
77024,29.77073,-95.50869
77025,29.68584,-95.43512
77026,29.80013,-95.32934
77027,29.73919,-95.44609
77028,29.82471,-95.28668
77029,29.76382,-95.26326
77030,29.70597,-95.40253
77031,29.65434,-95.54622
77032,29.96523,-95.34004
77033,29.66801,-95.33801
77034,29.61522,-95.19237
77035,29.65269,-95.47688
77036,29.70119,-95.53659
77037,29.8918,-95.39438
77038,29.91906,-95.44121
77039,29.90923,-95.34137
77040,29.87539,-95.52861
77041,29.86203,-95.58187
77042,29.74125,-95.56015
77043,29.8112,-95.57981
77044,29.89808,-95.17685
77045,29.63634,-95.43279
77046,29.73438,-95.43301
77047,29.60843,-95.38662
77048,29.62154,-95.32986
77049,29.83417,-95.14827
77050,29.90286,-95.27013
77051,29.65586,-95.38023
77053,29.58549,-95.45991
77054,29.68102,-95.40424
77055,29.79757,-95.4928
77056,29.74849,-95.46806
77057,29.74522,-95.48885
77058,29.56297,-95.09303
77059,29.60929,-95.12417
77060,29.93567,-95.39697
77061,29.65436,-95.28481
77062,29.57584,-95.13406
77063,29.7356,-95.52157
77064,29.92279,-95.5467
77065,29.92673,-95.60324
77066,29.95714,-95.50277
77067,29.95283,-95.44719
77068,30.00628,-95.48694
77069,29.98631,-95.52398
77070,29.97783,-95.57377
77071,29.65265,-95.52046
77072,29.70006,-95.58539
77073,29.99849,-95.39804
77074,29.68821,-95.51633
77075,29.62119,-95.26749
77076,29.86002,-95.38328
77077,29.75375,-95.64189
77078,29.8529,-95.25089
77079,29.77632,-95.6037
77080,29.81662,-95.52375
77081,29.71219,-95.48026
77082,29.72383,-95.6414
77083,29.69316,-95.64858
77084,29.82698,-95.6612
77085,29.62465,-95.48411
77086,29.9186,-95.49064
77087,29.68631,-95.3034
77088,29.88148,-95.45316
77089,29.58698,-95.2257
77090,30.00845,-95.44317
77091,29.85382,-95.43969
77092,29.83153,-95.47521
77093,29.8623,-95.34097
77094,29.7738,-95.69955
77095,29.90834,-95.65492
77096,29.67464,-95.47965
77098,29.73482,-95.41526
77099,29.67067,-95.58485
77204,29.72168,-95.34356
77301,30.30897,-95.43281
77302,30.22626,-95.36014
77303,30.37569,-95.37937
77304,30.33097,-95.51538
77306,30.2799,-95.31337
77316,30.30974,-95.68528
77318,30.44709,-95.54364
77320,30.80672,-95.55687
77326,30.50445,-94.81661
77327,30.3262,-94.91826
77328,30.40767,-95.18888
77331,30.61928,-95.17706
77334,30.77996,-95.36465
77335,30.58901,-94.92353
77336,30.06842,-95.10306
77338,30.00858,-95.28351
77339,30.04788,-95.22139
77340,30.64601,-95.53441
77341,30.69818,-95.55886
77342,30.73877,-95.55911
77345,30.05392,-95.15884
77346,29.99027,-95.17777
77350,30.81432,-94.90086
77351,30.70411,-94.81682
77354,30.21113,-95.65003
77355,30.1579,-95.75014
77356,30.44807,-95.70358
77357,30.15694,-95.18173
77358,30.55061,-95.45419
77359,30.76262,-95.30441
77360,30.8471,-95.11394
77362,30.16003,-95.67237
77363,30.3267,-95.85732
77364,30.76592,-95.22168
77365,30.11638,-95.2747
77367,30.8504,-95.39147
77368,30.45114,-94.8407
77369,30.44296,-94.75084
77371,30.49376,-94.98146
77372,30.24472,-95.18281
77373,30.06143,-95.38423
77374,30.38226,-94.63069
77375,30.09393,-95.59095
77376,30.44422,-94.6779
77377,30.06141,-95.67608
77378,30.45873,-95.37454
77379,30.03966,-95.53305
77380,30.1365,-95.46863
77381,30.17791,-95.50266
77382,30.19961,-95.5455
77384,30.23453,-95.49675
77385,30.1894,-95.42264
77386,30.10153,-95.3561
77388,30.05957,-95.46764
77389,30.11509,-95.50752
77396,29.94778,-95.26129
77401,29.70398,-95.46192
77406,29.64571,-95.79184
77407,29.67658,-95.71455
77412,29.56693,-96.46031
77414,28.90601,-95.8935
77415,28.93425,-95.72035
77417,29.46633,-95.9621
77418,29.97922,-96.25063
77419,28.8692,-96.25603
77420,29.23404,-95.91908
77422,28.96492,-95.57268
77423,29.83386,-95.98219
77426,30.11633,-96.24721
77428,28.67447,-96.15682
77429,29.99068,-95.65808
77430,29.26487,-95.65616
77431,29.13239,-95.82309
77432,29.05808,-96.21608
77433,29.9492,-95.73979
77434,29.52577,-96.31983
77435,29.51111,-96.12395
77436,29.38874,-96.23832
77437,29.20452,-96.27328
77440,28.88819,-96.14603
77441,29.6955,-95.90896
77442,29.43708,-96.49757
77443,29.35835,-96.18255
77444,29.29641,-95.77794
77445,30.09562,-96.06247
77446,30.0871,-95.9895
77447,30.05178,-95.82868
77448,29.4147,-96.08746
77449,29.83674,-95.73547
77450,29.74753,-95.73696
77451,29.46173,-96.02688
77453,29.23303,-96.01802
77454,29.54304,-96.23044
77455,29.14017,-96.43782
77456,28.9511,-96.1136
77457,28.70119,-95.94076
77458,28.95409,-96.25489
77459,29.52691,-95.53407
77460,29.39744,-96.38451
77461,29.39159,-95.77345
77464,29.61807,-95.94148
77465,28.71152,-96.22545
77466,29.80003,-96.01085
77467,29.23345,-96.18563
77468,29.14681,-95.85173
77469,29.49229,-95.70571
77470,29.52775,-96.55305
77471,29.55159,-95.86785
77473,29.79459,-96.1038
77474,29.77583,-96.18518
77475,29.50419,-96.66026
77476,29.67551,-95.97105
77477,29.62625,-95.56718
77478,29.61896,-95.6077
77479,29.56503,-95.6346
77480,29.09388,-95.76692
77481,29.47053,-95.56975
77482,29.09351,-95.88411
77483,28.77467,-95.86638
77484,30.07924,-95.92812
77485,29.64118,-96.06236
77486,29.15495,-95.6805
77488,29.29833,-96.09821
77489,29.60068,-95.51605
77493,29.85193,-95.83025
77494,29.74566,-95.82302
77498,29.64224,-95.65244
77502,29.67984,-95.19953
77503,29.69078,-95.15781
77504,29.64766,-95.19007
77505,29.64895,-95.14284
77506,29.71786,-95.19018
77507,29.62332,-95.06582
77510,29.34788,-95.09089
77511,29.38638,-95.23769
77514,29.69096,-94.62598
77515,29.17604,-95.44955
77517,29.36253,-95.1369
77518,29.50544,-94.98664
77519,30.21124,-94.58596
77520,29.74599,-95.00388
77521,29.81298,-94.96233
77523,29.77598,-94.8632
77530,29.78948,-95.11159
77531,29.03895,-95.40071
77532,29.93177,-95.05602
77533,30.09139,-94.59488
77534,29.21335,-95.30387
77535,30.05129,-94.91569
77536,29.69021,-95.11891
77538,29.99217,-94.53976
77539,29.45578,-95.02723
77541,29.01496,-95.32667
77545,29.53729,-95.47242
77546,29.5132,-95.19352
77547,29.74018,-95.23836
77550,29.31021,-94.77706
77551,29.27903,-94.83502
77554,29.23187,-94.92544
77555,29.31082,-94.77641
77560,29.86399,-94.59643
77561,30.13459,-94.73551
77562,29.82917,-95.05473
77563,29.31123,-95.01822
77564,30.21811,-94.65989
77565,29.53925,-95.03229
77566,29.04971,-95.47511
77568,29.36653,-94.98773
77571,29.69287,-95.06012
77573,29.50213,-95.08636
77575,30.07738,-94.73666
77577,29.25966,-95.26731
77578,29.47794,-95.36757
77580,29.85706,-94.88081
77581,29.5624,-95.27982
77582,30.01371,-94.65497
77583,29.37763,-95.4585
77584,29.54577,-95.35013
77585,30.29949,-94.5294
77586,29.58267,-95.03391
77587,29.66117,-95.22865
77590,29.3804,-94.91759
77591,29.39971,-95.00074
77597,29.82811,-94.69521
77598,29.53766,-95.13714
77611,30.01259,-93.8222
77612,30.39851,-93.93276
77613,30.02493,-94.35393
77614,30.3055,-93.76033
77615,30.35713,-94.06563
77616,30.56804,-94.2117
77617,29.51128,-94.51052
77619,29.94549,-93.9165
77622,29.85741,-94.29467
77623,29.55957,-94.41621
77624,30.68674,-94.2822
77625,30.37032,-94.3923
77627,29.99095,-94.00772
77629,29.97476,-94.42727
77630,30.06534,-93.86844
77632,30.2014,-93.80477
77640,29.88021,-93.94152
77642,29.93917,-93.91606
77650,29.42995,-94.68096
77651,29.98036,-93.94821
77655,29.71338,-93.95306
77656,30.42866,-94.16887
77657,30.22549,-94.18862
77659,30.15775,-94.43279
77660,30.63993,-94.14105
77661,29.78021,-94.36861
77662,30.1793,-94.01876
77663,30.51033,-94.4052
77664,30.58901,-94.39529
77665,29.78697,-94.40969
77701,30.07321,-94.10579
77702,30.08624,-94.12825
77703,30.11522,-94.10906
77705,29.90652,-94.16961
77706,30.10049,-94.16717
77707,30.05323,-94.1748
77708,30.14747,-94.15128
77713,30.06777,-94.25716
77801,30.63968,-96.36451
77802,30.6609,-96.32233
77803,30.67835,-96.3867
77807,30.6783,-96.47982
77808,30.78965,-96.31362
77830,30.52648,-96.00849
77831,30.73144,-95.90933
77833,30.20842,-96.40797
77835,30.19439,-96.59257
77836,30.53798,-96.67813
77837,31.00704,-96.67718
77840,30.6115,-96.32332
77843,30.61527,-96.34027
77845,30.56212,-96.27607
77852,30.42833,-96.7573
77853,30.3623,-96.84035
77855,31.14741,-96.11217
77856,31.07714,-96.41499
77857,30.78246,-96.73927
77859,30.88012,-96.51707
77861,30.72477,-96.09908
77863,30.39306,-96.55946
77864,30.96087,-95.89297
77865,31.22275,-96.22553
77866,30.49356,-96.21034
77867,30.74163,-96.56992
77868,30.36954,-96.05815
77871,31.05129,-96.10903
77872,30.88539,-96.0971
77873,30.57489,-95.79934
77875,30.58119,-95.94675
77876,30.60369,-95.85656
77878,30.47222,-96.45089
77879,30.40078,-96.49378
77880,30.28283,-96.1863
77882,30.91139,-96.37909
77901,28.80629,-96.98553
77904,28.91788,-97.0311
77905,28.72789,-97.0508
77950,28.26427,-96.89666
77951,28.63476,-96.91183
77954,29.0966,-97.29533
77957,29.03022,-96.70606
77960,28.65306,-97.2461
77961,28.85684,-96.35947
77962,29.03253,-96.5023
77963,28.65589,-97.40093
77964,29.38023,-96.84301
77968,28.90619,-96.84952
77969,28.77579,-96.64719
77970,28.84533,-96.43153
77971,28.83063,-96.52176
77973,28.54094,-96.95512
77974,28.89295,-97.29275
77975,29.56843,-97.08818
77976,28.94057,-97.1342
77977,28.68082,-96.80183
77978,28.69152,-96.5991
77979,28.60248,-96.6017
77982,28.44903,-96.48657
77983,28.39874,-96.64049
77984,29.45373,-97.18849
77986,29.47661,-96.79607
77987,29.34569,-97.08019
77988,28.84701,-96.87547
77990,28.48098,-96.93438
77991,28.7866,-96.59467
77993,28.85158,-97.433
77994,29.17977,-97.46563
77995,29.20384,-97.08814
78001,28.25327,-99.22731
78002,29.28305,-98.73652
78003,29.71092,-99.09823
78004,29.85767,-98.53773
78005,28.92848,-98.84668
78006,29.86869,-98.71368
78007,28.48212,-98.40373
78008,28.72478,-98.25911
78009,29.36251,-98.88442
78010,29.91122,-99.04698
78011,28.80267,-98.73441
78012,28.75792,-98.45578
78013,29.97798,-98.90647
78014,28.39837,-99.10946
78015,29.7439,-98.64785
78016,29.18499,-98.95692
78017,28.72456,-99.20455
78019,28.02401,-99.28461
78021,28.4318,-98.83489
78022,28.24222,-98.16421
78023,29.61549,-98.75443
78024,29.9964,-99.48622
78025,30.07971,-99.28562
78026,28.75573,-98.54754
78027,29.98193,-98.53868
78028,30.04115,-99.16276
78029,29.90078,-99.1898
78039,29.31324,-98.82528
78040,27.51349,-99.50232
78041,27.55489,-99.46889
78043,27.54037,-99.27447
78044,27.75613,-99.22748
78045,27.83197,-99.65963
78046,27.38371,-99.36803
78050,29.08924,-98.50258
78052,29.20582,-98.77427
78055,29.8184,-99.31923
78056,29.53896,-98.94184
78057,29.03924,-99.02185
78058,30.13188,-99.59042
78059,29.19236,-98.84143
78061,28.90162,-99.13104
78062,28.74599,-98.19711
78063,29.68793,-98.91424
78064,28.9206,-98.4249
78065,29.08152,-98.64437
78066,29.49065,-98.89042
78067,27.11312,-99.32793
78069,29.18973,-98.68045
78070,29.89291,-98.40732
78071,28.47756,-98.19733
78072,28.32631,-98.58357
78073,29.24569,-98.6213
78074,29.94234,-98.79214
78075,28.58862,-98.26823
78076,26.93149,-99.13382
78101,29.34444,-98.23316
78102,28.4094,-97.71733
78104,28.52361,-97.76197
78107,28.57827,-97.59484
78108,29.57354,-98.22068
78109,29.47977,-98.29295
78111,29.03696,-97.74074
78112,29.21353,-98.37266
78113,28.94563,-98.13611
78114,29.12124,-98.19708
78116,29.11275,-97.75677
78117,28.95092,-97.95736
78118,28.87574,-97.94729
78119,28.71739,-97.91187
78121,29.35118,-98.10241
78122,29.44512,-97.72212
78123,29.60056,-98.04236
78124,29.5585,-98.15176
78125,28.53184,-97.96656
78130,29.69224,-98.06877
78132,29.76299,-98.19
78133,29.88119,-98.24624
78140,29.30758,-97.7619
78141,28.90484,-97.62365
78142,28.53632,-97.81297
78143,29.26267,-97.86085
78144,28.95506,-97.88795
78145,28.64539,-97.99248
78146,28.6038,-97.83989
78147,29.07375,-98.08017
78148,29.54331,-98.29609
78150,29.5381,-98.2815
78151,28.86788,-97.70986
78152,29.43046,-98.20171
78154,29.54774,-98.26574
78155,29.53305,-97.93832
78159,29.23031,-97.58247
78160,29.24182,-97.9285
78161,29.28741,-98.05012
78162,28.57816,-97.79447
78163,29.7663,-98.44514
78164,28.9792,-97.5188
78201,29.46901,-98.52861
78202,29.42821,-98.46078
78203,29.41513,-98.4593
78204,29.40327,-98.50368
78205,29.42364,-98.48647
78207,29.42223,-98.52545
78208,29.4399,-98.45823
78209,29.48899,-98.45675
78210,29.39597,-98.46433
78211,29.34644,-98.56327
78212,29.46447,-98.49222
78213,29.51745,-98.52358
78214,29.34944,-98.47971
78215,29.4404,-98.48031
78216,29.53641,-98.48999
78217,29.54073,-98.42097
78218,29.49354,-98.39948
78219,29.44137,-98.38459
78220,29.41308,-98.40152
78221,29.28097,-98.47529
78222,29.3679,-98.38334
78223,29.31102,-98.38675
78224,29.30831,-98.53751
78225,29.38795,-98.52586
78226,29.38442,-98.56885
78227,29.39654,-98.64019
78228,29.46072,-98.57201
78229,29.5056,-98.57261
78230,29.5455,-98.55571
78231,29.57978,-98.54504
78232,29.58792,-98.47503
78233,29.55483,-98.36323
78234,29.46108,-98.43715
78235,29.34244,-98.43934
78236,29.3859,-98.62256
78237,29.42079,-98.56832
78238,29.47088,-98.61925
78239,29.51664,-98.3625
78240,29.5244,-98.60813
78242,29.35067,-98.60751
78243,29.37213,-98.59349
78244,29.47702,-98.35075
78245,29.40106,-98.73549
78247,29.58005,-98.41196
78248,29.59022,-98.52553
78249,29.56752,-98.614
78250,29.50341,-98.66668
78251,29.46292,-98.67763
78252,29.34167,-98.69682
78253,29.46899,-98.78885
78254,29.53011,-98.72805
78255,29.64814,-98.66405
78256,29.62272,-98.6262
78257,29.64373,-98.57713
78258,29.63574,-98.49282
78259,29.62512,-98.42031
78260,29.69737,-98.49212
78261,29.69189,-98.40072
78263,29.35084,-98.31219
78264,29.19868,-98.50534
78266,29.65611,-98.3295
78330,27.7656,-97.91378
78332,27.71671,-98.13208
78336,27.94356,-97.1862
78338,26.86821,-97.73585
78339,27.80036,-97.7912
78340,28.12472,-97.20982
78341,27.57551,-98.46636
78342,27.66012,-98.07572
78343,27.62163,-97.77216
78344,27.56303,-98.85966
78347,27.57337,-97.48642
78349,27.37501,-98.29983
78351,27.66779,-97.75258
78352,27.98154,-97.68978
78353,26.88621,-98.23927
78355,27.18855,-98.20304
78357,27.93286,-98.5629
78358,28.06841,-97.04325
78359,27.93021,-97.30056
78360,26.8605,-98.83204
78361,27.08457,-98.73973
78362,27.86668,-97.20167
78363,27.43836,-97.85532
78368,28.11299,-97.81201
78369,27.42418,-99.08229
78370,27.94238,-97.6033
78371,27.5493,-99.04716
78372,27.9979,-98.09669
78373,27.78075,-97.11737
78374,27.88849,-97.29366
78375,27.38282,-98.16351
78376,27.37163,-98.47721
78377,28.3418,-97.18051
78379,27.30211,-97.79361
78380,27.77872,-97.7363
78382,28.11489,-97.06342
78383,28.07713,-97.94425
78384,27.73068,-98.4707
78385,27.1276,-97.8369
78387,28.08224,-97.55255
78389,28.244,-97.66619
78390,28.00198,-97.35631
78391,28.18297,-97.72743
78393,28.18097,-97.35427
78401,27.79734,-97.40118
78402,27.82413,-97.4091
78404,27.76798,-97.39946
78405,27.77404,-97.43872
78406,27.77197,-97.51543
78407,27.80762,-97.44772
78408,27.80081,-97.44339
78409,27.81729,-97.51458
78410,27.83798,-97.59388
78411,27.7293,-97.38504
78412,27.70364,-97.34264
78413,27.68345,-97.40409
78414,27.65992,-97.369
78415,27.65437,-97.48712
78416,27.74933,-97.43759
78417,27.73753,-97.46771
78418,27.52732,-97.29313
78419,27.69689,-97.26881
78501,26.21599,-98.2391
78503,26.16229,-98.25132
78504,26.27758,-98.23728
78516,26.14256,-98.11977
78520,25.96564,-97.55103
78521,25.95109,-97.32078
78526,25.99587,-97.44991
78535,26.24948,-97.73124
78536,26.6432,-98.44369
78537,26.17322,-98.05744
78538,26.36812,-97.97152
78539,26.28,-98.18311
78540,26.54911,-97.99164
78541,26.4528,-98.28632
78542,26.44412,-98.09163
78543,26.30117,-98.00508
78545,26.591,-99.13889
78547,26.30868,-98.69723
78548,26.27654,-98.65527
78549,26.48528,-98.02329
78550,26.25469,-97.66406
78552,26.19664,-97.75083
78557,26.10844,-98.25118
78558,26.29276,-98.02366
78559,26.14549,-97.82765
78560,26.25545,-98.49515
78561,26.4687,-97.91595
78562,26.28809,-97.89293
78563,26.66557,-98.2517
78564,26.67801,-99.13171
78565,26.24453,-98.561
78566,26.13543,-97.42184
78567,26.04607,-97.73866
78569,26.37417,-97.73851
78570,26.17149,-97.9112
78572,26.19848,-98.35633
78573,26.29745,-98.30242
78574,26.31118,-98.37293
78575,26.03234,-97.55083
78576,26.32584,-98.46799
78577,26.1665,-98.19082
78578,26.05336,-97.31004
78579,26.0892,-97.94627
78580,26.50065,-97.75087
78582,26.53937,-98.73985
78583,26.28166,-97.4686
78584,26.56226,-98.98471
78585,26.4856,-99.07737
78586,26.10715,-97.64576
78588,26.73966,-98.39852
78589,26.15349,-98.15979
78590,26.50401,-97.63486
78591,26.65351,-98.53408
78592,26.06516,-97.8461
78593,26.26999,-97.82187
78594,26.34704,-97.8037
78595,26.31457,-98.54038
78596,26.10668,-97.99856
78597,26.2474,-97.19688
78598,26.52363,-97.42327
78599,26.2181,-97.99087
78602,30.12735,-97.32801
78605,30.77366,-98.04663
78606,30.09213,-98.45789
78607,30.81961,-98.488
78608,30.9341,-97.93255
78609,30.75975,-98.45271
78610,30.07962,-97.84047
78611,30.79188,-98.26663
78612,30.09301,-97.49017
78613,30.50683,-97.81939
78614,29.41314,-97.59429
78615,30.46426,-97.39061
78616,29.92687,-97.55655
78617,30.1508,-97.59928
78618,30.48624,-99.16794
78619,30.11215,-98.03101
78620,30.22214,-98.13491
78621,30.33737,-97.36053
78622,29.77225,-97.78229
78623,29.95973,-98.21933
78624,30.29227,-98.87141
78626,30.66664,-97.59878
78628,30.63981,-97.74636
78629,29.47762,-97.45093
78631,30.34576,-99.31161
78632,29.68866,-97.46858
78633,30.73803,-97.75465
78634,30.56,-97.54404
78635,30.20824,-98.5485
78636,30.31649,-98.42376
78638,29.65821,-97.79595
78639,30.65823,-98.45506
78640,29.99619,-97.82355
78641,30.55851,-97.91473
78642,30.6946,-97.94087
78643,30.68161,-98.71281
78644,29.87111,-97.67292
78645,30.4502,-97.96934
78648,29.69594,-97.63827
78650,30.30536,-97.21574
78652,30.13462,-97.8606
78653,30.33783,-97.52006
78654,30.57112,-98.20982
78655,29.82346,-97.83517
78656,29.90275,-97.8089
78657,30.53328,-98.37906
78658,29.59339,-97.62661
78659,30.20667,-97.12624
78660,30.44361,-97.59558
78661,29.72925,-97.74212
78662,29.94316,-97.44231
78663,30.41582,-98.31144
78664,30.50461,-97.64583
78665,30.55038,-97.63681
78666,29.8826,-97.97974
78669,30.4347,-98.13066
78670,29.76267,-97.84608
78671,30.20409,-98.63275
78672,30.88151,-98.49128
78674,30.67213,-97.59653
78675,30.4585,-98.70534
78676,30.04141,-98.15051
78677,29.34174,-97.59335
78681,30.5355,-97.71981
78701,30.27022,-97.74248
78702,30.26339,-97.7144
78703,30.29385,-97.76554
78704,30.24298,-97.76537
78705,30.2947,-97.739
78712,30.28393,-97.73294
78717,30.48988,-97.75393
78719,30.14465,-97.67148
78721,30.27127,-97.68345
78722,30.29005,-97.71458
78723,30.30423,-97.68578
78724,30.29474,-97.61439
78725,30.23554,-97.60859
78726,30.42898,-97.84254
78727,30.42894,-97.71736
78728,30.45537,-97.68948
78729,30.45738,-97.75516
78730,30.36322,-97.83847
78731,30.34766,-97.7687
78732,30.3802,-97.89291
78733,30.32338,-97.87762
78734,30.38079,-97.94676
78735,30.26634,-97.86775
78736,30.24833,-97.94965
78737,30.18935,-97.96059
78738,30.30668,-97.99002
78739,30.17596,-97.89087
78741,30.23007,-97.71389
78742,30.24375,-97.65869
78744,30.18024,-97.72888
78745,30.20743,-97.79822
78746,30.29759,-97.81136
78747,30.12521,-97.74117
78748,30.16144,-97.8227
78749,30.21329,-97.85732
78750,30.41685,-97.80223
78751,30.3108,-97.72278
78752,30.33141,-97.70364
78753,30.38353,-97.67335
78754,30.35633,-97.63925
78756,30.32219,-97.7402
78757,30.35164,-97.73267
78758,30.38768,-97.70665
78759,30.4027,-97.76093
78801,29.36407,-99.88476
78802,29.14481,-99.91983
78827,28.42865,-99.72393
78828,29.84372,-99.99375
78829,28.89351,-99.57401
78830,28.53226,-99.48219
78832,29.39512,-100.4069
78833,29.69785,-99.97248
78834,28.54776,-99.87286
78836,28.32336,-99.64569
78837,29.92708,-101.28057
78838,29.53476,-99.70757
78839,28.71282,-99.75516
78840,29.74499,-100.92362
78841,29.8459,-101.4653
78842,29.63677,-101.01044
78843,29.34904,-100.79188
78850,29.27937,-99.33581
78851,30.22441,-101.91733
78852,28.82698,-100.31543
78860,28.38168,-100.22962
78861,29.41778,-99.15663
78870,29.29829,-99.61255
78871,29.90185,-101.62018
78872,28.90751,-99.88039
78873,29.80966,-99.73953
78877,28.9533,-100.60429
78879,29.6435,-99.71733
78880,29.96486,-100.27779
78881,29.39333,-99.50972
78883,29.67707,-99.31851
78884,29.63823,-99.49308
78885,29.82682,-99.54502
78886,29.15453,-99.18749
78931,30.03117,-96.44291
78932,30.1656,-96.70793
78933,29.77209,-96.33829
78934,29.7023,-96.56741
78935,29.68797,-96.43006
78938,29.82757,-96.7041
78940,29.93139,-96.66701
78941,29.74201,-97.1561
78942,30.16803,-96.93153
78943,29.69721,-96.59538
78944,30.00401,-96.48945
78945,29.91594,-96.89031
78946,30.18947,-96.77412
78947,30.42378,-97.04183
78948,30.30748,-96.97022
78949,29.83681,-97.08062
78950,29.90735,-96.48518
78951,29.61361,-96.83746
78953,29.85552,-97.35214
78954,30.04507,-96.69774
78956,29.68322,-96.93454
78957,30.01279,-97.17481
78959,29.69877,-97.30153
78962,29.66951,-96.73815
78963,29.92586,-97.02767
79001,35.2824,-102.8023
79002,35.19819,-100.76956
79003,35.63873,-100.0881
79005,36.3874,-100.50627
79007,35.66635,-101.41444
79008,35.69845,-101.42383
79009,34.53016,-102.88533
79010,35.45283,-102.12013
79011,35.63111,-100.20866
79012,35.11701,-102.1072
79013,36.04183,-101.99335
79014,35.91912,-100.32123
79015,34.95259,-101.89925
79016,34.98338,-101.9148
79018,35.69322,-102.33767
79019,34.98099,-101.39288
79021,33.98366,-101.99302
79022,36.10004,-102.61443
79024,36.43877,-100.35188
79025,34.94943,-102.20117
79027,34.49238,-102.3378
79029,35.89513,-102.02756
79031,34.24501,-102.45225
79032,34.2878,-101.89492
79033,36.30684,-100.97661
79034,36.37524,-100.16581
79035,34.68301,-102.78573
79036,35.59727,-101.54826
79039,35.25237,-101.12206
79040,36.30113,-101.57841
79041,34.0376,-101.93466
79042,34.74802,-101.89449
79043,34.36761,-102.1374
79044,35.87456,-102.37903
79045,34.89831,-102.51228
79046,36.14237,-100.10709
79051,36.45421,-102.23423
79052,34.35869,-101.76276
79053,34.40284,-102.59106
79054,35.42894,-100.78086
79056,36.21724,-100.22139
79057,35.20638,-100.62157
79058,35.59509,-101.94925
79059,35.79825,-100.73531
79061,35.51987,-100.45706
79062,35.99616,-101.52733
79063,34.51063,-102.115
79064,34.17738,-102.12699
79065,35.52363,-100.90378
79066,35.49929,-101.03423
79068,35.33633,-101.45226
79070,36.25346,-100.80731
79072,34.1719,-101.745
79073,33.95608,-101.94924
79078,35.69856,-101.55
79079,35.20719,-100.24884
79080,35.70341,-101.21116
79081,36.21559,-101.21054
79082,34.21881,-102.2862
79083,35.87359,-101.51422
79084,36.25502,-102.01825
79085,34.73977,-102.50956
79086,36.13538,-101.79255
79087,36.32788,-102.93667
79088,34.57463,-101.69315
79091,34.87053,-102.11431
79092,35.28133,-102.48784
79093,36.26637,-101.02997
79094,34.84546,-101.52493
79095,34.88485,-100.19561
79096,35.45133,-100.1984
79097,35.43104,-101.17405
79098,35.15671,-102.21646
79101,35.20605,-101.83946
79102,35.19948,-101.84661
79103,35.18297,-101.7999
79104,35.2011,-101.79017
79106,35.20369,-101.89178
79107,35.23119,-101.7946
79108,35.37511,-101.80307
79109,35.1665,-101.88633
79110,35.14946,-101.87109
79111,35.21934,-101.68957
79118,35.10103,-101.74863
79119,35.10876,-102.01968
79121,35.17447,-101.92922
79124,35.26891,-102.02705
79201,34.4101,-100.33521
79220,33.7658,-100.76614
79223,34.2317,-100.48085
79225,34.25058,-99.50831
79226,34.91965,-100.99229
79227,33.87702,-99.74893
79229,33.67379,-100.744
79230,34.71353,-100.04878
79231,33.94164,-101.06579
79233,34.50195,-100.49165
79234,34.22108,-100.95509
79235,33.94794,-101.26088
79236,33.5992,-100.28095
79237,34.85566,-100.66588
79239,34.64837,-100.77015
79240,34.8836,-100.76797
79241,34.18069,-101.38507
79243,33.76426,-101.02557
79244,34.0383,-100.8059
79245,34.68001,-100.47552
79247,34.39704,-99.3807
79248,33.94146,-100.22159
79250,33.88134,-101.59881
79251,34.96174,-100.45441
79252,34.31001,-99.80874
79255,34.36113,-101.04924
79256,33.87463,-100.82078
79257,34.44868,-101.2995
79258,34.24344,-101.29647
79259,34.36243,-100.45594
79261,34.45525,-100.86876
79311,33.85781,-101.88228
79312,34.06218,-102.36794
79313,33.8126,-102.16093
79314,33.63016,-103.03051
79316,33.13478,-102.3058
79322,33.65887,-101.19814
79323,32.94678,-102.89674
79324,33.88759,-102.73534
79325,34.40798,-102.93821
79326,34.09913,-102.21433
79329,33.72503,-101.68807
79330,33.03072,-101.21727
79331,32.66775,-101.97488
79336,33.59962,-102.40214
79339,33.87938,-102.34682
79342,32.90313,-102.33188
79343,33.65096,-101.54459
79344,33.85677,-103.0143
79345,33.33611,-102.32789
79346,33.64805,-102.82309
79347,34.18804,-102.79682
79350,33.73115,-101.82296
79351,32.93191,-101.78581
79353,33.78723,-102.58723
79355,33.16605,-102.89485
79356,33.2562,-101.33245
79357,33.64659,-101.40577
79358,33.4321,-102.20017
79359,32.92872,-102.54718
79360,32.69018,-102.72482
79363,33.70769,-102.03804
79364,33.44681,-101.6355
79366,33.53016,-101.68367
79367,33.58938,-102.16805
79369,33.94322,-102.15916
79370,33.4638,-100.92328
79371,33.97942,-102.69414
79372,33.42482,-102.50108
79373,33.15905,-101.83628
79376,33.25506,-102.64143
79377,32.9309,-102.13653
79378,33.03075,-102.44482
79379,33.49523,-102.65345
79380,33.73913,-102.32784
79381,33.32312,-101.76982
79382,33.46578,-102.02282
79383,33.32429,-101.90801
79401,33.58683,-101.85179
79402,33.58124,-101.84201
79403,33.6433,-101.76595
79404,33.52651,-101.79856
79406,33.58336,-101.88082
79407,33.56566,-102.08895
79410,33.56962,-101.89124
79411,33.57012,-101.85773
79412,33.5464,-101.85765
79413,33.54576,-101.88775
79414,33.54862,-101.91943
79415,33.69863,-101.90497
79416,33.60473,-101.97658
79423,33.43376,-101.84751
79424,33.46865,-101.93881
79501,32.74332,-99.89332
79502,33.18305,-100.26499
79503,32.89003,-99.69033
79504,32.31336,-99.35271
79505,33.56323,-99.84003
79506,32.11366,-100.32613
79508,32.26999,-99.83032
79510,32.26006,-99.52872
79511,32.42982,-101.26699
79512,32.32614,-100.92807
79517,32.87754,-101.24144
79518,33.31644,-100.74382
79519,32.04926,-99.69857
79520,32.87581,-100.13012
79521,33.12478,-99.64061
79525,32.62745,-99.82711
79526,32.6443,-100.75192
79527,32.59637,-101.09939
79528,33.15936,-100.57982
79529,33.42911,-99.82915
79530,32.09981,-99.78178
79532,32.40804,-100.71357
79533,32.84898,-99.54739
79534,32.75559,-100.22273
79535,32.2219,-100.48421
79536,32.47333,-100.02859
79537,32.28033,-100.21402
79538,31.97891,-99.69177
79539,33.36965,-99.89207
79540,33.15173,-100.06289
79541,32.15018,-99.81617
79543,32.71864,-100.38724
79544,33.30557,-99.86565
79545,32.41806,-100.57753
79546,32.8792,-100.49136
79547,33.20478,-99.91023
79548,33.06989,-99.93005
79549,32.90152,-100.90407
79553,32.93785,-99.84022
79556,32.48451,-100.39263
79560,32.67514,-100.2094
79561,32.51974,-100.18369
79562,32.24168,-99.86766
79563,32.42222,-99.90929
79565,32.37637,-101.08415
79566,32.15454,-100.1098
79567,31.97678,-99.97787
79601,32.57226,-99.64921
79602,32.33568,-99.6699
79603,32.39904,-99.89222
79605,32.43394,-99.78182
79606,32.35477,-99.83139
79607,32.42289,-99.83904
79699,32.46221,-99.71502
79701,31.99239,-102.08105
79703,31.97998,-102.13158
79705,32.09619,-102.0508
79706,31.83622,-101.97025
79707,32.03304,-102.21189
79713,32.49861,-101.74554
79714,32.32947,-102.71323
79718,30.99474,-103.73293
79719,31.46042,-103.4051
79720,32.20171,-101.51395
79721,32.22491,-101.52737
79730,31.19335,-103.06396
79731,31.4477,-102.56095
79733,32.11036,-101.36683
79734,30.68526,-103.97911
79735,30.74837,-102.85518
79738,32.73625,-101.48269
79739,31.75515,-101.50668
79741,32.00833,-102.65675
79742,31.3605,-102.86027
79743,31.24911,-102.76766
79744,30.89083,-101.91305
79745,31.85302,-103.03325
79748,32.38784,-101.66889
79749,32.25551,-101.83419
79752,31.10993,-102.19225
79754,31.81735,-103.49163
79755,31.51298,-101.96934
79756,31.54626,-102.88338
79758,32.0112,-102.33569
79759,31.80913,-102.69819
79761,31.85603,-102.3485
79762,31.92573,-102.35502
79763,31.80766,-102.46744
79764,31.88546,-102.47378
79765,31.92205,-102.29878
79766,31.71014,-102.36185
79769,31.68212,-102.61973
79770,31.85389,-103.90585
79772,31.39852,-103.5867
79776,31.77513,-102.55573
79777,31.47772,-103.16337
79778,31.25857,-101.97359
79780,31.03937,-103.65754
79781,30.60111,-101.75348
79782,32.18599,-101.88823
79783,32.3321,-102.05007
79785,31.32135,-103.94006
79788,31.60544,-102.98261
79789,31.75047,-103.1948
79821,31.97677,-106.59822
79830,29.89491,-103.49925
79832,30.36316,-103.64934
79834,29.17102,-103.28736
79835,31.93555,-106.59491
79836,31.56975,-106.2112
79837,32.11472,-105.22792
79838,31.49362,-106.17024
79839,31.36476,-105.68693
79842,30.0151,-103.02301
79843,30.11987,-104.30359
79845,29.65332,-104.39724
79846,29.41684,-103.98559
79847,31.78975,-104.99032
79848,30.27747,-102.26187
79849,31.56449,-106.25275
79851,31.2687,-105.26255
79852,29.36484,-103.6029
79853,31.43559,-106.06493
79854,30.6109,-104.62469
79855,30.92331,-104.85583
79901,31.7597,-106.48049
79902,31.78431,-106.49768
79903,31.78622,-106.44194
79904,31.85005,-106.45417
79905,31.76665,-106.42523
79906,31.80906,-106.41954
79907,31.7074,-106.32681
79908,31.82974,-106.37763
79911,31.9361,-106.53569
79912,31.84839,-106.53272
79915,31.74593,-106.37245
79916,31.86268,-106.38912
79918,31.84691,-106.36936
79920,31.82261,-106.46037
79922,31.81126,-106.55823
79924,31.90224,-106.41355
79925,31.79851,-106.36327
79927,31.64566,-106.27359
79928,31.67896,-106.11511
79930,31.81078,-106.46846
79932,31.87753,-106.6068
79934,31.95206,-106.434
79935,31.76804,-106.33029
79936,31.77373,-106.29631
79938,31.85764,-106.03895
80002,39.79405,-105.10845
80003,39.827,-105.06412
80004,39.81443,-105.12293
80005,39.85053,-105.13031
80007,39.8665,-105.19875
80010,39.73979,-104.86193
80011,39.74393,-104.78994
80012,39.69976,-104.83784
80013,39.66145,-104.76577
80014,39.66353,-104.83781
80015,39.62737,-104.79497
80016,39.59391,-104.72311
80017,39.69914,-104.7735
80018,39.69071,-104.68096
80019,39.78653,-104.6972
80020,39.93121,-105.07407
80021,39.89105,-105.11448
80022,39.86448,-104.78868
80023,39.97407,-105.01011
80024,39.84403,-104.91842
80025,39.92444,-105.29226
80026,40.01188,-105.0985
80027,39.9508,-105.16354
80030,39.83006,-105.03695
80031,39.87522,-105.04039
80033,39.77315,-105.10222
80045,39.74702,-104.83843
80101,39.42503,-103.95395
80102,39.73237,-104.43874
80103,39.78035,-104.09576
80104,39.30213,-104.81967
80105,39.62679,-103.96078
80106,39.17646,-104.52975
80107,39.41195,-104.57226
80108,39.44441,-104.85321
80109,39.36473,-104.90056
80110,39.64612,-105.00928
80111,39.6124,-104.88025
80112,39.57288,-104.85854
80113,39.64224,-104.96189
80116,39.30711,-104.71947
80117,39.37203,-104.39978
80118,39.19132,-104.8848
80120,39.5929,-105.00949
80121,39.61045,-104.95421
80122,39.5806,-104.95573
80123,39.61578,-105.0692
80124,39.53197,-104.89173
80125,39.48546,-105.05737
80126,39.54127,-104.96251
80127,39.52249,-105.15773
80128,39.56167,-105.07914
80129,39.54521,-105.01203
80130,39.52918,-104.92448
80131,39.47627,-105.00899
80132,39.09183,-104.8576
80133,39.1155,-104.90443
80134,39.48282,-104.77957
80135,39.27763,-105.13494
80136,39.80729,-104.29613
80137,39.70901,-104.59235
80138,39.51649,-104.67114
80202,39.75156,-104.99768
80203,39.73142,-104.98274
80204,39.73476,-105.0207
80205,39.75891,-104.96353
80206,39.73041,-104.95258
80207,39.76137,-104.91674
80209,39.70608,-104.9656
80210,39.6781,-104.96275
80211,39.76715,-105.02006
80212,39.77174,-105.04819
80214,39.74205,-105.07123
80215,39.74412,-105.1158
80216,39.78659,-104.96187
80218,39.73119,-104.97073
80219,39.69496,-105.03432
80220,39.73375,-104.91648
80221,39.81555,-105.0103
80222,39.6713,-104.92828
80223,39.69646,-105.00216
80224,39.68803,-104.91161
80226,39.71081,-105.09155
80227,39.66331,-105.10536
80228,39.69186,-105.15726
80229,39.85472,-104.95867
80230,39.72032,-104.88933
80231,39.67123,-104.88787
80232,39.68892,-105.08983
80233,39.89937,-104.94697
80234,39.91208,-105.00526
80235,39.64615,-105.08909
80236,39.65169,-105.03966
80237,39.63996,-104.90178
80238,39.77722,-104.8808
80239,39.78801,-104.8333
80241,39.92876,-104.95492
80246,39.70461,-104.9314
80247,39.69684,-104.88127
80249,39.84964,-104.69496
80260,39.86705,-105.00569
80264,39.74248,-104.98548
80266,39.79002,-104.90021
80290,39.74411,-104.98675
80293,39.74608,-104.98972
80294,39.74979,-104.98971
80301,40.04795,-105.19876
80302,40.0306,-105.35542
80303,39.97422,-105.21206
80304,40.04557,-105.29006
80305,39.97733,-105.24877
80310,40.00465,-105.26254
80401,39.71672,-105.23286
80403,39.83229,-105.32013
80419,39.7284,-105.20239
80420,39.31451,-106.10553
80421,39.48166,-105.50462
80422,39.8635,-105.53846
80423,39.84776,-106.55359
80424,39.47089,-106.01685
80425,39.34714,-105.23162
80426,39.87393,-106.98452
80427,39.79366,-105.52413
80428,40.85326,-106.91373
80430,40.50925,-106.44688
80432,39.22256,-105.82969
80433,39.49636,-105.29586
80434,40.91209,-106.28228
80435,39.60161,-105.92452
80436,39.78203,-105.64349
80438,39.7602,-105.78356
80439,39.6343,-105.42994
80440,39.13412,-106.04137
80442,39.91633,-105.89813
80443,39.50165,-106.16673
80444,39.63138,-105.73078
80446,40.16335,-105.937
80447,40.30116,-105.81712
80448,39.41769,-105.63747
80449,38.93059,-105.79169
80451,40.04007,-106.04456
80452,39.70969,-105.59515
80453,39.66477,-105.24285
80454,39.63109,-105.25204
80455,40.11071,-105.39071
80456,39.30643,-105.69211
80457,39.65091,-105.29972
80459,40.1843,-106.41877
80461,39.24244,-106.29016
80463,39.95523,-106.73888
80465,39.60437,-105.21521
80466,39.99008,-105.546
80467,40.25692,-106.87326
80468,39.91447,-106.10979
80469,40.21448,-106.96797
80470,39.40104,-105.34527
80471,39.93507,-105.42048
80473,40.45096,-106.1555
80474,39.92353,-105.56404
80475,39.43012,-105.59234
80476,39.68522,-105.80972
80478,40.02218,-105.85693
80479,40.02078,-106.86356
80480,40.67188,-106.34175
80481,40.10351,-105.52253
80482,39.90429,-105.78404
80483,40.12482,-106.92124
80487,40.58803,-106.89321
80498,39.7794,-106.22338
80501,40.16479,-105.10208
80503,40.16922,-105.20725
80504,40.16523,-105.03029
80510,40.20964,-105.57878
80512,40.62989,-105.56828
80513,40.29789,-105.10913
80514,40.07152,-104.95401
80515,40.45659,-105.37726
80516,40.05333,-105.01869
80517,40.39731,-105.61165
80520,40.11387,-104.93347
80521,40.59372,-105.1268
80524,40.64814,-105.02155
80525,40.52795,-105.04249
80526,40.5174,-105.13262
80528,40.49343,-105.00075
80530,40.10153,-104.92302
80532,40.4775,-105.46048
80534,40.33192,-104.93522
80535,40.73718,-105.19292
80536,40.87458,-105.38842
80537,40.38304,-105.20277
80538,40.48174,-105.16825
80540,40.23186,-105.39341
80542,40.23431,-104.99882
80543,40.34645,-104.8532
80544,40.10305,-105.17178
80545,40.85911,-105.69644
80546,40.52415,-104.84986
80547,40.52948,-104.96347
80549,40.84341,-105.05499
80550,40.48213,-104.90223
80601,39.96288,-104.80777
80602,39.96369,-104.90661
80603,39.9845,-104.74539
80610,40.66996,-104.58269
80611,40.62015,-104.24964
80612,40.89924,-104.82287
80615,40.5444,-104.64236
80620,40.37425,-104.71337
80621,40.10732,-104.79841
80622,40.54235,-104.44732
80623,40.28531,-104.78253
80624,40.45683,-104.45635
80631,40.44216,-104.67809
80634,40.40075,-104.79222
80640,39.88536,-104.88202
80642,40.05353,-104.61565
80643,40.11186,-104.47164
80644,40.3371,-104.43866
80645,40.28409,-104.64731
80646,40.47537,-104.69761
80648,40.76559,-104.72816
80649,40.37924,-104.17595
80650,40.6484,-104.77666
80651,40.23717,-104.81409
80652,40.11048,-104.2751
80653,40.3931,-103.97685
80654,40.13501,-104.07642
80701,40.13494,-103.81102
80705,40.27116,-103.83428
80720,40.07457,-103.18878
80721,40.68821,-102.15297
80722,40.49515,-103.23833
80723,40.15981,-103.55046
80726,40.91044,-102.7773
80727,40.02185,-102.51484
80728,40.64,-102.87285
80729,40.87439,-104.22632
80731,40.58734,-102.60558
80732,40.9884,-104.30525
80733,40.35695,-103.47989
80734,40.52472,-102.29259
80735,39.71549,-102.25029
80736,40.81635,-103.01907
80737,40.88974,-102.19267
80740,39.74256,-103.38744
80741,40.5598,-103.47339
80742,40.74855,-103.81371
80743,40.21588,-102.95679
80744,40.87471,-102.38355
80745,40.88801,-103.40077
80746,40.60706,-102.45695
80747,40.94709,-103.16392
80749,40.87574,-102.55354
80750,40.41144,-103.60681
80751,40.65263,-103.24504
80754,40.69052,-103.64694
80755,39.89966,-102.35155
80757,39.79244,-103.58588
80758,40.11998,-102.2122
80759,40.10892,-102.68759
80801,39.73943,-103.11354
80802,38.84317,-102.16393
80804,39.35644,-103.26331
80805,39.29378,-102.44923
80807,39.31575,-102.23303
80808,39.00043,-104.30638
80809,38.86503,-104.99733
80810,38.82589,-102.4454
80812,39.67901,-102.89161
80813,38.76307,-105.09278
80814,38.94731,-105.17604
80815,39.40174,-103.08191
80816,38.85162,-105.31591
80817,38.58347,-104.67412
80818,39.41539,-103.48119
80819,38.94076,-105.00249
80820,38.77781,-105.56613
80821,38.97366,-103.43248
80822,39.67088,-102.67815
80823,38.69026,-103.46738
80824,39.66302,-102.49943
80825,38.81864,-102.80624
80826,39.21874,-103.69129
80827,39.05821,-105.46272
80828,39.26643,-103.70983
80829,38.82922,-104.93289
80830,39.11313,-103.91139
80831,38.98867,-104.51172
80832,39.06344,-104.02769
80833,38.73874,-103.93699
80834,39.29735,-102.88617
80835,39.20933,-104.07223
80836,39.30518,-102.58239
80840,39.00041,-104.85446
80860,38.69307,-105.09876
80861,39.32645,-102.74844
80862,38.90926,-103.06782
80863,39.03004,-105.07132
80864,38.69923,-104.18757
80902,38.68683,-104.8127
80903,38.83249,-104.81342
80904,38.86321,-104.87197
80905,38.81855,-104.83649
80906,38.76744,-104.87023
80907,38.87912,-104.82137
80908,39.0463,-104.69094
80909,38.85255,-104.77434
80910,38.81178,-104.7743
80911,38.75325,-104.71955
80913,38.70005,-104.76268
80914,38.82401,-104.70546
80915,38.85271,-104.71652
80916,38.80327,-104.71208
80917,38.88684,-104.74049
80918,38.91156,-104.78032
80919,38.92797,-104.88025
80920,38.95579,-104.77191
80921,39.02648,-104.88156
80922,38.88996,-104.70084
80923,38.92673,-104.71433
80924,38.96727,-104.72199
80925,38.76156,-104.64441
80926,38.64318,-104.92439
80927,38.92833,-104.65878
80928,38.64517,-104.44268
80929,38.82453,-104.60833
80930,38.80507,-104.50644
80938,38.90157,-104.65926
80939,38.87772,-104.67742
80951,38.88396,-104.6558
81001,38.29525,-104.5378
81003,38.27782,-104.65668
81004,38.05121,-104.71595
81005,38.21054,-104.84608
81006,38.24059,-104.47413
81007,38.35858,-104.78472
81008,38.40765,-104.59354
81019,37.94152,-104.83714
81020,37.43821,-104.6253
81021,38.43332,-103.36732
81022,38.03279,-104.43768
81023,38.06352,-104.92966
81024,37.2293,-104.71162
81025,38.34567,-104.26422
81027,37.24687,-103.72308
81029,37.08921,-102.48274
81030,38.10322,-103.51876
81033,38.19575,-103.85557
81036,38.42984,-102.79292
81039,37.94079,-104.08615
81040,37.79283,-105.2493
81041,37.844,-102.3839
81043,38.11982,-102.22312
81044,37.90328,-102.93628
81045,38.55956,-103.16093
81046,37.29597,-104.36867
81047,38.03226,-102.19206
81049,37.31338,-103.36308
81050,37.92266,-103.51528
81052,37.94242,-102.65625
81054,37.88583,-103.19493
81055,37.47727,-105.06635
81057,38.12525,-102.89675
81058,38.10727,-103.88161
81059,37.56259,-103.99322
81062,38.29345,-103.94995
81063,38.45232,-103.78494
81064,37.24593,-102.99753
81067,38.01674,-103.72326
81069,37.88998,-104.88951
81071,38.44838,-102.2816
81073,37.42414,-102.71496
81076,38.32338,-103.6167
81077,38.01374,-103.60985
81081,37.07295,-104.14954
81082,37.20343,-104.41717
81084,37.57031,-102.41929
81087,37.39168,-102.41277
81089,37.6642,-104.66427
81090,37.36311,-102.22434
81091,37.14869,-104.97774
81092,38.20283,-102.86779
81101,37.47197,-105.85243
81120,37.14248,-106.26715
81121,37.01861,-107.42041
81122,37.31839,-107.50574
81123,37.40469,-105.5659
81124,37.28543,-106.10688
81125,37.81745,-106.06678
81126,37.16146,-105.34724
81128,37.06529,-106.65223
81129,37.10495,-106.02167
81130,37.7179,-107.04471
81131,37.87706,-105.66651
81132,37.71656,-106.41009
81133,37.44964,-105.32747
81136,37.72672,-105.85355
81137,37.05555,-107.61596
81138,37.02302,-105.62737
81140,37.28692,-106.1543
81141,37.16256,-105.89507
81143,38.14477,-105.87112
81144,37.5516,-106.14851
81146,37.64616,-105.6776
81147,37.28675,-107.08333
81148,37.17183,-105.98542
81149,38.1035,-106.33858
81151,37.23376,-105.71506
81152,37.12609,-105.39411
81154,37.63473,-106.67179
81155,38.26671,-106.09603
81201,38.55129,-106.08157
81210,38.81898,-106.62219
81211,38.89548,-106.24128
81212,38.54409,-105.42498
81220,38.29861,-107.48414
81221,38.36243,-105.14238
81222,38.35492,-105.81612
81223,38.39372,-105.6031
81224,38.87985,-106.90957
81225,38.94115,-107.00664
81226,38.32213,-105.10193
81227,38.54934,-106.29009
81228,39.03402,-106.27723
81230,38.40752,-106.98372
81232,38.27535,-105.60895
81233,38.49244,-105.81369
81235,37.99363,-107.33098
81236,38.6955,-106.25424
81237,38.62842,-106.59108
81239,38.53667,-106.60825
81240,38.4995,-105.03076
81241,38.62675,-106.48848
81242,38.47181,-106.07288
81243,38.26041,-107.17654
81244,38.36393,-105.16495
81248,38.3991,-106.47763
81251,39.13482,-106.43723
81252,38.10891,-105.42143
81253,38.18763,-105.07497
81301,37.51095,-107.82066
81303,37.12903,-107.85677
81320,37.70115,-108.72654
81321,37.31826,-108.76267
81323,37.64874,-108.27823
81324,37.63734,-109.02911
81325,37.89605,-108.72011
81326,37.14635,-108.11525
81327,37.5155,-108.66488
81328,37.30054,-108.3101
81330,37.23484,-108.47828
81331,37.51387,-108.86252
81332,37.69857,-107.99292
81334,37.11594,-108.63674
81335,37.54381,-108.71978
81401,38.51559,-107.78472
81403,38.32308,-107.92816
81410,38.81261,-107.97595
81411,38.25188,-108.97862
81413,38.97171,-107.90845
81415,38.64027,-107.6368
81416,38.66482,-108.20403
81418,38.90479,-108.05687
81419,38.86332,-107.74872
81422,38.32039,-108.70843
81423,38.03835,-108.45816
81424,38.34098,-108.47346
81425,38.49363,-108.10469
81426,37.87339,-107.83191
81427,37.99301,-107.64387
81428,38.95928,-107.59899
81429,38.34121,-108.90732
81430,38.04013,-108.05764
81431,38.13808,-108.51429
81432,38.12494,-107.74273
81433,37.79346,-107.59448
81434,38.95384,-107.35954
81435,37.90014,-107.92397
81501,39.07174,-108.54569
81503,39.03094,-108.48682
81504,39.1198,-108.49542
81505,39.18593,-108.59997
81506,39.15785,-108.53454
81507,39.0079,-108.62644
81520,39.10962,-108.43561
81521,39.12529,-108.85049
81522,38.66026,-108.93025
81523,38.93803,-108.87362
81524,39.2842,-108.73257
81525,39.26984,-108.95075
81526,39.07741,-108.33056
81527,38.75758,-108.52466
81601,39.59357,-107.32815
81610,40.29418,-108.82468
81611,39.14561,-106.74885
81612,39.05048,-106.82335
81615,39.21437,-106.94172
81620,39.61485,-106.50555
81621,39.37803,-106.8772
81623,39.2451,-107.20921
81624,39.24611,-107.77259
81625,40.70295,-107.74652
81630,39.45769,-108.54627
81631,39.63116,-106.77136
81632,39.62015,-106.61132
81633,40.37644,-108.50983
81635,39.53722,-108.06022
81637,39.77162,-107.10065
81638,40.30589,-107.64205
81639,40.52636,-107.24457
81640,40.69357,-108.51791
81641,40.09112,-107.84699
81642,39.31202,-106.58448
81643,39.11968,-108.15001
81645,39.47634,-106.46779
81646,39.10875,-107.99199
81647,39.57972,-107.5364
81648,39.95096,-108.78498
81649,39.46433,-106.31954
81650,39.75926,-108.11201
81652,39.472,-107.67082
81653,40.9144,-107.2242
81654,39.21462,-107.02597
81655,39.7477,-106.67821
81656,39.27948,-106.78711
81657,39.64864,-106.32608
82001,41.095,-104.93265
82005,41.14631,-104.86787
82007,41.06231,-104.75591
82009,41.38431,-104.85415
82050,41.43517,-104.21477
82051,41.60053,-105.64743
82052,41.12399,-105.34802
82053,41.24392,-104.348
82054,41.0647,-104.35899
82055,41.3483,-106.18191
82058,42.13817,-105.63358
82059,41.05681,-105.17714
82060,41.22526,-104.51505
82061,41.43791,-105.15495
82063,40.87554,-105.9889
82070,41.21404,-105.85037
82072,41.42557,-105.55849
82073,41.16408,-105.43228
82081,41.52319,-104.40653
82082,41.2632,-104.09359
82083,41.72291,-105.99118
82084,41.04764,-105.52494
82190,44.57439,-110.51807
82201,42.01049,-105.11328
82210,41.73214,-104.77981
82212,42.26126,-104.51995
82213,42.50216,-105.00672
82214,42.26421,-104.75104
82215,42.39738,-104.71507
82217,41.76223,-104.17504
82218,41.93623,-104.14004
82219,42.4973,-104.50627
82221,41.63816,-104.34264
82222,43.16311,-104.64988
82223,42.12035,-104.38503
82224,42.93677,-104.88811
82225,42.95428,-104.31385
82227,42.72083,-104.72875
82229,42.85613,-104.9863
82240,42.23064,-104.17824
82242,42.67694,-104.13886
82243,41.99442,-104.41451
82244,41.87602,-104.44228
82301,41.98163,-107.47745
82310,42.44566,-107.8775
82321,41.15921,-107.69697
82322,42.24643,-107.54816
82323,41.0308,-107.52201
82324,41.64509,-106.43721
82325,41.1628,-106.7919
82327,42.17354,-106.69289
82329,42.09073,-106.09959
82331,41.38607,-106.82252
82332,41.06314,-107.3016
82334,41.92837,-106.9679
82335,41.76174,-106.82553
82336,41.71046,-108.16368
82401,44.00089,-108.1677
82410,44.37297,-108.15093
82411,44.44995,-108.47663
82412,44.79014,-108.55286
82414,44.45727,-109.59671
82420,44.92254,-108.46149
82421,44.88399,-108.60497
82422,44.49768,-108.37943
82423,44.98029,-108.58432
82426,44.51595,-108.02938
82428,44.29866,-107.59032
82430,43.80433,-108.17898
82431,44.87059,-108.16218
82432,44.23641,-107.88175
82433,44.0616,-109.12558
82434,44.34726,-108.30767
82435,44.82409,-109.0348
82440,44.71743,-108.86781
82441,44.58025,-107.60799
82442,43.92096,-107.31087
82443,43.71794,-108.48023
82450,44.50398,-109.43379
82501,43.03325,-108.24936
82510,42.99294,-108.6055
82512,43.1639,-109.24974
82513,43.59737,-109.61913
82514,43.01997,-109.01
82515,42.89717,-108.56688
82516,43.21485,-108.83195
82520,42.65919,-108.63282
82523,43.41253,-108.85636
82601,43.0655,-106.34618
82604,42.91751,-106.7084
82609,42.77773,-106.18937
82620,42.52434,-107.08132
82630,43.33432,-107.25595
82633,42.99525,-105.39874
82635,43.4218,-106.21834
82636,42.83473,-106.14286
82637,42.76679,-105.88228
82638,43.0667,-107.25585
82639,43.73555,-106.6978
82640,43.55214,-106.11811
82642,43.2799,-107.65797
82643,43.43973,-106.27359
82644,42.84303,-106.37437
82646,42.96297,-106.79617
82648,43.14749,-107.04194
82649,43.27229,-108.04155
82701,43.71185,-104.4451
82710,44.71488,-104.28465
82711,44.71157,-104.48062
82712,44.52594,-104.12372
82714,44.5519,-104.68009
82716,44.54033,-105.64601
82718,43.91777,-105.61603
82720,44.79324,-104.67241
82721,44.46199,-104.89808
82723,43.98898,-104.42397
82725,44.87752,-105.70974
82727,44.33595,-105.19426
82729,44.36384,-104.38734
82730,44.04378,-104.70031
82731,44.80203,-105.23982
82732,43.725,-105.57871
82801,44.83618,-106.89258
82831,44.66424,-106.0669
82832,44.59442,-106.75233
82833,44.61601,-107.12966
82834,44.25386,-106.74481
82835,44.75856,-106.36918
82836,44.83701,-107.57589
82837,44.72549,-106.28169
82838,44.93793,-107.4839
82839,44.92887,-107.15762
82842,44.57143,-106.93956
82844,44.80405,-107.19965
82845,44.76416,-106.70382
82901,41.38121,-109.02469
82922,43.13507,-110.43426
82923,42.61609,-109.40099
82925,43.23123,-109.89386
82929,41.54765,-109.87134
82930,40.98028,-110.5964
82932,42.1219,-109.38993
82933,41.2686,-110.45446
82934,41.61247,-109.99564
82935,41.67746,-109.66001
82936,41.05725,-110.18239
82937,41.3491,-110.2634
82938,41.09622,-109.73764
82939,41.22068,-110.32357
82941,42.99919,-109.90869
82942,41.70234,-108.77539
82943,41.70197,-109.18399
82944,41.12199,-110.49746
82945,41.72007,-108.9389
83001,43.4094,-110.60884
83011,43.58837,-110.43192
83012,43.7073,-110.75036
83013,43.95666,-110.45191
83014,43.458,-110.93746
83025,43.59371,-110.82814
83101,41.97455,-110.5468
83110,42.72421,-110.90108
83111,42.819,-111.01143
83112,42.88191,-110.8833
83113,42.55189,-110.25204
83114,42.09736,-110.956
83115,42.92003,-110.24036
83116,41.76333,-110.54415
83118,43.06638,-110.9246
83119,42.64394,-110.98828
83120,43.06595,-111.13529
83121,41.84982,-110.54023
83122,42.82175,-110.95843
83123,42.23985,-110.25947
83124,41.75002,-110.20865
83126,42.58697,-110.90916
83127,42.91815,-110.99756
83128,43.14762,-110.7918
83201,42.88949,-112.38324
83202,42.97057,-112.34734
83203,43.0252,-112.42813
83204,42.79219,-112.51877
83209,42.85782,-112.42619
83210,43.02069,-112.86048
83211,42.66257,-113.06186
83212,42.50847,-112.54828
83213,43.55171,-113.35809
83214,42.54495,-112.29362
83215,43.44314,-112.81239
83217,42.77525,-111.93559
83218,43.31803,-112.16453
83220,42.34465,-111.38008
83221,43.30874,-112.53217
83223,42.18249,-111.40327
83226,44.40775,-114.06951
83227,44.16563,-114.49424
83228,42.19496,-112.03658
83232,42.13341,-111.97245
83233,42.15664,-111.25256
83234,42.41661,-112.09482
83235,44.60163,-114.03404
83236,43.22819,-111.94894
83237,42.02737,-111.77626
83238,42.37942,-111.10593
83239,42.53167,-111.36528
83241,42.51527,-111.76214
83243,42.24444,-112.67292
83244,43.94076,-113.11287
83245,42.82286,-112.21713
83246,42.60616,-112.03051
83250,42.67228,-112.20865
83251,43.90738,-113.86425
83252,42.18979,-112.38411
83253,44.54647,-113.77167
83254,42.36403,-111.2655
83255,43.72829,-113.45702
83261,42.22112,-111.40661
83262,43.18419,-112.7658
83263,42.17757,-111.76101
83271,42.4574,-112.84551
83272,42.09156,-111.36835
83274,43.35049,-112.09904
83276,42.75942,-111.44451
83277,43.07429,-112.68127
83278,44.36917,-114.85619
83281,42.31044,-111.95953
83283,42.35709,-111.66445
83285,43.061,-111.37199
83286,42.0533,-112.0148
83287,42.03671,-111.45894
83301,42.39472,-114.52203
83302,42.10012,-114.82857
83311,42.40396,-113.55864
83312,42.10296,-113.6319
83313,43.3586,-114.20511
83314,42.97376,-114.95228
83316,42.60622,-114.88507
83318,42.43434,-113.82007
83320,43.40515,-113.88309
83321,42.35955,-114.86312
83322,43.31475,-114.96811
83323,42.46902,-113.4081
83324,42.87725,-114.2615
83325,42.58675,-114.24282
83327,43.51145,-114.7961
83328,42.56962,-114.61665
83330,42.94207,-114.69291
83332,42.79758,-114.92962
83333,43.57589,-114.2214
83334,42.4243,-114.29126
83335,42.58726,-114.07347
83336,42.5626,-113.81699
83337,43.21807,-115.1575
83338,42.72501,-114.43273
83340,43.77178,-114.58138
83341,42.42875,-114.37052
83342,42.15014,-113.22915
83344,42.40437,-114.11768
83346,42.19491,-113.9046
83347,42.73812,-113.87705
83348,43.28489,-114.10592
83349,43.10148,-114.17784
83350,42.70996,-113.59812
83352,43.05133,-114.40584
83353,43.68625,-114.33354
83354,43.67012,-114.32235
83355,42.75515,-114.72676
83401,43.53222,-111.86516
83402,43.53011,-112.16786
83404,43.42818,-112.01432
83406,43.43768,-111.93382
83414,43.88847,-110.94924
83420,44.06001,-111.32243
83421,44.00349,-111.54057
83422,43.70463,-111.23914
83423,44.33967,-112.33199
83424,43.90488,-111.19136
83425,43.93106,-112.21677
83427,43.35936,-111.75064
83428,43.3833,-111.16093
83429,44.48674,-111.37366
83431,43.68808,-112.03012
83433,44.49284,-111.31788
83434,43.75636,-112.00758
83435,43.98469,-112.58043
83436,43.8588,-111.46665
83438,43.9597,-111.75932
83440,43.81092,-111.80779
83442,43.62931,-111.82507
83443,43.50942,-111.56155
83444,43.69748,-112.24406
83445,44.07014,-111.73075
83446,44.37841,-112.21887
83448,43.85082,-111.70529
83449,43.42487,-111.35966
83450,43.8463,-112.41356
83451,43.86595,-111.63489
83452,43.83619,-111.21239
83454,43.5946,-111.95698
83455,43.60638,-111.14077
83460,43.81639,-111.7826
83462,45.30698,-113.81069
83463,45.5706,-113.97716
83464,44.48105,-113.20271
83465,44.77581,-113.69949
83466,45.44184,-114.05549
83467,45.02006,-113.89828
83468,44.92444,-113.61293
83469,45.1127,-114.47772
83501,46.2283,-116.90608
83520,46.53936,-116.32366
83522,45.91273,-116.50102
83523,46.22939,-116.47224
83524,46.3586,-116.65439
83525,45.73798,-115.39367
83526,46.14759,-116.4169
83530,45.91516,-116.02117
83533,46.11707,-116.24063
83535,46.54011,-116.72599
83536,46.21794,-116.02665
83537,46.62877,-116.52348
83539,46.20361,-114.93684
83540,46.34649,-116.78273
83541,46.49297,-116.50156
83542,45.55291,-116.3115
83543,46.27358,-116.23815
83544,46.49365,-116.1525
83545,46.42664,-116.4213
83546,46.57326,-115.81115
83547,45.31165,-116.33062
83548,46.34878,-116.50843
83549,45.36641,-116.2549
83552,45.9777,-115.93948
83553,46.38365,-115.9038
83554,45.68522,-116.29936
83555,46.08662,-116.72221
83602,44.09676,-116.15049
83604,42.52727,-115.84966
83605,43.66442,-116.65171
83607,43.7116,-116.74362
83610,44.70231,-116.78239
83611,45.03935,-115.24709
83612,44.8438,-116.53296
83615,44.70288,-116.0484
83616,43.77667,-116.38977
83617,43.93303,-116.50368
83619,43.96982,-116.91204
83622,44.1065,-115.88953
83623,43.04932,-115.39485
83624,42.92441,-116.14266
83626,43.66876,-116.82815
83627,42.91336,-115.53238
83628,43.57934,-116.96975
83629,43.91115,-116.16947
83631,43.88543,-115.77369
83632,44.53228,-116.40994
83633,43.0297,-115.21253
83634,43.44824,-116.33287
83636,43.90832,-116.66097
83637,44.13249,-115.29625
83638,45.1504,-115.82001
83639,43.36878,-116.92472
83641,43.35079,-116.6357
83642,43.57334,-116.40116
83643,44.62983,-116.45439
83644,43.74823,-116.58455
83645,44.36016,-116.56454
83646,43.65,-116.43247
83647,43.39487,-115.51159
83648,43.04962,-115.86554
83650,42.87041,-116.65518
83651,43.58438,-116.62884
83654,45.13647,-116.39626
83655,43.95135,-116.79171
83656,43.7255,-116.79852
83657,44.23554,-116.30057
83660,43.80016,-116.9301
83661,44.10617,-116.69337
83666,43.96157,-115.97398
83669,43.71899,-116.50147
83670,44.0189,-116.30793
83672,44.38095,-116.97188
83676,43.65743,-116.91156
83677,45.03763,-115.38691
83686,43.49643,-116.61207
83687,43.60998,-116.52997
83702,43.66821,-116.16493
83703,43.66189,-116.23906
83704,43.62765,-116.28716
83705,43.55609,-116.22002
83706,43.59108,-116.19427
83709,43.55212,-116.28847
83712,43.61663,-116.11766
83713,43.63897,-116.33464
83714,43.72444,-116.27017
83716,43.67271,-115.6548
83720,43.61771,-116.19973
83725,43.60484,-116.20569
83801,47.95631,-116.6434
83802,47.26665,-115.72815
83803,48.02261,-116.39878
83804,48.03714,-116.97315
83805,48.83203,-116.49248
83806,46.88243,-116.37038
83808,47.31276,-116.07659
83809,48.06234,-116.58116
83810,47.54326,-116.45525
83811,48.11296,-116.15574
83812,47.00311,-116.28295
83813,48.10462,-116.63734
83814,47.63717,-116.75811
83815,47.72498,-116.78732
83821,48.59365,-116.8367
83822,48.16785,-117.0014
83823,46.80554,-116.51934
83824,47.10638,-116.93901
83825,48.24694,-116.6076
83826,48.98382,-116.15188
83827,46.78035,-116.17469
83830,47.07651,-116.35272
83832,46.55223,-116.90666
83833,47.51484,-116.73284
83834,46.97566,-116.67484
83835,47.79557,-116.66843
83836,48.27046,-116.24804
83837,47.52835,-116.09103
83839,47.61647,-116.17949
83840,48.31263,-116.51506
83841,48.19911,-116.77851
83842,47.44046,-116.55056
83843,46.72257,-116.94132
83844,46.72823,-117.01946
83845,48.74854,-116.11302
83846,47.47308,-115.75009
83847,48.57699,-116.43207
83848,48.7067,-116.92766
83849,47.51723,-115.99531
83850,47.4421,-116.20674
83851,47.29899,-116.90513
83852,48.31105,-116.53933
83854,47.7267,-116.97511
83855,46.97188,-116.92464
83856,48.34228,-116.91058
83857,46.8895,-116.79776
83858,47.85245,-116.90173
83860,48.19234,-116.52918
83861,47.2488,-116.57821
83864,48.43432,-116.50559
83866,47.14286,-116.43995
83867,47.50624,-115.94696
83868,47.52441,-116.18439
83869,47.98095,-116.89239
83870,47.13862,-116.85372
83871,46.74589,-116.73865
83872,46.85772,-116.97251
83873,47.5982,-115.90899
83874,47.63563,-115.78882
83876,47.44842,-116.93161
84001,40.34525,-110.27241
84002,40.42467,-110.27784
84003,40.46629,-111.69334
84004,40.48444,-111.74447
84005,40.32277,-111.99942
84006,40.59682,-112.12373
84007,40.34115,-110.21717
84008,40.03341,-109.19376
84009,40.55221,-112.05362
84010,40.87433,-111.83042
84013,40.2958,-112.0913
84014,40.93311,-111.85308
84015,41.12073,-112.06129
84017,40.9549,-111.20582
84018,41.20535,-111.42716
84020,40.49885,-111.8635
84021,40.10998,-110.51593
84022,40.17921,-112.81371
84023,40.83781,-109.20665
84024,41.00765,-111.44721
84025,40.97667,-111.89874
84026,40.29122,-109.83882
84027,40.15643,-110.79453
84028,41.93107,-111.38267
84029,40.6483,-112.98298
84031,40.60493,-110.63735
84032,40.35839,-111.188
84033,40.98002,-111.49148
84034,39.99427,-113.9575
84035,40.39024,-109.28208
84036,40.66022,-111.1093
84037,40.99281,-111.91444
84038,41.87926,-111.29692
84039,40.44602,-109.80972
84040,41.09121,-111.89674
84041,41.07137,-111.98416
84042,40.34113,-111.72466
84043,40.41209,-111.87377
84044,40.73,-112.1474
84045,40.28574,-111.91384
84046,40.95339,-109.82786
84047,40.61533,-111.89176
84049,40.5136,-111.51657
84050,41.02244,-111.67229
84051,40.39552,-110.43131
84052,40.16829,-109.99089
84053,40.43325,-109.98941
84054,40.84078,-111.91754
84055,40.71889,-111.16106
84056,41.12679,-111.99084
84057,40.31427,-111.70948
84058,40.27474,-111.71468
84059,40.30353,-111.74853
84060,40.6418,-111.50332
84061,40.74721,-111.3417
84062,40.38586,-111.68421
84063,40.21007,-109.69285
84064,41.67086,-111.12293
84065,40.495,-111.9444
84066,40.34671,-110.05171
84067,41.17189,-112.04803
84069,40.36521,-112.48548
84070,40.57707,-111.88916
84071,40.4191,-112.32475
84072,40.3641,-110.633
84073,40.3456,-110.41394
84074,40.57379,-112.29914
84075,41.05975,-112.06933
84076,40.44718,-109.84017
84078,40.46403,-109.5084
84080,40.02168,-112.44818
84081,40.60275,-112.03821
84082,40.3404,-111.36184
84083,40.84354,-113.6944
84084,40.62139,-111.96603
84085,40.58609,-109.92642
84086,41.41644,-111.20858
84087,40.8891,-111.92898
84088,40.59507,-111.96077
84092,40.55803,-111.74205
84093,40.59473,-111.82863
84094,40.57177,-111.86201
84095,40.55856,-111.94165
84096,40.50539,-112.08546
84097,40.3048,-111.67318
84098,40.73988,-111.53504
84101,40.75628,-111.89996
84102,40.75992,-111.86367
84103,40.8034,-111.84708
84104,40.74846,-111.98286
84105,40.73841,-111.85982
84106,40.70678,-111.85571
84107,40.65799,-111.88447
84108,40.78811,-111.7365
84109,40.70196,-111.7051
84111,40.75575,-111.88431
84112,40.7652,-111.84123
84113,40.76248,-111.83291
84114,40.77794,-111.88831
84115,40.71467,-111.89266
84116,40.83258,-112.01691
84117,40.66167,-111.83561
84118,40.65598,-112.03812
84119,40.70289,-111.94591
84120,40.69686,-112.00178
84121,40.62557,-111.69864
84123,40.65837,-111.92177
84124,40.67113,-111.80705
84128,40.70518,-112.04259
84129,40.6536,-111.96209
84138,40.76675,-111.88724
84150,40.77151,-111.89107
84180,40.77044,-111.9011
84301,41.61368,-112.12723
84302,41.57956,-112.04769
84304,41.82722,-111.99867
84305,41.94388,-112.05804
84306,41.78272,-112.06323
84307,41.5535,-112.49192
84308,41.9656,-111.96681
84309,41.71375,-112.09908
84310,41.3371,-111.84598
84311,41.82012,-112.1106
84312,41.77976,-112.15681
84313,41.34615,-113.71268
84314,41.64929,-112.09292
84315,41.16681,-112.13672
84316,41.77328,-112.44504
84317,41.30359,-111.62178
84318,41.80167,-111.80422
84319,41.59401,-111.659
84320,41.96011,-111.85252
84321,41.77938,-111.68316
84322,41.75822,-111.81256
84324,41.49253,-111.93868
84325,41.73869,-111.99303
84326,41.67228,-111.81772
84327,41.86555,-111.99512
84328,41.53937,-111.8444
84329,41.79229,-113.47079
84330,41.9063,-112.17019
84331,41.94354,-112.35869
84332,41.70313,-111.81205
84333,41.91008,-111.79882
84334,41.78955,-112.15189
84335,41.82907,-111.88074
84336,41.87159,-112.74697
84337,41.69223,-112.28486
84338,41.91133,-111.93527
84339,41.62546,-111.939
84340,41.39312,-112.15705
84341,41.77197,-111.81128
84401,41.21962,-112.03352
84403,41.19379,-111.9038
84404,41.27198,-112.11705
84405,41.15747,-111.96499
84408,41.19252,-111.93966
84414,41.32578,-111.96547
84501,39.53214,-110.80393
84511,37.52687,-109.42054
84512,37.16255,-109.55921
84513,39.24932,-111.00912
84515,38.96824,-109.23876
84516,39.12842,-111.06703
84518,39.3917,-110.88478
84520,39.53392,-110.41949
84521,39.4213,-110.78709
84522,38.90991,-111.20987
84523,39.0946,-111.2014
84525,38.87947,-110.33217
84526,39.72395,-111.04571
84528,39.43404,-111.08778
84529,39.71151,-110.7733
84530,38.23736,-109.40846
84531,37.0683,-109.86371
84532,38.53898,-109.45916
84533,37.40827,-110.56844
84534,37.21283,-109.26826
84535,37.84244,-109.28673
84536,37.14017,-110.23104
84537,39.29966,-111.17345
84539,39.5761,-110.4007
84540,39.20039,-109.55281
84542,39.64433,-110.59916
84601,40.22593,-111.6955
84602,40.25412,-111.65009
84604,40.3313,-111.57284
84606,40.2149,-111.62619
84620,38.92244,-111.92427
84621,39.05109,-111.82959
84622,39.09816,-111.81353
84623,39.45608,-111.59063
84624,39.38429,-112.58756
84626,39.93359,-111.98545
84627,39.35515,-111.58457
84628,39.93583,-112.13419
84629,39.76574,-111.44752
84630,39.31069,-111.8342
84631,38.99771,-112.39675
84632,39.64498,-111.64649
84633,39.94026,-111.89281
84634,39.18028,-111.83561
84635,39.39181,-112.72132
84636,39.13961,-112.3389
84637,38.72183,-112.48706
84638,39.50192,-112.25773
84639,39.51071,-111.90225
84640,39.47622,-112.39942
84642,39.20135,-111.60893
84643,39.12873,-111.68485
84644,38.87008,-112.37511
84645,39.85159,-111.83946
84646,39.54565,-111.61121
84647,39.52708,-111.40658
84648,39.68659,-111.86819
84649,39.34661,-112.32992
84651,39.95633,-111.69342
84652,39.01706,-111.8785
84653,40.04803,-111.66804
84654,38.89144,-111.64442
84655,39.97427,-111.80716
84656,39.23513,-112.1088
84657,38.81817,-111.94022
84660,40.00724,-111.4268
84662,39.43978,-111.48573
84663,40.19266,-111.48917
84664,40.12627,-111.57712
84665,39.19527,-111.66109
84667,39.48926,-111.65115
84701,38.69586,-111.90474
84710,37.46925,-112.51251
84711,38.71294,-112.0606
84712,38.14076,-111.97783
84713,38.3292,-112.54441
84714,37.84815,-113.75547
84715,38.33221,-111.60317
84716,37.97152,-111.4493
84718,37.57954,-112.08306
84719,37.65532,-112.76974
84720,37.55477,-113.25665
84721,37.77021,-113.13308
84722,37.48553,-113.57582
84723,38.17611,-112.2519
84724,38.67417,-112.15015
84725,37.53928,-113.78042
84726,37.7514,-111.57911
84728,39.23887,-113.95719
84729,37.35858,-112.61527
84730,38.74504,-112.00084
84731,38.19714,-112.76195
84732,38.4453,-111.90408
84733,37.29597,-113.79775
84734,38.36353,-110.5658
84735,37.64627,-112.44997
84736,37.63732,-111.7938
84737,37.08321,-113.26032
84738,37.20987,-113.70888
84739,38.64204,-112.22299
84740,38.27504,-112.26689
84741,37.19749,-112.25533
84742,37.52102,-113.14592
84743,38.20827,-112.18572
84744,38.64207,-111.93627
84745,37.20838,-113.26266
84746,37.23867,-113.35055
84747,38.44628,-111.63773
84749,38.36687,-111.47667
84750,38.44205,-112.1947
84751,38.44392,-113.0618
84752,38.24975,-112.88434
84753,37.95019,-113.87967
84754,38.60521,-112.11747
84755,37.22652,-112.78532
84756,37.74249,-113.54772
84757,37.45227,-113.25166
84758,37.27041,-112.68529
84759,37.92238,-112.38423
84760,37.96299,-112.68551
84761,37.84603,-112.87124
84762,37.46882,-112.72644
84763,37.14667,-113.06947
84764,37.72035,-112.06689
84765,37.31012,-113.92535
84766,38.59762,-112.33567
84767,37.20152,-112.9858
84770,37.13818,-113.6294
84772,37.79706,-112.94168
84773,38.24958,-111.47045
84774,37.24324,-113.28089
84775,38.28881,-111.04073
84776,37.62956,-112.08217
84779,37.33381,-113.11869
84780,37.12798,-113.48108
84781,37.41197,-113.47217
84782,37.35939,-113.67522
84783,37.28556,-113.65639
84784,37.01858,-112.96941
84790,37.04615,-113.55738
85003,33.45059,-112.07833
85004,33.45159,-112.06988
85006,33.46511,-112.04778
85007,33.44682,-112.09073
85008,33.46355,-111.98746
85009,33.44457,-112.12661
85012,33.50719,-112.07024
85013,33.51001,-112.08294
85014,33.50903,-112.05665
85015,33.50908,-112.10184
85016,33.50953,-112.03041
85017,33.50898,-112.12381
85018,33.5194,-111.99309
85019,33.50952,-112.14307
85020,33.56766,-112.05485
85021,33.56046,-112.09442
85022,33.62685,-112.05113
85023,33.63156,-112.09452
85024,33.69042,-112.04632
85026,33.44891,-111.97356
85027,33.6771,-112.10206
85028,33.5816,-112.00811
85029,33.59546,-112.11002
85031,33.49491,-112.16835
85032,33.62624,-112.00368
85033,33.49443,-112.21193
85034,33.43465,-112.01989
85035,33.47167,-112.19538
85037,33.49038,-112.26487
85040,33.40585,-112.02658
85041,33.38643,-112.10928
85042,33.35911,-112.04949
85043,33.4323,-112.19744
85044,33.33997,-112.00617
85045,33.29976,-112.1062
85048,33.30362,-112.03192
85050,33.68739,-111.99854
85051,33.55914,-112.13324
85053,33.6296,-112.13184
85054,33.67515,-111.94763
85083,33.74032,-112.16308
85085,33.75637,-112.07426
85086,33.82639,-112.12876
85087,33.92635,-112.14908
85118,33.3737,-111.36545
85119,33.38682,-111.50824
85120,33.38706,-111.56311
85121,33.13751,-111.91316
85122,32.91672,-111.74798
85123,32.70917,-111.6802
85128,32.96468,-111.51028
85131,32.65542,-111.57649
85132,32.92358,-111.19119
85135,32.9987,-110.78242
85137,33.11275,-110.98353
85138,33.0151,-111.98681
85139,32.92096,-112.21117
85140,33.24805,-111.48921
85141,32.64707,-111.42792
85142,33.19302,-111.66645
85143,33.15602,-111.51974
85145,32.54322,-111.39415
85147,33.09454,-111.7209
85172,32.89974,-111.95205
85173,33.26827,-111.13651
85191,32.98498,-111.44686
85192,32.96134,-110.66501
85193,32.79822,-111.82809
85194,32.89675,-111.62439
85201,33.4336,-111.84929
85202,33.38252,-111.87482
85203,33.44997,-111.80403
85204,33.39666,-111.78786
85205,33.43227,-111.71804
85206,33.39685,-111.71758
85207,33.45362,-111.63631
85208,33.40301,-111.63194
85209,33.37877,-111.63476
85210,33.38955,-111.84337
85212,33.32064,-111.63088
85213,33.44764,-111.76962
85215,33.51101,-111.58027
85224,33.32351,-111.87616
85225,33.31748,-111.83167
85226,33.26519,-111.94641
85233,33.35242,-111.8115
85234,33.36479,-111.73924
85236,33.32301,-111.71951
85248,33.2145,-111.86667
85249,33.22652,-111.79918
85250,33.52986,-111.88991
85251,33.49406,-111.92025
85253,33.54479,-111.95873
85254,33.61474,-111.95176
85255,33.6824,-111.8177
85256,33.50053,-111.83524
85257,33.46354,-111.91486
85258,33.56337,-111.89268
85259,33.60105,-111.80952
85260,33.60943,-111.89113
85262,33.85834,-111.80169
85263,33.90026,-111.62412
85264,33.69996,-111.50123
85266,33.76034,-111.92503
85268,33.60717,-111.73999
85281,33.42805,-111.93157
85282,33.3943,-111.93242
85283,33.36461,-111.93196
85284,33.33719,-111.93443
85286,33.27146,-111.83156
85295,33.30639,-111.73804
85296,33.33554,-111.74006
85297,33.27843,-111.73638
85298,33.23983,-111.72819
85301,33.53219,-112.17817
85302,33.56777,-112.17819
85303,33.53398,-112.22084
85304,33.59566,-112.17815
85305,33.52996,-112.25563
85306,33.62333,-112.17569
85307,33.53396,-112.30867
85308,33.66029,-112.18486
85309,33.53556,-112.37637
85310,33.69532,-112.17162
85320,33.83563,-113.23214
85321,32.30062,-112.63169
85322,33.1766,-112.85207
85323,33.41888,-112.32615
85324,34.10456,-112.07094
85325,33.98328,-113.84323
85326,33.23735,-112.58538
85328,33.22795,-114.63413
85329,33.43171,-112.2965
85331,33.88685,-111.94276
85332,34.19209,-112.89444
85333,32.97896,-113.30714
85334,33.60535,-114.4075
85335,33.58721,-112.32836
85336,32.51904,-114.77977
85337,32.97553,-112.866
85338,33.37252,-112.40826
85339,33.23985,-112.14322
85340,33.5179,-112.42361
85341,31.9726,-112.71943
85342,33.95308,-112.48358
85343,33.33774,-112.69087
85344,33.98527,-114.23267
85345,33.57215,-112.24838
85346,33.60992,-114.15835
85347,32.78612,-113.80633
85348,33.69914,-113.66372
85349,32.47983,-114.69647
85350,32.56651,-114.70896
85351,33.60638,-112.28213
85352,32.69118,-113.8963
85353,33.41721,-112.27283
85354,33.40735,-113.06637
85355,33.57519,-112.45374
85356,32.68933,-114.1852
85357,34.02498,-113.49055
85360,34.54833,-113.57275
85361,33.76617,-112.63093
85362,34.28558,-112.84337
85363,33.58458,-112.30489
85364,32.70469,-114.65664
85365,33.07067,-114.13801
85367,32.66082,-114.39361
85371,33.96732,-114.39005
85373,33.67257,-112.29983
85374,33.64449,-112.395
85375,33.6716,-112.3565
85377,33.82376,-111.91515
85378,33.64162,-112.32012
85379,33.60207,-112.3736
85381,33.60957,-112.23175
85382,33.65548,-112.24771
85383,33.80297,-112.31734
85387,33.71025,-112.44869
85388,33.60743,-112.43413
85390,33.92391,-112.86739
85392,33.47713,-112.30981
85395,33.48208,-112.40518
85396,33.5376,-112.64635
85501,33.54569,-110.74788
85530,33.09361,-110.23109
85531,32.87392,-109.7849
85532,33.40779,-110.8454
85533,33.29208,-109.40219
85534,32.72939,-109.14475
85535,32.98583,-109.91284
85536,33.14063,-110.00331
85539,33.33282,-110.92883
85540,32.9781,-109.35704
85541,34.21921,-111.34387
85542,33.28633,-110.30145
85543,32.9593,-109.90123
85544,34.38609,-111.4732
85545,33.53759,-111.11955
85546,32.71743,-109.58175
85550,33.54833,-110.51244
85551,32.73048,-109.56252
85552,32.81399,-109.78953
85553,33.79932,-111.22438
85554,33.99679,-110.97834
85601,31.58453,-111.33359
85602,32.17296,-110.3865
85603,31.43525,-109.91127
85605,32.29784,-109.47644
85606,32.01521,-109.93326
85607,31.49008,-109.34052
85608,31.45624,-109.58635
85609,32.06867,-110.09714
85610,31.73144,-109.65957
85611,31.64266,-110.51334
85613,31.55393,-110.38305
85614,31.81241,-110.92972
85615,31.39678,-110.2108
85616,31.70768,-110.32184
85617,31.55767,-109.71548
85618,32.77631,-110.69433
85619,32.39574,-110.73663
85620,31.33835,-109.9431
85621,31.42345,-111.03764
85622,31.80301,-111.09104
85623,32.65407,-110.78447
85624,31.51768,-110.71039
85625,31.88021,-109.66692
85626,31.35932,-109.56827
85627,32.00707,-110.24695
85629,31.91413,-111.01334
85630,31.88335,-110.19447
85631,32.58133,-110.5627
85632,32.05855,-109.18305
85633,31.60632,-111.52827
85634,32.02817,-112.03296
85635,31.55322,-110.17304
85637,31.72108,-110.69258
85638,31.68588,-110.05887
85639,31.77175,-111.68228
85640,31.56755,-111.04473
85641,32.02125,-110.64617
85643,32.43757,-109.98521
85645,31.69497,-111.14655
85646,31.62009,-111.05192
85648,31.51262,-111.00807
85650,31.49759,-110.19906
85653,32.38979,-111.37908
85654,32.41529,-111.15467
85658,32.52455,-111.13603
85701,32.21702,-110.97138
85704,32.33885,-110.98483
85705,32.27119,-110.99172
85706,32.14783,-110.93541
85707,32.18022,-110.88966
85708,32.17575,-110.86019
85709,32.14136,-110.99008
85710,32.21439,-110.82365
85711,32.21504,-110.88348
85712,32.25229,-110.88636
85713,32.19525,-111.0151
85714,32.16997,-110.94653
85715,32.24898,-110.83118
85716,32.24222,-110.92351
85718,32.31078,-110.91819
85719,32.2462,-110.94876
85721,32.23107,-110.94957
85723,32.18189,-110.96496
85724,32.24072,-110.94555
85726,32.20437,-110.94529
85730,32.19064,-110.72976
85734,32.06761,-110.86717
85735,32.10389,-111.33437
85736,31.87623,-111.37472
85737,32.41425,-110.94683
85739,32.6137,-111.00758
85741,32.3364,-111.04077
85742,32.3898,-111.05113
85743,32.30501,-111.18548
85745,32.25014,-111.06253
85746,32.06964,-111.09047
85747,32.09318,-110.7723
85748,32.21904,-110.75205
85749,32.28129,-110.72604
85750,32.29952,-110.84288
85755,32.46836,-110.98152
85756,32.07034,-110.90625
85757,32.12835,-111.12228
85901,34.29348,-109.99878
85902,34.11509,-110.16233
85911,34.14844,-110.4588
85912,34.41962,-109.91624
85920,33.85995,-109.1753
85922,33.49535,-109.18864
85923,34.32313,-110.34036
85924,34.5635,-109.67553
85925,34.0162,-109.3557
85926,33.77507,-109.9788
85927,33.99572,-109.48079
85928,34.52276,-110.5506
85929,34.16512,-109.95948
85930,34.02744,-109.77141
85931,34.45238,-110.87003
85932,33.95958,-109.1943
85933,34.36089,-110.50955
85934,34.30251,-110.24432
85935,34.14166,-109.90453
85936,34.60662,-109.29134
85937,34.56927,-110.01285
85938,34.17814,-109.40089
85939,34.43729,-110.08754
85940,34.25265,-109.69729
85941,33.88756,-110.0648
85942,34.77442,-110.03549
86001,35.35119,-111.75607
86003,35.24259,-111.20202
86004,35.37546,-111.37515
86005,35.08125,-111.62832
86011,35.18953,-111.65469
86015,35.22408,-111.80972
86016,35.74486,-111.6373
86017,34.91938,-111.66077
86018,35.24716,-111.96204
86020,36.00133,-111.51263
86021,36.92707,-113.10205
86022,36.7702,-112.5449
86023,36.13498,-112.23438
86024,34.68509,-111.20244
86025,34.90484,-110.08557
86028,35.02873,-109.81056
86029,34.96834,-110.01175
86030,35.87005,-110.80709
86031,35.3534,-110.0647
86032,35.04288,-110.32234
86033,36.67692,-110.25536
86034,35.77145,-110.138
86035,35.39631,-111.02806
86036,36.72434,-111.82083
86038,34.9018,-111.49161
86039,35.98813,-110.56688
86040,36.66294,-111.3852
86042,35.86498,-110.38447
86043,35.81049,-110.52904
86044,36.75137,-110.82626
86045,36.14775,-111.13344
86046,35.43882,-112.17428
86047,35.18181,-110.63785
86052,36.29112,-112.12543
86053,36.75699,-111.05597
86054,36.67546,-110.61259
86301,34.59452,-112.42454
86303,34.4894,-112.42897
86305,34.7906,-112.75229
86313,34.55416,-112.45288
86314,34.59823,-112.33079
86315,34.67403,-112.2891
86320,35.36745,-112.63995
86321,34.55367,-113.08895
86322,34.47486,-111.80587
86323,34.76606,-112.40424
86324,34.836,-112.1304
86325,34.73347,-111.89884
86326,34.69857,-112.01383
86327,34.55682,-112.11089
86329,34.48589,-112.27666
86331,34.76009,-112.11704
86332,34.30403,-112.61809
86333,34.32195,-112.08352
86334,34.94847,-112.53946
86335,34.65216,-111.68044
86336,34.8902,-111.85157
86337,35.24422,-113.0505
86338,34.57306,-112.75756
86343,34.17937,-112.31236
86351,34.77846,-111.78514
86401,35.11024,-113.70423
86403,34.47703,-114.34423
86404,34.61156,-114.29452
86406,34.42269,-114.12418
86409,35.46429,-114.03245
86411,35.44761,-113.74381
86413,35.16995,-114.25695
86426,35.0134,-114.54968
86429,35.28769,-114.51261
86431,35.42521,-114.24738
86432,36.79085,-113.73783
86433,34.92862,-114.35853
86434,35.65959,-113.58538
86435,36.00915,-112.94567
86436,34.73914,-114.42273
86437,35.39511,-113.59784
86438,34.68595,-113.98175
86440,34.88855,-114.54071
86441,35.56205,-114.30384
86442,35.09139,-114.57731
86443,35.97186,-114.46386
86444,35.90199,-114.05969
86445,35.70747,-114.53764
86502,35.1212,-109.61705
86503,36.20258,-109.68224
86504,35.86087,-109.13995
86505,35.61872,-109.71274
86506,35.35206,-109.25868
86507,36.41985,-109.28019
86508,35.35086,-109.08737
86510,36.23061,-110.27182
86511,35.66536,-109.26397
86512,35.079,-109.24737
86514,36.90487,-109.32028
86515,35.70301,-108.99057
86520,36.05891,-109.95208
86535,36.82372,-109.86199
86538,36.43323,-109.63752
86540,35.93953,-109.44886
86544,36.58162,-109.13818
86545,36.71125,-109.58943
86547,36.52759,-109.46019
86556,36.24093,-109.21631
87001,35.41231,-106.37944
87002,34.63619,-106.82517
87004,35.38555,-106.58493
87005,35.25669,-107.98867
87006,34.48616,-106.84202
87007,34.96582,-107.46717
87008,35.14779,-106.39133
87010,35.40517,-106.13493
87011,34.08236,-105.97225
87012,36.13341,-106.67312
87013,35.90014,-107.33509
87014,35.1372,-107.45315
87015,35.07535,-106.19123
87016,34.75117,-106.01074
87017,36.30624,-106.73759
87018,36.11644,-107.51745
87020,35.0589,-107.92797
87021,35.19673,-107.88621
87022,34.90986,-106.69501
87023,34.59583,-106.7633
87024,35.6765,-106.75031
87025,35.84308,-106.61862
87026,34.97119,-107.17556
87027,36.12734,-106.94737
87028,34.35076,-106.78789
87029,36.39394,-107.03949
87031,34.78007,-106.72649
87032,34.86786,-106.04201
87034,34.91939,-107.6559
87035,34.95116,-105.90273
87036,34.35591,-106.24227
87037,36.18392,-107.78087
87038,35.0944,-107.43259
87040,35.14192,-107.39887
87041,35.60202,-106.31054
87042,34.82827,-106.68619
87043,35.28978,-106.44418
87044,35.71254,-106.65652
87045,35.40018,-108.00182
87046,36.27773,-106.91643
87047,35.24866,-106.27629
87048,35.23624,-106.61977
87049,35.11699,-107.61026
87051,35.06188,-107.85426
87052,35.52867,-106.36935
87053,35.57537,-106.87832
87056,35.16197,-105.89566
87059,34.99647,-106.29764
87060,34.74292,-106.73571
87061,34.705,-106.38145
87062,34.46187,-106.69719
87063,34.49265,-105.85432
87064,36.1849,-106.53923
87068,34.90354,-106.64321
87070,35.02255,-105.74037
87072,35.60828,-106.3955
87083,35.64496,-106.36366
87101,35.09669,-106.64339
87102,35.08116,-106.64636
87104,35.10278,-106.67492
87105,34.99512,-106.68644
87106,35.00818,-106.61185
87107,35.13747,-106.64363
87108,35.07235,-106.57835
87109,35.15285,-106.57543
87110,35.10812,-106.57816
87111,35.13824,-106.51589
87112,35.10093,-106.51622
87113,35.19249,-106.5708
87114,35.19718,-106.68216
87116,35.05056,-106.56028
87117,34.99486,-106.51697
87120,35.14097,-106.76522
87121,35.01031,-106.87816
87122,35.18685,-106.48827
87123,35.06206,-106.46991
87124,35.27144,-106.79627
87144,35.33074,-106.71248
87151,35.00772,-106.86035
87301,35.52153,-108.76524
87305,35.40327,-108.73151
87310,35.75365,-108.60267
87311,35.60501,-108.50061
87312,35.4291,-108.34543
87313,35.79538,-108.22129
87315,34.66247,-108.55075
87316,35.48684,-108.53328
87317,35.58024,-108.75244
87319,35.4769,-108.94232
87320,35.80762,-108.87136
87321,35.06791,-108.40638
87322,35.48531,-108.66253
87323,35.45214,-108.17531
87325,35.97495,-108.58746
87326,35.27223,-108.88765
87327,35.06529,-108.77813
87328,36.02541,-109.03638
87347,35.38502,-108.47052
87357,34.82644,-108.41435
87364,36.13538,-108.70875
87365,35.53585,-108.13796
87375,35.66114,-108.79477
87401,36.73824,-108.18377
87402,36.79174,-108.14831
87410,36.86708,-107.89433
87412,36.6569,-107.51956
87413,36.45914,-107.96408
87415,36.82823,-108.10125
87416,36.58687,-108.43897
87417,36.74456,-108.34551
87418,36.94938,-108.14728
87419,36.88767,-107.55195
87420,36.72142,-108.84406
87421,36.7772,-108.53676
87455,36.27109,-108.71936
87461,36.43717,-108.91099
87499,36.32165,-108.24657
87501,35.71273,-105.86523
87505,35.62307,-105.86891
87506,35.82119,-105.96802
87507,35.621,-106.11061
87508,35.52064,-105.94593
87510,36.35906,-106.48312
87511,36.08905,-105.96448
87512,36.90885,-105.36515
87513,36.58367,-105.70121
87514,36.52957,-105.60055
87515,36.56257,-106.3696
87516,36.18116,-106.46149
87517,36.39035,-105.79269
87518,36.51197,-106.54235
87519,36.76472,-105.63502
87520,36.88419,-106.63552
87521,36.08506,-105.70477
87522,35.96889,-105.84639
87523,36.01115,-105.86273
87524,36.96986,-105.5375
87525,36.5985,-105.49812
87527,36.16875,-105.86352
87528,36.79432,-106.87989
87529,36.45001,-105.66147
87530,36.34088,-106.20198
87531,36.25326,-105.84584
87532,35.97965,-106.1048
87535,35.56675,-105.74719
87537,36.1043,-106.2454
87538,35.49323,-105.53767
87539,36.41192,-106.02393
87540,35.39987,-105.8759
87543,36.10399,-105.65781
87544,35.7869,-106.31914
87547,35.81046,-106.20579
87548,36.1756,-106.18491
87549,36.23237,-106.0568
87551,36.6925,-106.66872
87552,35.67026,-105.61382
87553,36.20389,-105.72094
87554,36.54573,-106.0633
87556,36.81848,-105.5575
87557,36.28603,-105.6331
87558,36.67279,-105.40523
87560,35.22567,-105.50185
87562,35.40668,-105.65522
87564,36.61566,-105.61797
87565,35.4442,-105.49384
87566,36.07242,-106.07185
87567,35.99401,-106.01872
87569,35.35026,-105.30509
87571,36.42507,-105.48523
87573,35.77176,-105.70715
87575,36.64203,-106.59341
87577,36.63237,-105.97755
87578,36.04392,-105.78539
87579,36.12885,-105.56729
87580,36.55956,-105.57459
87581,36.51531,-106.16017
87582,36.15323,-106.00246
87583,35.28221,-105.35226
87701,35.53091,-104.94419
87710,36.3729,-105.23873
87711,35.22458,-105.14673
87712,35.88076,-105.17612
87713,36.1708,-105.36111
87714,36.4463,-104.99079
87715,36.01839,-105.42535
87718,36.59931,-105.24097
87722,36.12837,-105.24424
87723,36.05883,-105.37556
87724,35.16044,-104.97133
87728,36.60334,-104.59473
87729,36.31405,-104.80642
87730,36.10704,-104.23485
87731,35.70411,-105.39881
87732,35.942,-105.47009
87733,35.77075,-103.82959
87734,36.17323,-105.09363
87735,36.04867,-105.11978
87736,35.98431,-105.19238
87740,36.76707,-104.37953
87742,35.87161,-105.44427
87743,35.96714,-104.01174
87745,35.7877,-105.26635
87746,35.66271,-104.12715
87747,36.35856,-104.44472
87749,36.57827,-105.13028
87750,35.82498,-104.92704
87752,36.01339,-104.62763
87753,35.85796,-104.95477
87801,34.04824,-106.96668
87820,33.90448,-108.55837
87821,33.93515,-108.0929
87823,34.18348,-106.95901
87824,33.82708,-108.97731
87825,33.94509,-107.6603
87827,34.36366,-108.12546
87828,34.20567,-106.92056
87829,34.25215,-108.64369
87830,33.70362,-108.73884
87831,34.28303,-106.88722
87832,33.83949,-106.83284
87901,33.1753,-107.01908
87930,32.84962,-107.33762
87931,32.93379,-107.33657
87933,32.79115,-107.27885
87935,33.25423,-107.22903
87936,32.7544,-107.26284
87937,32.60008,-107.1972
87939,33.40339,-107.36566
87940,32.60986,-106.99465
87941,32.7055,-107.21424
87942,33.09447,-107.42951
87943,33.44312,-107.6817
88001,32.29026,-106.75318
88002,32.38275,-106.45804
88003,32.27868,-106.74566
88004,32.25022,-106.94908
88005,32.22757,-106.99027
88007,32.37103,-106.9984
88008,31.81867,-106.74188
88009,31.91248,-108.53627
88011,32.39533,-106.58519
88012,32.58898,-106.77135
88020,31.78203,-108.82192
88021,31.97338,-106.81639
88022,32.80238,-108.18766
88023,32.71106,-108.07749
88024,32.06539,-106.61803
88025,33.10087,-108.71984
88026,32.75833,-108.15741
88027,32.03625,-106.68143
88028,32.95131,-108.67807
88029,31.84339,-107.70225
88030,32.19039,-107.72768
88034,32.58114,-107.96764
88038,33.0722,-108.42625
88039,33.35081,-108.71909
88040,31.6197,-108.44025
88041,32.78367,-107.89654
88042,32.80979,-107.56385
88043,32.61358,-108.11762
88044,32.01977,-107.08116
88045,32.3298,-108.71057
88046,32.26797,-106.79674
88047,32.21444,-106.71556
88048,32.14966,-106.6581
88049,33.04814,-108.06782
88051,33.01471,-108.94299
88052,32.45034,-106.60186
88053,32.89601,-108.21378
88055,32.7497,-108.73985
88056,31.84062,-109.00295
88061,32.6211,-108.40888
88063,31.80715,-106.58259
88065,32.71375,-108.30231
88072,32.14242,-106.61329
88081,32.24958,-106.28821
88101,34.50114,-103.26616
88103,34.38418,-103.31551
88112,34.91023,-103.15863
88113,33.81968,-103.08894
88114,33.51026,-103.43052
88115,33.93185,-103.34466
88116,33.89425,-103.82335
88118,34.23626,-103.6645
88119,34.34782,-104.40041
88120,34.90329,-103.42523
88121,34.67979,-103.97721
88124,34.52771,-103.6473
88125,33.67137,-103.24997
88126,33.81642,-103.35359
88130,34.1285,-103.31825
88132,33.92382,-103.18855
88134,34.37413,-104.00487
88135,34.5623,-103.08204
88136,34.25356,-104.83347
88201,33.66517,-104.48932
88203,33.22169,-104.43904
88210,32.77272,-104.22567
88220,32.31421,-104.41732
88230,33.21396,-104.39764
88231,32.42376,-103.26873
88232,33.06398,-104.1568
88240,32.67285,-103.43454
88242,32.81654,-103.16014
88244,32.76412,-103.22498
88250,32.72882,-104.91851
88252,32.16345,-103.39452
88253,32.98767,-104.54852
88254,32.62876,-104.40779
88255,32.81091,-103.99923
88256,32.19543,-103.88924
88260,32.98698,-103.39801
88262,33.12871,-103.40694
88263,32.09091,-104.09006
88264,32.86351,-103.70089
88265,32.58421,-103.34642
88267,33.30983,-103.39329
88268,32.17632,-104.37939
88301,33.7494,-105.85191
88310,32.71809,-106.07231
88311,32.80689,-105.98875
88312,33.43186,-105.64397
88314,33.10061,-105.86725
88316,33.77306,-105.36895
88317,32.86081,-105.67442
88318,34.22491,-105.44166
88321,34.76815,-105.45564
88323,33.48534,-105.56488
88324,33.38666,-105.47268
88325,32.8529,-105.86027
88330,32.87046,-106.09951
88336,33.31883,-105.28552
88337,32.99141,-105.89025
88338,33.53723,-105.38468
88339,32.9561,-105.32141
88340,33.17859,-105.61211
88341,33.50811,-105.79161
88342,32.38926,-106.10469
88343,33.23504,-105.06772
88344,32.5105,-105.2235
88345,33.35127,-105.67092
88346,33.34814,-105.54073
88347,32.72757,-105.64704
88348,33.41675,-105.39858
88349,32.795,-105.80313
88350,32.6031,-105.67669
88351,33.47154,-105.09777
88352,33.18745,-106.00712
88353,34.49912,-105.1034
88354,32.73771,-105.49297
88355,33.36288,-105.6694
88401,35.08984,-103.80942
88410,35.90263,-103.30767
88411,35.23488,-103.16248
88414,36.77484,-104.02073
88415,36.35171,-103.32643
88416,35.44255,-104.21511
88417,34.93076,-104.25309
88418,36.74995,-103.63874
88419,36.91839,-103.54734
88421,35.32691,-104.49731
88422,36.33791,-103.98655
88424,36.43714,-103.6554
88426,35.52366,-103.47607
88427,34.78172,-103.76417
88430,35.65348,-103.21357
88431,35.21256,-104.33677
88434,35.12367,-103.34013
88435,34.90262,-104.8133
88436,36.14965,-103.13345
88439,35.48908,-104.35627
89001,37.40035,-115.39564
89002,35.99846,-114.96181
89003,36.94925,-116.7331
89004,36.04164,-115.41261
89005,36.00875,-114.84805
89007,36.68605,-114.22915
89008,37.26441,-114.50414
89010,37.82511,-118.08079
89011,36.0848,-114.9651
89012,36.01192,-115.04314
89013,37.34574,-117.34393
89014,36.06153,-115.0577
89015,36.03887,-114.9282
89017,37.70485,-115.30344
89018,36.57063,-115.66802
89019,35.76949,-115.51606
89020,36.56232,-116.42454
89021,36.6255,-114.47863
89022,38.51839,-117.01489
89025,36.71387,-114.74777
89027,36.81374,-114.08857
89029,35.12561,-114.68607
89030,36.21235,-115.12313
89031,36.25846,-115.17075
89032,36.22239,-115.17358
89034,36.80924,-114.14978
89039,35.26581,-114.8725
89040,36.35322,-114.53541
89042,37.79819,-114.35862
89043,38.30434,-114.39018
89044,35.93986,-115.05632
89045,38.85618,-117.06987
89046,35.51207,-114.8338
89047,37.75776,-117.6386
89048,36.16452,-115.98833
89049,38.37741,-116.41205
89052,35.97988,-115.10788
89054,35.92093,-115.19055
89060,36.38854,-116.05769
89061,36.07143,-115.89957
89070,36.50083,-115.63952
89074,36.03639,-115.08113
89081,36.2586,-115.10703
89084,36.29749,-115.1569
89085,36.30955,-115.19817
89086,36.28361,-115.10997
89101,36.17279,-115.12234
89102,36.1453,-115.18662
89103,36.11236,-115.21215
89104,36.15118,-115.10932
89106,36.18207,-115.16253
89107,36.17049,-115.209
89108,36.20508,-115.2237
89109,36.12603,-115.16327
89110,36.17367,-115.05549
89113,36.06017,-115.26236
89115,36.25374,-115.04285
89117,36.14267,-115.28001
89118,36.07778,-115.21306
89119,36.08452,-115.14606
89120,36.08065,-115.09585
89121,36.12141,-115.09135
89122,36.10399,-115.03783
89123,36.0352,-115.14908
89124,36.34074,-115.60096
89128,36.19678,-115.26439
89129,36.23325,-115.29025
89130,36.25348,-115.22671
89131,36.3064,-115.24256
89134,36.20262,-115.3078
89135,36.09531,-115.37163
89138,36.20212,-115.36499
89139,36.03429,-115.21117
89141,35.98813,-115.2074
89142,36.14812,-115.031
89143,36.32168,-115.29288
89144,36.17746,-115.31943
89145,36.16748,-115.27618
89146,36.14323,-115.22679
89147,36.11289,-115.27985
89148,36.06337,-115.29676
89149,36.2708,-115.29462
89156,36.15906,-114.98176
89158,36.10481,-115.17665
89161,36.03552,-115.48284
89166,36.33733,-115.4686
89169,36.12405,-115.14184
89178,35.98783,-115.29541
89179,35.8916,-115.32794
89183,35.99619,-115.15799
89191,36.2473,-115.00407
89301,39.52872,-114.76615
89310,39.47836,-117.13758
89311,39.16715,-114.19288
89314,38.86222,-115.64186
89315,39.1855,-114.84489
89316,39.67956,-116.01497
89317,38.87915,-115.08418
89318,39.43783,-114.8188
89319,39.27915,-114.98724
89402,39.23075,-120.00259
89403,39.25838,-119.48633
89404,41.80704,-118.88807
89406,39.46614,-118.27364
89408,39.71675,-119.02706
89409,38.83828,-117.98088
89410,38.78368,-119.54802
89411,39.01837,-119.85301
89412,41.13904,-119.69501
89413,39.07389,-119.92095
89414,41.04934,-117.22765
89415,38.50993,-118.77958
89418,40.5669,-118.03851
89419,40.34309,-118.29831
89420,38.50802,-118.18051
89421,42.04485,-117.94724
89422,38.42008,-118.17911
89423,39.01561,-119.74636
89424,40.10964,-119.49396
89425,41.65695,-117.88461
89426,41.45402,-117.59307
89427,38.94556,-118.70553
89428,39.25691,-119.63099
89429,39.36221,-119.29063
89430,38.79567,-119.31785
89431,39.53865,-119.75005
89433,39.59758,-119.77817
89434,39.54019,-119.53318
89436,39.61086,-119.69854
89437,39.50101,-119.46864
89438,40.79671,-117.12004
89439,39.52291,-119.99008
89440,39.29597,-119.66212
89441,39.68131,-119.68755
89442,39.69511,-119.35082
89444,38.72695,-119.35101
89445,41.06767,-118.02515
89446,40.87879,-117.9532
89447,38.83148,-119.11712
89448,39.00789,-119.92412
89449,38.96433,-119.90688
89450,39.24135,-119.93832
89451,39.26775,-119.94534
89460,38.90136,-119.79085
89496,39.19949,-118.57103
89501,39.52602,-119.81262
89502,39.49383,-119.74701
89503,39.54112,-119.83991
89506,39.70084,-119.82646
89508,39.78504,-119.92728
89509,39.49637,-119.8273
89510,39.93619,-119.73734
89511,39.40747,-119.88822
89512,39.55322,-119.80074
89519,39.48518,-119.86003
89521,39.37215,-119.67611
89523,39.52387,-119.91309
89557,39.54247,-119.81584
89701,39.13944,-119.72087
89703,39.15359,-119.8486
89704,39.26789,-119.81712
89705,39.09003,-119.83689
89706,39.22002,-119.69974
89801,41.18096,-115.76076
89815,40.56652,-115.59504
89820,40.43192,-116.97134
89821,40.55585,-116.41218
89822,40.49237,-116.189
89823,40.96431,-115.22821
89825,41.90422,-114.71103
89826,41.93262,-115.41386
89828,40.77384,-115.36403
89830,41.32794,-114.22677
89831,41.75992,-116.03935
89832,41.98001,-116.19537
89833,40.4692,-115.34201
89834,41.42358,-116.24843
89835,41.2848,-114.87765
89883,40.84711,-114.18217
90001,33.97365,-118.24904
90002,33.94906,-118.24679
90003,33.96409,-118.27368
90004,34.07624,-118.31101
90005,34.05939,-118.30909
90006,34.04807,-118.29411
90007,34.02819,-118.28486
90008,34.01037,-118.3428
90010,34.06209,-118.31262
90011,34.00689,-118.25861
90012,34.06679,-118.23878
90013,34.04435,-118.24
90014,34.04302,-118.25182
90015,34.03932,-118.26625
90016,34.02881,-118.35436
90017,34.05306,-118.26447
90018,34.0286,-118.31737
90019,34.04861,-118.33874
90020,34.06638,-118.30986
90021,34.02909,-118.23889
90022,34.02455,-118.15608
90023,34.02264,-118.19986
90024,34.06565,-118.43521
90025,34.04551,-118.44583
90026,34.07883,-118.2637
90027,34.12515,-118.29049
90028,34.09982,-118.3268
90029,34.08983,-118.29467
90031,34.08122,-118.21081
90032,34.0793,-118.17835
90033,34.05117,-118.21165
90034,34.03059,-118.39936
90035,34.05139,-118.38577
90036,34.07013,-118.34978
90037,34.00271,-118.28747
90038,34.08882,-118.32671
90039,34.11242,-118.26153
90040,33.99318,-118.1489
90041,34.13749,-118.20746
90042,34.11475,-118.192
90043,33.98876,-118.33519
90044,33.95253,-118.29194
90045,33.95302,-118.40028
90046,34.10752,-118.36575
90047,33.95456,-118.30899
90048,34.07293,-118.3727
90049,34.08749,-118.48976
90052,33.9783,-118.25891
90056,33.99361,-118.36884
90057,34.06205,-118.27704
90058,34.00264,-118.21452
90059,33.92709,-118.2491
90061,33.92037,-118.27383
90062,34.0035,-118.30904
90063,34.0452,-118.18583
90064,34.0358,-118.42653
90065,34.10867,-118.22813
90066,34.00166,-118.43104
90067,34.0565,-118.41373
90068,34.12794,-118.32914
90069,34.09401,-118.38154
90071,34.05239,-118.25518
90073,34.05738,-118.45956
90077,34.10536,-118.45591
90079,34.04058,-118.25541
90089,34.02158,-118.2856
90094,33.97523,-118.41837
90095,34.07121,-118.44334
90201,33.97113,-118.1709
90210,34.10251,-118.41505
90211,34.06498,-118.38293
90212,34.06208,-118.40173
90220,33.88058,-118.23591
90221,33.88542,-118.20614
90222,33.91213,-118.23721
90230,33.99691,-118.39487
90232,34.01859,-118.39157
90240,33.9564,-118.11803
90241,33.94076,-118.1295
90242,33.92216,-118.14167
90245,33.91709,-118.40161
90247,33.89159,-118.29735
90248,33.87689,-118.28362
90249,33.90152,-118.31707
90250,33.91383,-118.34996
90254,33.86532,-118.39616
90255,33.97697,-118.21725
90260,33.88768,-118.34952
90262,33.92384,-118.20133
90263,34.03919,-118.70809
90265,34.07282,-118.84995
90266,33.88968,-118.39705
90270,33.98856,-118.18774
90272,34.08066,-118.54459
90274,33.77732,-118.3684
90275,33.7555,-118.36338
90277,33.83099,-118.38441
90278,33.87362,-118.37028
90280,33.94453,-118.19256
90290,34.09725,-118.6125
90291,33.99447,-118.46315
90292,33.97865,-118.44707
90293,33.95071,-118.43745
90301,33.95647,-118.35863
90302,33.97472,-118.35565
90303,33.93601,-118.33112
90304,33.93736,-118.35879
90305,33.9583,-118.33113
90401,34.01584,-118.49251
90402,34.03598,-118.50391
90403,34.03164,-118.48975
90404,34.02665,-118.47381
90405,34.01208,-118.4679
90501,33.8336,-118.31419
90502,33.83497,-118.29291
90503,33.84089,-118.3538
90504,33.86693,-118.33135
90505,33.80904,-118.34775
90506,33.88493,-118.33044
90601,34.0078,-118.03287
90602,33.97317,-118.02341
90603,33.94487,-117.99239
90604,33.93012,-118.01226
90605,33.95209,-118.02085
90606,33.97742,-118.0661
90620,33.84616,-118.01176
90621,33.87396,-117.99346
90623,33.85038,-118.04088
90630,33.81814,-118.03814
90631,33.94266,-117.95126
90638,33.90236,-118.00907
90639,33.90565,-118.01499
90640,34.01506,-118.111
90650,33.90703,-118.08249
90660,33.98868,-118.09111
90670,33.93279,-118.0626
90680,33.80115,-117.99532
90701,33.8676,-118.08055
90703,33.86797,-118.06874
90704,33.3765,-118.43678
90706,33.88802,-118.12709
90710,33.79806,-118.29918
90712,33.849,-118.14677
90713,33.84797,-118.11268
90715,33.84037,-118.07887
90716,33.8305,-118.07295
90717,33.79345,-118.31706
90720,33.79573,-118.06342
90723,33.89768,-118.16508
90731,33.7334,-118.27398
90732,33.74319,-118.31048
90740,33.75461,-118.07129
90742,33.71834,-118.07174
90743,33.72963,-118.08594
90744,33.77821,-118.26087
90745,33.82117,-118.26458
90746,33.85855,-118.25518
90747,33.86372,-118.25142
90755,33.80274,-118.16747
90802,33.75035,-118.21143
90803,33.76162,-118.12178
90804,33.78223,-118.14917
90805,33.86494,-118.18051
90806,33.80819,-118.17797
90807,33.83098,-118.18113
90808,33.82406,-118.11236
90810,33.81912,-118.22096
90813,33.78237,-118.19656
90814,33.7716,-118.14351
90815,33.79572,-118.11592
90822,33.77825,-118.11871
90831,33.76824,-118.20055
90840,33.78449,-118.12133
91001,34.19522,-118.13866
91006,34.1352,-118.02667
91007,34.12842,-118.04818
91008,34.15363,-117.96862
91010,34.14114,-117.95918
91011,34.21757,-118.20346
91016,34.15246,-118.00065
91020,34.21144,-118.23065
91024,34.17177,-118.04654
91030,34.11029,-118.15748
91040,34.25861,-118.33468
91042,34.30687,-118.25701
91046,34.2117,-118.24092
91101,34.14671,-118.13895
91103,34.16738,-118.16446
91104,34.16766,-118.12341
91105,34.14045,-118.16716
91106,34.13861,-118.12825
91107,34.15919,-118.08688
91108,34.12232,-118.11363
91125,34.13772,-118.12492
91201,34.17041,-118.28902
91202,34.18221,-118.26761
91203,34.15287,-118.26355
91204,34.13554,-118.26093
91205,34.13679,-118.24339
91206,34.16076,-118.21311
91207,34.16872,-118.24477
91208,34.19333,-118.23839
91210,34.14468,-118.25809
91214,34.23759,-118.24778
91301,34.12314,-118.75685
91302,34.12295,-118.67193
91303,34.19784,-118.6017
91304,34.22472,-118.63261
91306,34.20926,-118.5755
91307,34.20177,-118.66226
91311,34.29011,-118.60776
91316,34.15836,-118.51658
91320,34.17339,-118.94795
91321,34.36479,-118.4922
91324,34.23855,-118.55015
91325,34.23636,-118.51777
91326,34.28022,-118.5566
91330,34.2446,-118.52669
91331,34.25602,-118.41939
91335,34.20107,-118.5407
91340,34.28668,-118.43479
91342,34.31778,-118.39207
91343,34.23837,-118.48076
91344,34.28991,-118.5047
91345,34.26591,-118.45948
91350,34.43028,-118.50283
91351,34.43269,-118.46276
91352,34.23183,-118.36596
91354,34.46039,-118.5528
91355,34.42379,-118.58437
91356,34.15504,-118.54757
91360,34.21475,-118.87735
91361,34.14016,-118.88398
91362,34.19244,-118.81949
91364,34.1548,-118.59492
91367,34.17708,-118.61518
91371,34.18505,-118.57605
91377,34.1847,-118.76652
91381,34.3753,-118.60744
91384,34.51604,-118.67289
91387,34.39708,-118.3707
91390,34.53159,-118.40668
91401,34.17801,-118.43183
91402,34.22413,-118.4448
91403,34.14716,-118.46311
91405,34.20153,-118.44863
91406,34.19791,-118.48987
91411,34.17853,-118.45956
91423,34.14924,-118.43239
91436,34.15219,-118.49053
91501,34.19469,-118.29431
91502,34.17684,-118.30936
91504,34.21349,-118.31478
91505,34.17583,-118.34692
91506,34.17134,-118.32384
91601,34.16827,-118.37222
91602,34.15078,-118.36633
91604,34.13985,-118.39435
91605,34.20699,-118.40067
91606,34.18655,-118.38867
91607,34.16633,-118.39982
91608,34.13839,-118.35272
91701,34.13784,-117.60028
91702,34.24129,-117.82614
91706,34.09627,-117.96855
91708,33.95141,-117.64506
91709,33.95105,-117.72549
91710,34.00507,-117.68249
91711,34.12836,-117.71523
91722,34.09731,-117.90612
91723,34.08495,-117.88652
91724,34.0805,-117.85515
91730,34.10023,-117.5811
91731,34.07914,-118.04047
91732,34.07239,-118.01455
91733,34.0454,-118.05314
91737,34.15523,-117.57808
91739,34.1622,-117.51558
91740,34.11884,-117.8534
91741,34.1647,-117.83197
91744,34.02914,-117.93735
91745,33.99926,-117.97225
91746,34.04397,-117.98785
91748,33.9769,-117.89924
91750,34.14927,-117.76647
91752,33.99575,-117.53399
91754,34.051,-118.14451
91755,34.04832,-118.11496
91759,34.2541,-117.69194
91761,34.03541,-117.5915
91762,34.02764,-117.64308
91763,34.07208,-117.69828
91764,34.07533,-117.60164
91765,33.98725,-117.81473
91766,34.04192,-117.75698
91767,34.08143,-117.73868
91768,34.06358,-117.78941
91770,34.06395,-118.08361
91773,34.1072,-117.80928
91775,34.11454,-118.08946
91776,34.08987,-118.09519
91780,34.10152,-118.05584
91784,34.14103,-117.65831
91786,34.10525,-117.66206
91789,34.01858,-117.85408
91790,34.06722,-117.93788
91791,34.06134,-117.89425
91792,34.02586,-117.89989
91801,34.09093,-118.12776
91803,34.0749,-118.14624
91901,32.81467,-116.71929
91902,32.67479,-117.00475
91905,32.67773,-116.30734
91906,32.66241,-116.47255
91910,32.63653,-117.06301
91911,32.60686,-117.04984
91913,32.62174,-116.98609
91914,32.66604,-116.95426
91915,32.62266,-116.95013
91916,32.91103,-116.63201
91917,32.6267,-116.71894
91931,32.83758,-116.58029
91932,32.56923,-117.11798
91934,32.66488,-116.16828
91935,32.70214,-116.78721
91941,32.75964,-116.99253
91942,32.77728,-117.02129
91945,32.73315,-117.03402
91948,32.87509,-116.47076
91950,32.66952,-117.09313
91962,32.79248,-116.48044
91963,32.64798,-116.5964
91977,32.72387,-116.99631
91978,32.71209,-116.94103
91980,32.58685,-116.61969
92003,33.28701,-117.19977
92004,33.18481,-116.15688
92007,33.02216,-117.27389
92008,33.14564,-117.31691
92009,33.09535,-117.24574
92010,33.15676,-117.28423
92011,33.10698,-117.29507
92014,32.96797,-117.24879
92019,32.77886,-116.87142
92020,32.79557,-116.9697
92021,32.83514,-116.87462
92024,33.05716,-117.25651
92025,33.08492,-117.02967
92026,33.2111,-117.11157
92027,33.13263,-116.98335
92028,33.38613,-117.22658
92029,33.08555,-117.12885
92036,33.01137,-116.37672
92037,32.85257,-117.25104
92040,32.90665,-116.88875
92054,33.19377,-117.35508
92055,33.38123,-117.42874
92056,33.20197,-117.28939
92057,33.25326,-117.28704
92058,33.28379,-117.34182
92059,33.38277,-117.05193
92060,33.35043,-116.86451
92061,33.30036,-116.93048
92064,32.98038,-117.01746
92065,33.04736,-116.84386
92066,33.21541,-116.53583
92067,33.02087,-117.19209
92069,33.17536,-117.15761
92070,33.18513,-116.74071
92071,32.85045,-116.99479
92075,32.99735,-117.25875
92078,33.11834,-117.18554
92081,33.16451,-117.24056
92082,33.2518,-117.00284
92083,33.19808,-117.24844
92084,33.22454,-117.20334
92086,33.29718,-116.64176
92091,33.03432,-117.19704
92092,32.87544,-117.23621
92093,32.88219,-117.23706
92096,33.12819,-117.15631
92101,32.7162,-117.18589
92102,32.71595,-117.11749
92103,32.74782,-117.16738
92104,32.74191,-117.12781
92105,32.73756,-117.09193
92106,32.71334,-117.23617
92107,32.7402,-117.24357
92108,32.77423,-117.14097
92109,32.78699,-117.23273
92110,32.76533,-117.19965
92111,32.8065,-117.16897
92113,32.69591,-117.12012
92114,32.70778,-117.05529
92115,32.76154,-117.07187
92116,32.76484,-117.12303
92117,32.82493,-117.19972
92118,32.67466,-117.16915
92119,32.80896,-117.03232
92120,32.79526,-117.07317
92121,32.8973,-117.20231
92122,32.85681,-117.21017
92123,32.80958,-117.13419
92124,32.82823,-117.08528
92126,32.912,-117.14344
92127,33.01913,-117.12339
92128,32.99687,-117.07308
92129,32.96354,-117.12622
92130,32.94763,-117.20586
92131,32.89604,-117.05737
92132,32.71368,-117.17201
92134,32.72512,-117.14541
92135,32.69487,-117.19461
92136,32.68254,-117.12307
92139,32.68006,-117.04889
92140,32.74041,-117.1984
92145,32.86292,-117.14579
92147,32.72478,-117.21895
92154,32.578,-116.96621
92155,32.67148,-117.16714
92161,32.8742,-117.23159
92173,32.55552,-117.05114
92179,32.58409,-116.93349
92182,32.77498,-117.07424
92201,33.70804,-116.23502
92203,33.75159,-116.24139
92210,33.70357,-116.33953
92211,33.76593,-116.33241
92220,33.93992,-116.83935
92222,32.78346,-114.54965
92223,33.9382,-116.98137
92225,33.71642,-114.65606
92227,32.98677,-115.3341
92230,33.9088,-116.76879
92231,32.68751,-115.56433
92233,33.14736,-115.50686
92234,33.81386,-116.46663
92236,33.70276,-116.07254
92239,33.87424,-115.24396
92240,33.95291,-116.5194
92241,33.84634,-116.28342
92242,34.19019,-114.30755
92243,32.77285,-115.60065
92249,32.72606,-115.48218
92250,32.79188,-115.23454
92251,32.87129,-115.71804
92252,34.14801,-116.28422
92253,33.65562,-116.28785
92254,33.54371,-115.99995
92256,34.07207,-116.61761
92257,33.33976,-115.52814
92258,33.91791,-116.56002
92259,32.73478,-115.94632
92260,33.69841,-116.40519
92262,33.86287,-116.55736
92264,33.73575,-116.50544
92266,33.17507,-114.92594
92267,34.29765,-114.20138
92268,34.16146,-116.55002
92270,33.76399,-116.42705
92273,32.80798,-115.69592
92274,33.47031,-116.11387
92275,33.20783,-115.88084
92276,33.83234,-116.38648
92277,34.11248,-115.68752
92278,34.23505,-116.05825
92280,34.13963,-114.84652
92281,33.05033,-115.61264
92282,33.96253,-116.65829
92283,32.83741,-114.79462
92284,34.16013,-116.42474
92285,34.33762,-116.51364
92301,34.65183,-117.52617
92304,34.53062,-115.65933
92305,34.17018,-116.83231
92307,34.59078,-117.14127
92308,34.42005,-117.15558
92309,35.24942,-116.15578
92310,35.33443,-116.76306
92311,34.97204,-117.0101
92313,34.03142,-117.31373
92314,34.2576,-116.80075
92315,34.22011,-116.95301
92316,34.0576,-117.39076
92317,34.24507,-117.20874
92320,33.9874,-117.05024
92321,34.24748,-117.14694
92322,34.25419,-117.32259
92324,34.03398,-117.29008
92325,34.24554,-117.27506
92327,34.86632,-116.84347
92328,36.39482,-117.02718
92332,34.90728,-115.36409
92333,34.26951,-116.96277
92335,34.08733,-117.46519
92336,34.13686,-117.46033
92337,34.04967,-117.47145
92338,34.78773,-116.25117
92339,34.08189,-116.83838
92341,34.24009,-117.06798
92342,34.76078,-117.33795
92344,34.39176,-117.40657
92345,34.36415,-117.30984
92346,34.12629,-117.1792
92347,34.95003,-117.25802
92350,34.05296,-117.2617
92352,34.26824,-117.18486
92354,34.04933,-117.25119
92356,34.49633,-116.89265
92358,34.24624,-117.56762
92359,34.08296,-117.07026
92363,34.70863,-114.57562
92364,35.35678,-115.43741
92365,34.88843,-116.54129
92368,34.65508,-117.30893
92369,34.13941,-117.21966
92371,34.43837,-117.54266
92372,34.45097,-117.62859
92373,34.00648,-117.15351
92374,34.06738,-117.17482
92376,34.11053,-117.37997
92377,34.15234,-117.40412
92378,34.23206,-117.22483
92382,34.20604,-117.11276
92384,35.98255,-116.1505
92385,34.21345,-117.23057
92386,34.23702,-116.82523
92389,35.82902,-116.24813
92391,34.23958,-117.23665
92392,34.479,-117.40884
92394,34.563,-117.3542
92395,34.50032,-117.29479
92397,34.36212,-117.69136
92398,34.97178,-116.83808
92399,34.04469,-117.004
92401,34.10586,-117.29188
92404,34.17862,-117.23891
92405,34.14578,-117.30225
92407,34.22394,-117.38839
92408,34.0845,-117.2653
92410,34.10655,-117.29574
92411,34.12214,-117.32291
92415,34.10506,-117.28685
92501,33.99496,-117.37367
92503,33.88308,-117.45222
92504,33.90607,-117.39854
92505,33.92663,-117.4928
92506,33.93478,-117.36689
92507,33.97464,-117.32234
92508,33.89039,-117.3282
92509,34.00293,-117.44547
92518,33.89602,-117.27705
92521,33.96794,-117.32731
92530,33.63386,-117.37949
92532,33.69052,-117.30241
92536,33.48791,-116.81528
92539,33.51579,-116.64432
92543,33.69867,-116.97916
92544,33.64581,-116.86033
92545,33.7311,-117.0359
92548,33.76392,-117.10907
92549,33.80886,-116.71212
92551,33.88148,-117.22521
92553,33.92335,-117.24532
92555,33.9133,-117.10867
92557,33.96855,-117.25704
92561,33.63704,-116.57441
92562,33.53579,-117.35098
92563,33.58435,-117.14458
92567,33.82378,-117.10305
92570,33.78377,-117.31737
92571,33.84182,-117.19522
92582,33.80489,-117.01873
92583,33.79662,-116.93188
92584,33.66167,-117.18079
92585,33.74217,-117.16723
92586,33.70773,-117.20045
92587,33.69466,-117.25196
92590,33.48391,-117.22075
92591,33.53432,-117.1092
92592,33.511,-117.0242
92595,33.61638,-117.26028
92596,33.64739,-117.07641
92602,33.72645,-117.7287
92603,33.62927,-117.79408
92604,33.6879,-117.7889
92606,33.69849,-117.8123
92610,33.68336,-117.65404
92612,33.65984,-117.82457
92614,33.68173,-117.83316
92617,33.64197,-117.84103
92618,33.66729,-117.73362
92620,33.70661,-117.75695
92624,33.46082,-117.66656
92625,33.60229,-117.86551
92626,33.67896,-117.90844
92627,33.64786,-117.9205
92629,33.47678,-117.70459
92630,33.64709,-117.68428
92637,33.60796,-117.72799
92646,33.66525,-117.96755
92647,33.72395,-118.00685
92648,33.68212,-118.0101
92649,33.72037,-118.04423
92651,33.56535,-117.77399
92653,33.59276,-117.69994
92655,33.74606,-117.98765
92656,33.57518,-117.73036
92657,33.59571,-117.83069
92660,33.63375,-117.87504
92661,33.60231,-117.89872
92662,33.60547,-117.89218
92663,33.62328,-117.93022
92672,33.3825,-117.5403
92673,33.46611,-117.61204
92675,33.49977,-117.65366
92676,33.75306,-117.63534
92677,33.52777,-117.70523
92678,33.64627,-117.50662
92679,33.65274,-117.56048
92683,33.75242,-117.99383
92688,33.61737,-117.61131
92691,33.61051,-117.66627
92692,33.60948,-117.64396
92694,33.51502,-117.58065
92697,33.65061,-117.85091
92701,33.7486,-117.85877
92703,33.74853,-117.90621
92704,33.72038,-117.90807
92705,33.755,-117.81488
92706,33.76602,-117.88174
92707,33.70991,-117.87045
92708,33.71046,-117.95132
92780,33.73685,-117.81968
92782,33.72833,-117.79753
92801,33.84441,-117.95175
92802,33.80831,-117.9237
92804,33.81801,-117.97517
92805,33.83003,-117.90568
92806,33.83884,-117.87054
92807,33.85001,-117.78946
92808,33.85623,-117.74018
92821,33.92997,-117.86986
92823,33.92536,-117.80024
92831,33.8795,-117.89607
92832,33.86871,-117.92914
92833,33.88051,-117.96112
92835,33.90171,-117.91529
92840,33.78584,-117.93202
92841,33.7868,-117.98207
92843,33.76399,-117.93153
92844,33.76561,-117.96952
92845,33.78292,-118.0264
92860,33.9262,-117.54913
92861,33.81801,-117.81031
92865,33.82887,-117.84925
92866,33.78453,-117.84479
92867,33.81443,-117.79617
92868,33.78799,-117.87637
92869,33.79479,-117.7621
92870,33.88087,-117.85522
92879,33.87979,-117.5357
92880,33.92096,-117.61052
92881,33.82163,-117.56763
92882,33.86367,-117.59989
92883,33.75994,-117.47827
92886,33.89517,-117.80154
92887,33.88727,-117.73389
93001,34.35321,-119.31868
93003,34.28434,-119.22256
93004,34.27901,-119.16537
93010,34.23007,-119.07437
93012,34.20518,-118.99309
93013,34.42697,-119.48032
93015,34.40969,-118.87807
93021,34.30417,-118.88274
93022,34.40324,-119.29836
93023,34.50372,-119.24856
93030,34.2051,-119.1753
93033,34.15401,-119.12296
93035,34.19034,-119.22879
93036,34.24911,-119.15977
93040,34.59337,-118.93657
93041,34.14956,-119.17458
93042,33.4077,-119.43365
93043,34.17001,-119.2026
93060,34.36543,-119.09563
93063,34.30922,-118.69041
93064,34.24527,-118.69984
93065,34.26206,-118.77151
93066,34.28851,-119.02848
93067,34.42162,-119.59277
93101,34.41925,-119.70808
93103,34.43888,-119.68173
93105,34.52702,-119.76082
93106,34.41719,-119.85111
93108,34.44934,-119.60397
93109,34.40662,-119.72682
93110,34.43913,-119.7666
93111,34.44932,-119.80223
93117,34.49102,-120.08201
93201,35.8555,-119.48338
93202,36.3187,-119.7076
93203,35.12158,-118.8468
93204,35.90819,-120.06776
93205,35.5387,-118.45463
93206,35.44402,-119.47578
93207,35.88721,-118.63153
93208,36.1298,-118.63982
93210,36.19519,-120.43245
93212,36.01649,-119.56937
93215,35.7764,-119.18835
93218,35.86194,-119.03822
93219,35.87908,-119.28818
93220,35.3705,-118.78369
93221,36.29637,-119.02992
93222,34.89835,-119.25983
93223,36.30117,-119.20789
93224,35.21687,-119.58087
93225,34.78532,-119.04196
93226,35.7476,-118.73462
93227,36.34441,-119.41856
93230,36.28967,-119.62514
93234,36.19608,-120.08477
93235,36.38507,-119.22314
93237,36.47452,-118.90426
93238,35.82799,-118.47137
93239,36.03293,-119.98645
93240,35.62425,-118.4645
93241,35.24922,-118.91224
93242,36.44115,-119.73024
93243,34.84057,-118.81769
93244,36.3908,-118.99733
93245,36.28614,-119.83405
93246,36.31921,-119.93135
93247,36.20234,-119.08277
93249,35.67033,-119.85814
93250,35.66456,-119.20278
93251,35.37059,-119.69735
93252,34.80685,-119.34664
93254,34.92498,-119.74834
93255,35.68292,-118.0798
93256,35.96805,-119.31251
93257,35.98708,-118.89493
93258,36.05833,-119.15209
93260,35.81909,-118.66116
93261,35.81147,-119.11673
93262,36.50256,-118.68109
93263,35.48722,-119.27835
93265,36.20713,-118.70876
93266,36.17176,-119.85628
93267,36.14279,-119.0742
93268,35.16725,-119.40785
93270,35.94703,-119.05669
93271,36.43661,-118.86903
93272,36.04818,-119.34535
93274,36.17978,-119.37949
93276,35.31756,-119.4092
93277,36.29963,-119.38139
93280,35.65204,-119.44716
93283,35.58478,-118.28854
93285,35.72233,-118.50871
93286,36.45149,-119.1079
93287,35.72387,-118.91958
93291,36.38931,-119.36838
93292,36.3763,-119.22183
93301,35.38428,-119.02057
93304,35.33938,-119.02368
93305,35.38989,-118.98515
93306,35.46595,-118.78445
93307,35.2487,-118.93253
93308,35.5498,-118.93389
93309,35.34266,-119.06461
93311,35.15378,-119.16567
93312,35.39186,-119.11954
93313,35.16363,-119.04715
93314,35.385,-119.23741
93401,35.23539,-120.61834
93402,35.29082,-120.8392
93405,35.29672,-120.72618
93407,35.30747,-120.66986
93408,35.32117,-120.71889
93409,35.32352,-120.69743
93410,35.30428,-120.65683
93420,35.16682,-120.46617
93422,35.4638,-120.69007
93424,35.20141,-120.78394
93426,35.84682,-120.97233
93427,34.62724,-120.22465
93428,35.58995,-121.02943
93429,34.86682,-120.53582
93430,35.49214,-120.92422
93432,35.47686,-120.47228
93433,35.12045,-120.61894
93434,34.94086,-120.6113
93436,34.60888,-120.4002
93437,34.76049,-120.51102
93440,34.74606,-120.25292
93441,34.73296,-120.09721
93442,35.4,-120.80495
93444,35.03553,-120.50293
93445,35.03319,-120.62002
93446,35.65861,-120.71888
93449,35.15803,-120.6504
93450,36.05791,-120.82894
93451,35.89398,-120.56733
93452,35.71078,-121.20396
93453,35.31339,-120.1655
93454,34.94834,-120.23425
93455,34.84195,-120.45522
93458,34.95477,-120.49042
93460,34.66214,-119.90091
93461,35.63519,-120.26951
93463,34.60688,-120.13495
93465,35.54267,-120.73417
93501,35.0411,-118.22922
93505,35.15708,-117.90934
93510,34.45627,-118.2109
93512,37.87379,-118.53455
93513,37.18401,-118.17129
93514,37.4947,-118.38514
93516,35.0081,-117.64268
93517,38.27091,-119.27372
93518,35.37675,-118.47314
93519,35.3171,-117.95596
93522,36.29836,-117.59681
93523,34.99788,-117.88308
93524,34.90993,-117.85007
93526,36.85941,-118.25378
93527,35.80294,-117.98504
93528,35.37194,-117.64193
93529,37.7832,-119.1375
93530,36.48458,-117.87201
93531,35.22937,-118.60781
93532,34.68571,-118.55914
93534,34.71759,-118.15079
93535,34.69908,-117.89613
93536,34.75267,-118.3889
93541,37.99678,-119.01847
93543,34.47916,-117.97357
93544,34.49063,-117.75505
93545,36.6046,-118.02721
93546,37.60573,-118.85219
93549,36.27728,-117.96016
93550,34.38305,-118.04926
93551,34.59404,-118.22634
93552,34.58412,-118.02386
93553,34.44515,-117.89611
93554,35.36914,-117.75876
93555,35.58596,-117.68446
93558,35.33945,-117.58517
93560,34.87116,-118.32594
93561,35.10904,-118.52016
93562,35.70667,-117.34263
93563,34.38662,-117.83646
93581,35.11288,-118.57035
93591,34.59656,-117.80955
93601,37.39395,-119.73702
93602,37.0644,-119.37484
93603,36.55118,-118.99607
93604,37.3717,-119.52215
93605,37.17622,-119.24953
93606,36.79871,-120.01625
93608,36.5055,-120.3418
93609,36.52616,-119.86388
93610,37.09047,-120.29036
93611,36.82552,-119.68115
93612,36.81548,-119.71076
93614,37.21282,-119.72659
93615,36.50374,-119.28385
93616,36.65468,-119.59437
93618,36.52213,-119.38661
93619,36.91656,-119.57372
93620,37.0448,-120.6223
93621,36.8067,-119.13602
93622,36.79283,-120.62434
93623,37.47478,-119.66071
93624,36.37258,-120.12125
93625,36.62423,-119.67173
93626,37.03278,-119.68601
93627,36.51568,-120.10635
93628,36.78149,-118.83839
93630,36.71831,-120.12912
93631,36.47653,-119.52131
93633,36.72912,-118.95627
93634,37.20583,-118.93652
93635,37.016,-120.88294
93636,36.98171,-119.87706
93637,36.91099,-120.1922
93638,37.0424,-120.03816
93640,36.67215,-120.43778
93641,36.70481,-119.02167
93643,37.27155,-119.45004
93644,37.41245,-119.59431
93645,37.1641,-119.61824
93646,36.63218,-119.28938
93647,36.58449,-119.17773
93648,36.6206,-119.52062
93650,36.84026,-119.80038
93651,37.00296,-119.521
93652,36.59502,-119.90458
93653,37.24769,-119.91882
93654,36.65747,-119.402
93656,36.45173,-119.93615
93657,36.78853,-119.4378
93660,36.60932,-120.16514
93662,36.53963,-119.64287
93664,37.05671,-119.17981
93665,36.96334,-120.65034
93666,36.54623,-119.33629
93667,36.96585,-119.31511
93668,36.65663,-120.28997
93669,37.28334,-119.54297
93670,36.48564,-119.25442
93673,36.45229,-119.48232
93675,36.73251,-119.19285
93701,36.74955,-119.78772
93702,36.73942,-119.75422
93703,36.76884,-119.76249
93704,36.80012,-119.80202
93705,36.78667,-119.82851
93706,36.65344,-119.90216
93710,36.82335,-119.76251
93711,36.83508,-119.83309
93720,36.8606,-119.76228
93721,36.73282,-119.78383
93722,36.80003,-119.87791
93723,36.78693,-119.95271
93725,36.62667,-119.73501
93726,36.79374,-119.76161
93727,36.75119,-119.69736
93728,36.75729,-119.81816
93730,36.90354,-119.75512
93737,36.75358,-119.6456
93740,36.81638,-119.74613
93741,36.76742,-119.79602
93901,36.64794,-121.63044
93905,36.6849,-121.60562
93906,36.72258,-121.63218
93907,36.76643,-121.66816
93908,36.62153,-121.60048
93920,36.03164,-121.52592
93921,36.55359,-121.92259
93923,36.40394,-121.79867
93924,36.39489,-121.63406
93925,36.60209,-121.42526
93926,36.52567,-121.3991
93927,36.26978,-121.38018
93928,36.06484,-121.38102
93930,36.19924,-121.07282
93932,36.00143,-121.05757
93933,36.67566,-121.78237
93940,36.45294,-121.8498
93943,36.59736,-121.87332
93944,36.60058,-121.91858
93950,36.61899,-121.92575
93953,36.58566,-121.94329
93954,36.16434,-120.92441
93955,36.62153,-121.79562
93960,36.40489,-121.32121
93962,36.62472,-121.64649
94002,37.51366,-122.29853
94005,37.6882,-122.40873
94010,37.57306,-122.37828
94014,37.6907,-122.44769
94015,37.68121,-122.48074
94018,37.50603,-122.47321
94019,37.44826,-122.4023
94020,37.28473,-122.21969
94021,37.25028,-122.24958
94022,37.35534,-122.14494
94024,37.35037,-122.09863
94025,37.45087,-122.1829
94027,37.45399,-122.20313
94028,37.37492,-122.21136
94030,37.59969,-122.40343
94037,37.55327,-122.49584
94038,37.52946,-122.4849
94040,37.38034,-122.08531
94041,37.38822,-122.07529
94043,37.41188,-122.06892
94044,37.60544,-122.47993
94060,37.22297,-122.33572
94061,37.46136,-122.23731
94062,37.42562,-122.29653
94063,37.49367,-122.20823
94065,37.53504,-122.24683
94066,37.62539,-122.43229
94070,37.49739,-122.27021
94074,37.32817,-122.34164
94080,37.65541,-122.42083
94085,37.38862,-122.01793
94086,37.37164,-122.02316
94087,37.35164,-122.03669
94089,37.41192,-122.01441
94102,37.77956,-122.41931
94103,37.77299,-122.41136
94104,37.79144,-122.40211
94105,37.79239,-122.39707
94107,37.76473,-122.39508
94108,37.79189,-122.40854
94109,37.79334,-122.42138
94110,37.74975,-122.41528
94111,37.79847,-122.3998
94112,37.7206,-122.44311
94114,37.75814,-122.43547
94115,37.78608,-122.43742
94116,37.74457,-122.48611
94117,37.77002,-122.44425
94118,37.7801,-122.46185
94121,37.77849,-122.49548
94122,37.76113,-122.48433
94123,37.80112,-122.43645
94124,37.73204,-122.3858
94127,37.73642,-122.45961
94128,37.62197,-122.38388
94129,37.79743,-122.46662
94130,37.81975,-122.36898
94131,37.74569,-122.44243
94132,37.72219,-122.48475
94133,37.80193,-122.41092
94134,37.71887,-122.41124
94158,37.77116,-122.39153
94188,37.7407,-122.38091
94301,37.44424,-122.14992
94303,37.45064,-122.11928
94304,37.39744,-122.16699
94305,37.41623,-122.17069
94306,37.41627,-122.13088
94401,37.57445,-122.31942
94402,37.54035,-122.33388
94403,37.53844,-122.30454
94404,37.5562,-122.26905
94501,37.77525,-122.27493
94502,37.73686,-122.24114
94503,38.19454,-122.23042
94505,37.86638,-121.5868
94506,37.80862,-121.90498
94507,37.85429,-122.00664
94508,38.57909,-122.44451
94509,37.99214,-121.8142
94510,38.09756,-122.13189
94511,38.02883,-121.64039
94512,38.1263,-121.83793
94513,37.92541,-121.68452
94514,37.83071,-121.63392
94515,38.62449,-122.62503
94516,37.82748,-122.16629
94517,37.8926,-121.88252
94518,37.95052,-122.02209
94519,37.98881,-122.01275
94520,37.99344,-122.03532
94521,37.95293,-121.96971
94523,37.95403,-122.07608
94525,38.04811,-122.2292
94526,37.81472,-121.98451
94528,37.84149,-121.95819
94530,37.92076,-122.30068
94531,37.95665,-121.77777
94533,38.28132,-122.00693
94534,38.24112,-122.12142
94535,38.27048,-121.93851
94536,37.57072,-121.98555
94538,37.50653,-121.96361
94539,37.51635,-121.9119
94541,37.67376,-122.08707
94542,37.6553,-122.02584
94544,37.63352,-122.05678
94545,37.62957,-122.12048
94546,37.73441,-122.09056
94547,38.00637,-122.26117
94548,37.97481,-121.65265
94549,37.90133,-122.11933
94550,37.51746,-121.59406
94551,37.75902,-121.76026
94552,37.70456,-122.01359
94553,37.97999,-122.15368
94555,37.55083,-122.08043
94556,37.83102,-122.10425
94558,38.50846,-122.26497
94559,38.25238,-122.29382
94560,37.50771,-122.02523
94561,37.99311,-121.69172
94562,38.43071,-122.40874
94563,37.88196,-122.19419
94564,37.98896,-122.27018
94565,38.00926,-121.92886
94566,37.65032,-121.85881
94567,38.66342,-122.4349
94568,37.71596,-121.90113
94569,38.04411,-122.19201
94571,38.1566,-121.7482
94572,38.02392,-122.23285
94573,38.45726,-122.42348
94574,38.52742,-122.39261
94575,37.84235,-122.11012
94576,38.54932,-122.47581
94577,37.71595,-122.16615
94578,37.70675,-122.1256
94579,37.68656,-122.15709
94580,37.67803,-122.13334
94582,37.76357,-121.91469
94583,37.77245,-121.99157
94585,38.19061,-121.94216
94586,37.57327,-121.85472
94587,37.59142,-122.06993
94588,37.73801,-121.88178
94589,38.14162,-122.24596
94590,38.09546,-122.24986
94591,38.12702,-122.19635
94592,38.12009,-122.3117
94595,37.87206,-122.06892
94596,37.88902,-122.03676
94597,37.91768,-122.0718
94598,37.89238,-121.98283
94599,38.41012,-122.37365
94601,37.77684,-122.21822
94602,37.80517,-122.20422
94603,37.73923,-122.17554
94605,37.76062,-122.14903
94606,37.79179,-122.24455
94607,37.80721,-122.30024
94608,37.83611,-122.28621
94609,37.83476,-122.2642
94610,37.81229,-122.24048
94611,37.83191,-122.21592
94612,37.80789,-122.2662
94613,37.78075,-122.18308
94618,37.8442,-122.23868
94619,37.79262,-122.16001
94621,37.7379,-122.20794
94702,37.86619,-122.28634
94703,37.86397,-122.27573
94704,37.8664,-122.26088
94705,37.86523,-122.2384
94706,37.88969,-122.29581
94707,37.89843,-122.27917
94708,37.90276,-122.26202
94709,37.87835,-122.26613
94710,37.86705,-122.303
94720,37.87185,-122.25226
94801,37.95217,-122.38025
94803,37.95683,-122.28235
94804,37.92074,-122.34204
94805,37.94215,-122.32364
94806,37.97811,-122.33618
94901,37.98053,-122.50249
94903,38.02485,-122.5522
94904,37.94841,-122.55288
94920,37.88732,-122.46549
94922,38.35683,-122.95098
94923,38.33588,-123.02647
94924,37.95411,-122.73171
94925,37.92386,-122.5132
94928,38.3459,-122.6935
94929,38.25444,-122.96243
94930,37.97048,-122.61108
94931,38.32229,-122.71497
94933,38.01753,-122.68814
94937,38.09466,-122.92719
94938,38.03024,-122.72953
94939,37.93725,-122.53518
94940,38.15754,-122.86376
94941,37.92562,-122.60083
94945,38.1258,-122.55443
94946,38.07176,-122.68785
94947,38.10705,-122.62813
94949,38.06576,-122.53172
94950,38.02122,-122.76187
94951,38.32252,-122.64492
94952,38.23007,-122.76338
94954,38.24624,-122.56627
94956,38.0476,-122.81046
94957,37.96343,-122.56174
94960,37.99707,-122.57838
94963,38.00765,-122.66484
94964,37.94235,-122.49244
94965,37.85263,-122.52699
94970,37.91694,-122.65553
94971,38.23724,-122.89006
94972,38.33665,-122.93934
94973,38.01259,-122.63947
95002,37.44075,-122.00047
95003,37.0089,-121.87775
95004,36.86818,-121.63237
95005,37.09835,-122.08931
95006,37.17129,-122.151
95007,37.11019,-122.11434
95008,37.27977,-121.95481
95010,36.97721,-121.95466
95012,36.78373,-121.74164
95013,37.21531,-121.73962
95014,37.30827,-122.07981
95017,37.10529,-122.22913
95018,37.08027,-122.05824
95019,36.93575,-121.78458
95020,37.01461,-121.55718
95023,36.92113,-121.36117
95030,37.22168,-121.98326
95032,37.20859,-121.92359
95033,37.15701,-121.97771
95035,37.44319,-121.87632
95037,37.13213,-121.67886
95039,36.81515,-121.7779
95041,37.05052,-122.05828
95043,36.51652,-120.97677
95045,36.83281,-121.52576
95046,37.09576,-121.59649
95050,37.3504,-121.95238
95051,37.3483,-121.98444
95053,37.34848,-121.93737
95054,37.39308,-121.96483
95060,37.01352,-122.10176
95062,36.97279,-121.99008
95064,36.99158,-122.05886
95065,37.03229,-121.98444
95066,37.0672,-122.01453
95070,37.25624,-122.05151
95073,37.04068,-121.93174
95075,36.80112,-121.19258
95076,36.94029,-121.75089
95110,37.34656,-121.9097
95111,37.28401,-121.82731
95112,37.34461,-121.88346
95113,37.3339,-121.8905
95116,37.35043,-121.85255
95117,37.31008,-121.96225
95118,37.25589,-121.88991
95119,37.22756,-121.79077
95120,37.18428,-121.83658
95121,37.30463,-121.80981
95122,37.32925,-121.83481
95123,37.24479,-121.83306
95124,37.25684,-121.92286
95125,37.29554,-121.89408
95126,37.32687,-121.91677
95127,37.37453,-121.78733
95128,37.31579,-121.93647
95129,37.30597,-122.00072
95130,37.28803,-121.98146
95131,37.38729,-121.89793
95132,37.41994,-121.79059
95133,37.37171,-121.86057
95134,37.43003,-121.94528
95135,37.22285,-121.55913
95136,37.27192,-121.85237
95138,37.2462,-121.73287
95139,37.22489,-121.76393
95140,37.3483,-121.64085
95148,37.33252,-121.78142
95202,37.95968,-121.28772
95203,37.95237,-121.33098
95204,37.97403,-121.31906
95205,37.96425,-121.25955
95206,37.8961,-121.41051
95207,38.00242,-121.325
95209,38.04717,-121.35121
95210,38.03215,-121.29782
95211,37.98078,-121.31198
95212,38.04897,-121.22684
95215,37.9444,-121.15276
95219,38.0207,-121.51584
95220,38.19779,-121.23603
95221,38.0724,-120.54852
95222,38.06127,-120.61791
95223,38.4644,-119.85939
95224,38.22706,-120.32562
95225,38.20399,-120.86488
95226,38.23377,-120.86232
95227,38.20678,-121.04615
95228,37.94669,-120.68067
95230,37.97361,-120.86492
95231,37.87331,-121.29272
95232,38.36051,-120.57722
95233,38.18622,-120.36859
95236,38.04218,-121.03176
95237,38.15953,-121.14845
95240,38.1177,-121.1627
95242,38.13204,-121.38875
95245,38.30189,-120.61975
95246,38.23662,-120.49589
95247,38.14264,-120.44359
95248,38.32433,-120.46051
95249,38.18986,-120.61784
95251,38.08024,-120.45769
95252,38.15871,-120.84214
95253,38.14725,-121.19525
95254,38.20323,-120.95857
95255,38.42055,-120.47506
95257,38.38068,-120.45255
95258,38.16811,-121.31011
95301,37.30634,-120.65119
95303,37.4714,-120.67744
95304,37.6773,-121.3948
95305,37.8306,-120.34821
95306,37.36015,-120.11581
95307,37.55582,-120.95385
95309,37.87154,-120.43299
95310,38.09944,-120.36171
95311,37.70443,-120.08344
95312,37.42107,-120.65295
95313,37.43511,-121.03769
95315,37.42243,-120.7733
95316,37.54613,-120.69212
95317,37.12947,-120.5074
95318,37.66618,-119.8064
95319,37.6309,-120.87728
95320,37.82453,-121.01545
95321,37.97719,-119.75012
95322,37.17622,-121.01861
95323,37.60881,-120.68464
95324,37.39452,-120.89605
95325,37.48058,-120.24208
95326,37.58998,-120.8531
95327,37.84912,-120.4858
95328,37.55797,-120.90932
95329,37.67726,-120.41363
95330,37.8117,-121.31331
95333,37.2447,-120.24277
95334,37.34756,-120.74624
95335,38.11894,-120.09239
95336,37.83351,-121.1988
95337,37.74171,-121.23834
95338,37.50911,-119.98659
95340,37.34128,-120.40658
95341,37.23037,-120.50715
95345,37.58784,-119.96408
95346,38.07045,-120.17291
95348,37.41525,-120.4979
95350,37.67175,-121.00732
95351,37.6236,-120.99828
95354,37.63849,-120.96428
95355,37.6727,-120.94717
95356,37.71945,-121.02786
95357,37.66985,-120.87924
95358,37.61578,-121.10059
95360,37.32918,-121.03827
95361,37.79342,-120.77654
95363,37.37251,-121.27192
95364,38.22908,-119.79174
95365,37.3012,-120.33152
95366,37.76223,-121.12574
95367,37.73089,-120.94669
95368,37.71544,-121.09047
95369,37.52435,-120.41301
95370,37.98484,-120.34515
95372,37.98927,-120.26272
95374,37.31636,-120.85683
95375,38.21493,-119.97031
95376,37.73678,-121.43404
95377,37.65293,-121.49598
95379,37.96174,-120.21635
95380,37.47226,-120.86978
95382,37.52831,-120.85214
95383,38.09534,-120.22602
95385,37.612,-121.24773
95386,37.67391,-120.63045
95387,37.55429,-121.2451
95388,37.42171,-120.59715
95389,37.73784,-119.52556
95391,37.76952,-121.5912
95401,38.44922,-122.79307
95403,38.50326,-122.75358
95404,38.46488,-122.65709
95405,38.43926,-122.66908
95407,38.39465,-122.74591
95409,38.46116,-122.60425
95410,39.21616,-123.70012
95412,38.71168,-123.31967
95415,39.0205,-123.36751
95417,39.68791,-123.65075
95419,38.42336,-122.9582
95420,39.35638,-123.76832
95421,38.58276,-123.18037
95422,38.97829,-122.6423
95423,39.06749,-122.62753
95425,38.81792,-123.02566
95426,38.83449,-122.7361
95427,39.25326,-123.56932
95428,39.82489,-123.18126
95429,39.73292,-123.34841
95430,38.46279,-123.04476
95431,38.34897,-122.51625
95432,39.1083,-123.63829
95435,39.00315,-122.8748
95436,38.49108,-122.91425
95437,39.44535,-123.69402
95439,38.49055,-122.77591
95441,38.73775,-123.0354
95442,38.3785,-122.51549
95443,39.05013,-122.73962
95444,38.43261,-122.86922
95445,38.83762,-123.49404
95446,38.52525,-123.00423
95448,38.62309,-122.89089
95449,38.94331,-123.09653
95450,38.5229,-123.21508
95451,38.9388,-122.80484
95452,38.42969,-122.5362
95453,39.04346,-122.93918
95454,39.78063,-123.51631
95456,39.25851,-123.74585
95457,38.87967,-122.52753
95458,39.11667,-122.78204
95459,38.99068,-123.62627
95460,39.30386,-123.73737
95461,38.762,-122.59314
95462,38.47263,-123.02064
95463,39.18957,-123.58059
95464,39.12736,-122.84733
95465,38.40556,-123.01963
95466,39.08868,-123.51058
95467,38.80453,-122.54948
95468,38.9094,-123.60372
95469,39.38853,-123.05972
95470,39.30019,-123.22984
95471,38.53218,-122.97362
95472,38.39738,-122.86668
95476,38.25531,-122.46055
95480,38.68463,-123.36802
95482,39.1618,-123.23925
95485,39.20828,-122.9259
95486,38.4741,-123.02403
95488,39.73679,-123.77199
95490,39.4883,-123.34725
95492,38.53052,-122.81254
95493,39.20241,-122.97948
95494,38.89646,-123.34324
95497,38.71976,-123.45601
95501,40.80435,-124.14034
95503,40.72406,-124.09178
95511,40.16975,-123.59539
95514,40.29151,-123.67119
95519,40.95833,-124.04983
95521,40.84586,-124.04745
95524,40.82346,-124.05271
95525,40.94845,-123.82629
95526,40.44705,-123.6628
95527,40.93593,-123.41966
95528,40.4936,-123.92393
95531,41.79288,-124.00473
95536,40.51069,-124.26547
95537,40.745,-124.21472
95538,41.86833,-124.15433
95540,40.56671,-124.12651
95542,40.08074,-123.77369
95543,41.88847,-123.80238
95545,40.26159,-124.08599
95546,41.18777,-123.74535
95547,40.56952,-124.07751
95548,41.58633,-124.05859
95549,40.65838,-123.89485
95550,40.77695,-123.82951
95551,40.66977,-124.21961
95552,40.34899,-123.42248
95553,40.22981,-123.87133
95554,40.27573,-123.78414
95555,41.29519,-123.97774
95556,41.31444,-123.59043
95558,40.32673,-124.24017
95559,40.18977,-123.7512
95560,40.14606,-123.83816
95562,40.45808,-124.1072
95563,40.84248,-123.51225
95564,40.79023,-124.20312
95565,40.45723,-124.01099
95567,41.9498,-124.1118
95568,41.48454,-123.48543
95569,40.36078,-123.85818
95570,41.11375,-124.08037
95571,40.36495,-123.94157
95573,40.89567,-123.65873
95585,39.85872,-123.66619
95587,39.96969,-123.75537
95589,40.07927,-123.98596
95595,40.11074,-123.26642
95601,38.42713,-120.82997
95602,38.99039,-121.10991
95603,38.91167,-121.08559
95604,38.9112,-121.0982
95605,38.59289,-121.53929
95606,38.75604,-122.19387
95607,38.7899,-122.12585
95608,38.62611,-121.32886
95610,38.69494,-121.27219
95612,38.38644,-121.58118
95613,38.81272,-120.89173
95614,38.88649,-120.98896
95615,38.31113,-121.54595
95616,38.55819,-121.80044
95618,38.54348,-121.6917
95619,38.68218,-120.81401
95620,38.40599,-121.75689
95621,38.69551,-121.30862
95623,38.6075,-120.84873
95624,38.43203,-121.30506
95625,38.35728,-121.90861
95626,38.73378,-121.48898
95627,38.72936,-122.00959
95628,38.65212,-121.2543
95629,38.51277,-120.6875
95630,38.66558,-121.141
95631,39.05453,-120.75365
95632,38.27705,-121.26128
95633,38.84919,-120.82328
95634,38.9123,-120.69443
95635,38.91111,-120.90043
95636,38.6274,-120.51852
95637,38.85283,-122.2729
95638,38.33969,-121.11481
95639,38.39202,-121.49599
95640,38.33922,-120.94024
95641,38.15046,-121.60271
95642,38.3434,-120.76398
95645,38.89025,-121.79992
95646,38.63828,-120.01813
95648,38.92643,-121.31101
95650,38.81339,-121.16831
95651,38.82088,-120.93515
95652,38.66265,-121.40079
95653,38.69151,-121.97723
95655,38.54976,-121.27898
95658,38.87938,-121.15173
95659,38.84594,-121.57679
95660,38.67883,-121.3805
95661,38.74129,-121.24925
95662,38.68917,-121.21988
95663,38.85739,-121.18251
95664,38.79755,-121.05136
95665,38.39587,-120.65238
95666,38.54113,-120.33076
95667,38.73407,-120.79216
95668,38.82708,-121.49378
95669,38.49522,-120.89157
95670,38.60461,-121.27963
95671,38.69529,-121.15671
95672,38.72664,-120.99638
95673,38.69029,-121.46603
95674,38.95396,-121.48187
95675,38.54548,-120.74277
95676,38.87224,-121.71664
95677,38.79298,-121.23133
95678,38.76536,-121.28847
95679,38.90524,-122.26727
95680,38.24142,-121.57816
95681,38.99809,-121.35422
95682,38.60537,-120.96175
95683,38.51018,-121.09894
95684,38.59098,-120.55066
95685,38.42716,-120.76698
95686,38.19039,-121.48543
95687,38.3344,-121.91765
95688,38.41901,-122.02571
95689,38.47088,-120.61566
95690,38.23429,-121.58672
95691,38.62394,-121.58272
95692,39.04699,-121.40471
95693,38.39851,-121.21956
95694,38.56163,-122.00609
95695,38.68847,-121.85666
95697,38.73284,-121.80701
95698,38.8187,-121.91012
95699,38.44074,-120.85702
95701,39.22633,-120.76741
95703,38.99156,-120.9864
95709,38.74886,-120.68134
95713,39.08477,-120.92788
95714,39.2013,-120.83677
95715,39.27495,-120.64388
95717,39.14258,-120.84268
95720,38.84536,-120.26021
95721,38.82341,-120.09379
95722,39.00467,-121.02891
95726,38.75418,-120.41989
95728,39.29673,-120.40358
95735,38.82986,-120.17936
95736,39.03905,-120.97738
95742,38.5735,-121.19854
95746,38.75009,-121.16712
95747,38.77963,-121.36798
95757,38.33886,-121.43643
95758,38.42932,-121.44603
95762,38.67694,-121.05755
95765,38.81982,-121.27772
95776,38.68889,-121.70776
95811,38.58761,-121.49077
95814,38.58064,-121.49488
95815,38.60544,-121.44497
95816,38.57555,-121.46543
95817,38.55057,-121.45713
95818,38.55579,-121.49669
95819,38.56816,-121.43772
95820,38.53491,-121.4442
95821,38.62541,-121.38479
95822,38.51273,-121.49556
95823,38.47473,-121.44266
95824,38.51746,-121.44147
95825,38.5901,-121.40644
95826,38.54554,-121.37885
95827,38.55151,-121.3253
95828,38.48943,-121.39598
95829,38.48759,-121.33326
95830,38.49415,-121.27229
95831,38.49599,-121.52948
95832,38.43979,-121.49888
95833,38.61529,-121.51558
95834,38.64207,-121.51967
95835,38.67088,-121.52464
95837,38.68925,-121.59537
95838,38.64708,-121.44312
95841,38.66031,-121.34812
95842,38.687,-121.34889
95843,38.71532,-121.36366
95864,38.58512,-121.37655
95901,39.2225,-121.48855
95903,39.11337,-121.37192
95910,39.46742,-120.83158
95912,39.0016,-122.07462
95913,39.62899,-122.19215
95914,39.40756,-121.37878
95915,39.97926,-121.21492
95916,39.65945,-121.37375
95917,39.42392,-121.77178
95918,39.301,-121.34547
95919,39.43445,-121.26554
95920,39.46071,-121.93702
95922,39.47033,-121.07736
95923,40.18385,-121.13672
95925,39.46798,-121.18006
95926,39.74573,-121.84396
95928,39.68317,-121.83528
95929,39.72578,-121.85022
95930,39.54679,-121.1606
95932,39.26839,-122.00426
95934,40.07463,-120.93108
95935,39.37369,-121.19615
95936,39.56336,-120.79279
95937,38.88403,-121.99847
95938,39.60504,-121.79708
95939,39.56755,-122.60224
95941,39.5588,-121.24157
95942,39.98954,-121.58872
95943,39.57692,-122.0367
95944,39.53482,-120.86159
95945,39.19426,-120.98199
95946,39.21052,-121.20467
95947,40.15942,-120.84409
95948,39.34289,-121.75818
95949,39.102,-121.13343
95950,39.05144,-121.92196
95951,39.71473,-122.00197
95953,39.25018,-121.77309
95954,39.94916,-121.54088
95955,39.29657,-122.20454
95956,39.8751,-121.12209
95957,39.05366,-121.82379
95958,39.56417,-121.79804
95959,39.34509,-120.86797
95960,39.39121,-121.0583
95961,39.03343,-121.55754
95962,39.32669,-121.26876
95963,39.73682,-122.30329
95965,39.59169,-121.59034
95966,39.47332,-121.43284
95968,39.43514,-121.55179
95969,39.72178,-121.63388
95970,39.41159,-122.05176
95971,39.92895,-120.91608
95972,39.42955,-121.33624
95973,39.88099,-121.8516
95974,39.4973,-121.75569
95975,39.22436,-121.15367
95977,39.17967,-121.29007
95978,39.90826,-121.52941
95979,39.29771,-122.47913
95981,39.65237,-121.03447
95982,39.18051,-121.80746
95983,40.05827,-120.73897
95984,39.99654,-121.11951
95986,39.36149,-120.7652
95987,39.10299,-122.2726
95988,39.49825,-122.28698
95991,39.02205,-121.61317
95993,39.08171,-121.68798
96001,40.57731,-122.45443
96002,40.5299,-122.31679
96003,40.66664,-122.31564
96006,41.15575,-120.83952
96007,40.45507,-122.30468
96008,40.73559,-122.11091
96009,41.06183,-121.04434
96010,40.89735,-123.24365
96011,41.05762,-121.89157
96013,40.97495,-121.68316
96014,41.3579,-122.77305
96015,41.49672,-120.87162
96016,40.90675,-121.52032
96017,41.10776,-122.30751
96019,40.68729,-122.39927
96020,40.30089,-121.26286
96021,39.91871,-122.26813
96022,40.34232,-122.44814
96023,41.92108,-121.97592
96024,40.58767,-122.90143
96025,41.20409,-122.32523
96027,41.36558,-123.07799
96028,41.00761,-121.45731
96029,39.94003,-122.48743
96031,41.17262,-123.18029
96032,41.58503,-122.98291
96033,40.75076,-122.60004
96034,41.44177,-122.60772
96035,40.04168,-122.18254
96037,41.54368,-122.93177
96038,41.60827,-122.54576
96039,41.66376,-123.37711
96040,40.79393,-121.47397
96041,40.52059,-123.19991
96044,41.95384,-122.64853
96046,40.61118,-123.43151
96047,40.47695,-122.69889
96048,40.82613,-123.05594
96050,41.85389,-122.95689
96051,40.90112,-122.35664
96052,40.68515,-122.80342
96054,41.26665,-121.10633
96055,40.10249,-122.03213
96056,41.07178,-121.32607
96057,41.26144,-122.0118
96058,41.74536,-121.9337
96059,40.42947,-121.83465
96061,40.34407,-121.48767
96062,40.56373,-122.06646
96063,40.35708,-121.60236
96064,41.76371,-122.36433
96065,40.88056,-121.95433
96067,41.31664,-122.31736
96068,41.10525,-121.20455
96069,40.68226,-122.02341
96071,40.68134,-121.45275
96073,40.59047,-122.20537
96074,39.87196,-122.58599
96075,40.35582,-121.87196
96076,40.37547,-122.92996
96078,40.08245,-122.17607
96080,40.16386,-122.39171
96084,40.79395,-121.91519
96085,41.73245,-123.05145
96086,41.87407,-123.23012
96087,40.63296,-122.58067
96088,40.50983,-121.88848
96090,40.00681,-122.12142
96091,41.04567,-122.78053
96092,39.97344,-121.97342
96093,40.77237,-122.94329
96094,41.51214,-122.36253
96096,40.63738,-121.87552
96097,41.76234,-122.65921
96101,41.45803,-120.5043
96103,39.78446,-120.66969
96104,41.48248,-120.12725
96105,39.82478,-120.1821
96106,39.73552,-120.54388
96107,38.45215,-119.51421
96108,41.77687,-120.42351
96109,39.99747,-120.09521
96110,41.26637,-120.10763
96111,39.41571,-120.01648
96112,41.8372,-120.09403
96113,40.18577,-120.14609
96114,40.2945,-120.49359
96115,41.70753,-120.14047
96116,41.2603,-120.44841
96117,40.54556,-120.23978
96118,39.64823,-120.25392
96119,41.03353,-120.55264
96120,38.745,-119.82485
96121,40.16938,-120.37659
96122,39.82082,-120.47652
96123,40.80392,-120.30799
96124,39.63918,-120.46194
96125,39.61526,-120.60493
96126,39.54764,-120.38999
96128,40.34948,-120.40198
96129,39.81848,-120.35346
96130,40.54992,-120.63064
96132,40.89371,-120.5389
96133,38.63181,-119.50423
96134,41.8444,-121.41231
96135,39.81303,-120.20927
96136,40.31263,-120.12425
96137,40.38554,-121.12478
96140,39.23244,-120.10364
96141,39.10297,-120.19872
96142,39.0138,-120.09592
96143,39.26174,-120.02817
96145,39.18203,-120.15143
96146,39.22556,-120.23681
96148,39.24978,-120.05767
96150,38.88971,-120.04409
96155,38.75294,-120.09222
96161,39.34848,-120.22603
96701,21.40368,-157.89875
96703,22.1349,-159.37152
96704,19.30612,-155.83884
96705,21.89973,-159.56252
96706,21.34033,-158.01704
96707,21.36455,-158.08141
96708,20.88083,-156.23763
96710,19.85516,-155.21784
96712,21.626,-158.03534
96713,20.73684,-156.1159
96714,22.15734,-159.54472
96716,21.91167,-159.60134
96717,21.55556,-157.89605
96719,20.24005,-155.83344
96720,19.67022,-155.21718
96722,22.16689,-159.45826
96725,19.61243,-155.8824
96726,19.42147,-155.81094
96727,20.00803,-155.54842
96728,19.85991,-155.13339
96729,21.17214,-157.11722
96730,21.54615,-157.85112
96731,21.68488,-157.96999
96732,20.87593,-156.46092
96734,21.39002,-157.75387
96737,19.10735,-155.78062
96738,19.90341,-155.79392
96740,19.74422,-155.89951
96741,21.94986,-159.51847
96742,21.17089,-156.94753
96743,20.02619,-155.72266
96744,21.4427,-157.83328
96746,22.09167,-159.34951
96747,21.9169,-159.62788
96748,21.1138,-156.8794
96749,19.61031,-155.00281
96750,19.52404,-155.91463
96751,22.10668,-159.30516
96752,22.07823,-159.72077
96753,20.7317,-156.43606
96754,22.18537,-159.40246
96755,20.19602,-155.78158
96756,21.9085,-159.45368
96757,21.15536,-156.99513
96759,21.46015,-158.05995
96760,19.55234,-155.05483
96761,20.90961,-156.62226
96762,21.62468,-157.94201
96763,20.83512,-156.92717
96764,19.97766,-155.23985
96765,21.92608,-159.49831
96766,22.00556,-159.41931
96768,20.83231,-156.29787
96769,21.95501,-159.61655
96770,21.13465,-157.20354
96771,19.53348,-155.13573
96772,19.0683,-155.66077
96773,19.90677,-155.25218
96774,19.96871,-155.31503
96776,20.00156,-155.38777
96777,19.23137,-155.4705
96778,19.45221,-154.98624
96779,20.90534,-156.38208
96780,19.96592,-155.225
96781,19.80066,-155.18194
96782,21.43471,-157.94694
96783,19.84293,-155.1074
96785,19.47818,-155.23017
96786,21.53733,-158.02331
96789,21.47823,-157.97264
96790,20.6975,-156.31121
96791,21.55072,-158.15857
96792,21.46311,-158.16418
96793,20.88998,-156.53215
96795,21.33934,-157.71643
96796,21.96512,-159.66793
96797,21.40734,-158.01658
96799,-14.21984,-170.37005
96813,21.31628,-157.84359
96814,21.29405,-157.84637
96815,21.27375,-157.82108
96816,21.29379,-157.79009
96817,21.34016,-157.83749
96818,21.34637,-157.93704
96819,21.34968,-157.87527
96820,21.33633,-157.92071
96821,21.29952,-157.75004
96822,21.32046,-157.81037
96825,21.29575,-157.69234
96826,21.29171,-157.82698
96848,21.30131,-157.81419
96850,21.30385,-157.86258
96853,21.335,-157.94032
96857,21.48798,-158.05293
96858,21.34459,-157.88342
96859,21.35987,-157.88985
96860,21.35687,-157.94829
96863,21.4351,-157.75002
96910,13.45472,144.75128
96913,13.47825,144.81519
96915,13.37526,144.70714
96916,13.26593,144.68915
96917,13.28469,144.73991
96928,13.35626,144.65731
96929,13.56521,144.87637
96950,15.18888,145.75349
96951,14.15733,145.2145
96952,15.01311,145.63149
97001,44.93328,-120.64169
97002,45.23774,-122.8003
97003,45.50372,-122.86482
97004,45.25068,-122.45399
97005,45.49144,-122.80397
97006,45.52598,-122.85591
97007,45.44282,-122.87112
97008,45.46044,-122.80252
97009,45.42409,-122.33962
97011,45.38738,-122.03671
97013,45.21799,-122.67277
97014,45.61354,-121.87405
97015,45.41477,-122.53767
97016,46.05573,-123.27032
97017,45.17017,-122.37676
97018,45.8957,-122.81165
97019,45.494,-122.18885
97020,45.22267,-122.83887
97021,45.39048,-121.13425
97022,45.34562,-122.3306
97023,45.19147,-122.20501
97024,45.54576,-122.44142
97026,45.10409,-122.94251
97027,45.38697,-122.59271
97028,45.28225,-121.75274
97029,45.29901,-120.81003
97030,45.50896,-122.43135
97031,45.61193,-121.61094
97032,45.17949,-122.78559
97033,45.23361,-120.5876
97034,45.4095,-122.68467
97035,45.41291,-122.72616
97037,45.06567,-121.03141
97038,45.08575,-122.55288
97039,45.47226,-120.62428
97040,45.62648,-121.38476
97041,45.41655,-121.59617
97042,45.20679,-122.53247
97045,45.32834,-122.53058
97048,46.03905,-122.99483
97049,45.35931,-121.86829
97050,45.68256,-120.7727
97051,45.88902,-122.92011
97053,45.82695,-122.88401
97054,45.95406,-122.92995
97055,45.35975,-122.15396
97056,45.78935,-122.96941
97057,45.00422,-120.7516
97058,45.54239,-121.15447
97060,45.5342,-122.36989
97062,45.36821,-122.76169
97063,45.22319,-121.28306
97064,45.87276,-123.2309
97065,45.59803,-120.65696
97067,45.31302,-121.97733
97068,45.35195,-122.66876
97070,45.308,-122.77059
97071,45.13588,-122.82344
97078,45.47628,-122.89088
97080,45.47848,-122.39001
97086,45.44531,-122.52793
97089,45.4256,-122.44342
97101,45.09225,-123.21557
97102,45.7934,-123.94793
97103,46.13327,-123.69648
97106,45.65419,-123.13417
97107,45.56172,-123.88291
97108,45.27423,-123.67544
97109,45.73777,-123.1946
97110,45.89186,-123.95128
97111,45.29012,-123.19855
97112,45.26218,-123.86629
97113,45.50746,-123.04544
97114,45.18381,-123.07172
97115,45.27573,-123.02682
97116,45.59054,-123.18876
97117,45.62189,-123.31132
97118,45.55697,-123.91619
97119,45.4717,-123.20781
97121,46.19347,-123.97141
97122,45.17331,-123.8164
97123,45.44353,-122.98048
97124,45.57088,-122.94584
97125,45.66243,-123.21117
97127,45.24629,-123.11159
97128,45.19814,-123.25812
97130,45.71592,-123.93318
97131,45.71495,-123.8107
97132,45.32272,-122.98854
97133,45.68719,-123.02861
97134,45.45587,-123.96513
97135,45.18749,-123.95494
97136,45.6341,-123.91353
97137,45.21028,-122.9635
97138,45.90946,-123.70036
97140,45.35359,-122.86339
97141,45.47142,-123.73791
97144,45.74349,-123.30305
97145,45.84357,-123.9516
97146,46.11849,-123.91399
97147,45.6871,-123.8873
97148,45.35988,-123.26553
97149,45.09957,-123.94455
97201,45.50796,-122.68959
97202,45.48232,-122.64365
97203,45.60764,-122.74923
97204,45.5183,-122.67378
97205,45.51924,-122.70127
97206,45.48173,-122.5988
97208,45.52866,-122.67898
97209,45.53093,-122.68429
97210,45.54954,-122.73549
97211,45.58174,-122.63548
97212,45.54428,-122.64322
97213,45.53776,-122.59957
97214,45.51395,-122.64424
97215,45.51436,-122.59923
97216,45.51393,-122.5585
97217,45.59686,-122.69717
97218,45.5759,-122.60023
97219,45.45413,-122.69972
97220,45.55107,-122.55915
97221,45.49799,-122.72749
97222,45.44114,-122.61682
97223,45.44023,-122.77838
97224,45.40568,-122.7958
97225,45.502,-122.76994
97227,45.54432,-122.67721
97229,45.55032,-122.81026
97230,45.5582,-122.506
97231,45.68197,-122.82687
97232,45.5292,-122.64376
97233,45.51391,-122.49887
97236,45.48474,-122.51055
97239,45.48893,-122.69053
97266,45.48268,-122.55838
97267,45.40744,-122.61472
97301,44.94948,-123.00439
97302,44.90191,-123.06719
97303,45.03036,-123.02449
97304,45.0078,-123.1078
97305,45.01573,-122.92909
97306,44.84585,-123.07972
97310,44.90048,-122.97436
97317,44.90242,-122.90628
97321,44.64994,-123.13474
97322,44.62524,-123.01975
97324,44.34345,-123.63042
97325,44.83141,-122.85195
97326,44.62794,-123.61573
97327,44.37567,-122.94783
97329,44.3956,-122.33698
97330,44.63796,-123.27814
97331,44.56343,-123.28113
97333,44.4735,-123.3067
97335,44.63776,-122.88045
97336,44.35669,-122.85092
97338,44.93654,-123.33868
97341,44.81525,-124.04513
97342,44.73382,-121.94524
97343,44.56934,-123.73091
97344,44.86887,-123.46596
97345,44.4126,-122.57644
97346,44.76948,-122.37857
97347,45.07836,-123.65943
97348,44.38768,-123.12582
97350,44.64786,-121.96146
97351,44.83857,-123.17449
97352,44.75009,-123.02419
97355,44.5315,-122.81701
97357,44.73934,-123.81592
97358,44.80681,-122.40702
97360,44.7515,-122.48529
97361,44.77251,-123.32999
97362,45.06903,-122.7692
97364,44.99889,-123.98703
97365,44.67113,-124.01825
97366,44.58288,-124.04748
97367,44.9122,-123.96914
97368,45.0073,-123.89155
97369,44.76015,-124.05676
97370,44.57901,-123.46907
97371,44.98985,-123.1994
97373,45.05819,-122.77677
97374,44.69285,-122.77379
97375,44.97922,-122.6021
97376,44.50854,-123.9768
97377,44.46403,-123.10156
97378,45.08058,-123.43127
97380,44.77268,-123.94202
97381,44.97014,-122.74749
97383,44.80014,-122.71836
97384,44.79109,-122.62007
97385,44.86633,-122.72924
97386,44.36062,-122.75076
97388,44.87418,-124.01169
97389,44.53269,-123.09028
97390,44.33781,-123.85717
97391,44.59593,-123.8816
97392,44.79096,-122.9413
97394,44.40607,-124.00258
97396,45.11528,-123.5275
97401,44.06803,-123.08171
97402,44.05193,-123.23022
97403,44.03541,-123.05247
97404,44.10518,-123.13315
97405,43.95528,-123.167
97406,42.62638,-123.99867
97408,44.14435,-123.05452
97410,42.80159,-123.11931
97411,43.07557,-124.3624
97412,44.19625,-123.56106
97413,44.09633,-122.01513
97414,42.96653,-124.15026
97415,42.13977,-124.13506
97416,43.03524,-123.69123
97417,42.94014,-123.21802
97419,44.1793,-123.40719
97420,43.34839,-124.10825
97423,43.19137,-124.17177
97424,43.74712,-123.05496
97426,43.90313,-123.02781
97429,42.96778,-123.05442
97430,44.15507,-123.71175
97431,43.87135,-122.81576
97432,43.10445,-123.4294
97434,43.66553,-122.78211
97435,43.7016,-123.33839
97436,43.63958,-123.58256
97437,44.09734,-123.38731
97438,43.96068,-122.65546
97439,44.06573,-124.03705
97441,43.77659,-124.14414
97442,42.76982,-123.40365
97443,43.25014,-123.00255
97444,42.44453,-124.33223
97446,44.26804,-123.05548
97447,43.28409,-122.49807
97448,44.2105,-123.27882
97449,43.57571,-124.08581
97450,42.91026,-124.37398
97451,43.83998,-123.31383
97452,43.88564,-122.72259
97453,43.99422,-123.86344
97454,44.21806,-122.8191
97455,43.96212,-122.91493
97456,44.34036,-123.35893
97457,43.05484,-123.2229
97458,43.06372,-124.01287
97459,43.47444,-124.18216
97461,44.09789,-123.48993
97462,43.49047,-123.38828
97463,43.73951,-122.40591
97465,42.7376,-124.3795
97466,42.86459,-124.08632
97467,43.73557,-123.90442
97469,42.91994,-123.41459
97470,43.23288,-123.23111
97471,43.22215,-123.47486
97473,43.6773,-123.8726
97476,42.84075,-124.43806
97477,44.05861,-123.01126
97478,44.08781,-122.84478
97479,43.40194,-123.19426
97480,44.1303,-123.83213
97481,43.11376,-123.55237
97484,42.93373,-122.84585
97486,43.37778,-123.5351
97487,43.99441,-123.39303
97488,44.13077,-122.41198
97489,44.10986,-122.61962
97490,44.00795,-123.60522
97492,43.77168,-122.49868
97493,43.90256,-124.01602
97494,43.33059,-123.32779
97495,43.28765,-123.30463
97496,43.05261,-123.49992
97497,42.66015,-123.40929
97498,44.27728,-124.01901
97499,43.59495,-123.23356
97501,42.2856,-122.89459
97502,42.40927,-122.94718
97503,42.5836,-122.92721
97504,42.32757,-122.80068
97520,42.15472,-122.53168
97522,42.56594,-122.46886
97523,42.11349,-123.62961
97524,42.46271,-122.66327
97525,42.43557,-123.07606
97526,42.51275,-123.33964
97527,42.37615,-123.38288
97530,42.13778,-123.10507
97531,42.20739,-123.64391
97532,42.56142,-123.58586
97534,42.03616,-123.71641
97535,42.26799,-122.81238
97536,42.78455,-122.50802
97537,42.55041,-123.13357
97538,42.29623,-123.65723
97539,42.59999,-122.79024
97540,42.18615,-122.80027
97541,42.72983,-122.75359
97543,42.37724,-123.56031
97544,42.207,-123.30006
97601,42.44404,-122.06741
97603,42.13704,-121.67766
97604,42.97778,-122.20674
97620,42.223,-119.89677
97621,42.51504,-121.2881
97622,42.39667,-121.01032
97623,42.19905,-121.31016
97624,42.72121,-121.69415
97625,42.31507,-121.58402
97626,42.72488,-122.02011
97627,42.08036,-122.05796
97630,42.29832,-120.39166
97632,42.04175,-121.40597
97633,42.03014,-121.56328
97634,42.12747,-121.80348
97635,41.93173,-120.29974
97636,42.68775,-120.56746
97637,42.46142,-119.92486
97638,43.1458,-121.01156
97639,42.43435,-121.49845
97640,42.90742,-120.65381
97641,43.28742,-120.53809
97701,44.00065,-121.03289
97702,43.98336,-121.21083
97703,44.07281,-121.51971
97707,43.83031,-121.49365
97709,43.89338,-121.85627
97710,42.15095,-118.53902
97711,44.7239,-120.63489
97712,43.77825,-120.42866
97720,43.58799,-118.85806
97721,42.88772,-118.52635
97722,42.95733,-118.69241
97730,44.52265,-121.64535
97731,43.1315,-121.92089
97732,43.41369,-118.40265
97733,43.38441,-121.94778
97734,44.53502,-121.33395
97735,43.39014,-120.99224
97736,42.66655,-118.92058
97737,43.50897,-121.71917
97738,43.51218,-119.25078
97739,43.67259,-121.48693
97741,44.65771,-121.04291
97750,44.67037,-120.12704
97751,44.14856,-119.81945
97752,44.14094,-120.20584
97753,44.22625,-120.99996
97754,44.13577,-120.52848
97756,44.28079,-121.19335
97758,43.41449,-119.74859
97759,44.44428,-121.76823
97760,44.38662,-121.23323
97761,44.8433,-121.29807
97801,45.67317,-118.83362
97810,45.6725,-118.39642
97812,45.58138,-120.21907
97813,45.85305,-118.52802
97814,44.80075,-117.77034
97817,44.6555,-118.60816
97818,45.7567,-119.78444
97819,44.48603,-117.76317
97820,44.16327,-119.21436
97823,45.24334,-120.19097
97824,45.34992,-117.75506
97825,44.38804,-119.51852
97826,45.65508,-119.22586
97827,45.60854,-117.85886
97828,45.71382,-117.25971
97830,44.9779,-120.17165
97833,44.93471,-118.05951
97834,44.97251,-117.20509
97835,45.8992,-118.772
97836,45.29166,-119.50144
97837,44.51127,-118.0483
97838,45.85266,-119.28878
97839,45.58272,-119.60005
97840,44.90218,-116.93608
97841,45.46823,-117.94035
97842,45.57223,-116.82384
97843,45.50479,-119.88066
97844,45.87867,-119.54676
97845,44.41445,-118.90372
97846,45.27465,-117.10956
97848,44.69761,-119.57336
97850,45.30689,-118.13265
97856,44.78426,-119.12976
97857,45.37273,-117.50418
97859,45.5258,-118.43209
97862,45.92712,-118.31797
97864,44.83842,-119.45471
97865,44.42949,-119.19192
97867,45.0627,-117.997
97868,45.40815,-118.86964
97869,44.37993,-118.61425
97870,44.79434,-117.19033
97873,44.12837,-118.99505
97874,44.75783,-119.84828
97875,45.81481,-119.14898
97876,45.52237,-118.02811
97877,44.80662,-118.38766
97880,45.08631,-118.89269
97882,45.90741,-119.34944
97883,45.14264,-117.64047
97884,44.44975,-118.21895
97885,45.65073,-117.50972
97886,45.79604,-118.24924
97901,43.5996,-117.09602
97902,42.91332,-117.49412
97903,44.27772,-117.59775
97904,43.89136,-118.50581
97905,44.58183,-117.4654
97906,43.46049,-117.81783
97907,44.41893,-117.35568
97908,44.25679,-117.94828
97909,44.21096,-117.37909
97910,42.85733,-117.50909
97911,43.85547,-118.02605
97913,43.64688,-117.28131
97914,44.11085,-117.07383
97917,43.5415,-118.11651
97918,43.96255,-117.38073
97920,44.06595,-117.75997
98001,47.30919,-122.26426
98002,47.3082,-122.21567
98003,47.30596,-122.31465
98004,47.61865,-122.20548
98005,47.61494,-122.16814
98006,47.55772,-122.14957
98007,47.61392,-122.14378
98008,47.60551,-122.11219
98010,47.31173,-122.00326
98011,47.75736,-122.19871
98012,47.84205,-122.19813
98014,47.69664,-121.84024
98019,47.74083,-121.93494
98020,47.80015,-122.37267
98021,47.79257,-122.20846
98022,47.1714,-121.67958
98023,47.30881,-122.36198
98024,47.57301,-121.90219
98025,47.43441,-121.9524
98026,47.83555,-122.3316
98027,47.50387,-122.00176
98028,47.75162,-122.24892
98029,47.5576,-122.0091
98030,47.36817,-122.19749
98031,47.4055,-122.1943
98032,47.3922,-122.25819
98033,47.67616,-122.19267
98034,47.71612,-122.21332
98036,47.81094,-122.28155
98037,47.83873,-122.28463
98038,47.41861,-121.95589
98039,47.63308,-122.23963
98040,47.56611,-122.232
98042,47.36508,-122.11623
98043,47.7921,-122.30758
98045,47.48276,-121.65678
98047,47.26079,-122.24822
98050,47.54764,-121.93663
98051,47.3396,-121.89049
98052,47.68148,-122.1203
98053,47.66491,-122.02071
98055,47.44775,-122.20205
98056,47.51281,-122.18923
98057,47.47188,-122.21961
98058,47.44082,-122.12503
98059,47.49563,-122.12474
98065,47.59234,-121.78931
98068,47.45154,-121.35795
98070,47.41219,-122.4726
98072,47.76151,-122.13153
98074,47.62206,-122.04437
98075,47.58683,-122.03796
98077,47.75263,-122.05754
98087,47.8624,-122.2664
98092,47.28851,-122.13123
98101,47.61119,-122.33454
98102,47.63627,-122.32337
98103,47.6732,-122.34258
98104,47.60044,-122.33004
98105,47.66094,-122.28321
98106,47.54339,-122.35366
98107,47.66757,-122.37789
98108,47.54113,-122.3126
98109,47.63128,-122.34486
98110,47.64389,-122.54335
98112,47.63242,-122.28732
98115,47.68547,-122.28234
98116,47.57399,-122.39503
98117,47.6882,-122.38157
98118,47.54235,-122.26872
98119,47.63943,-122.36932
98121,47.61548,-122.34668
98122,47.60985,-122.29569
98125,47.71706,-122.29969
98126,47.54732,-122.37454
98133,47.7399,-122.34432
98134,47.57691,-122.33686
98136,47.53686,-122.38992
98144,47.58582,-122.29205
98146,47.50008,-122.35768
98148,47.44494,-122.32587
98154,47.60621,-122.33379
98155,47.75609,-122.30039
98158,47.45043,-122.30805
98164,47.60596,-122.33203
98166,47.45256,-122.34978
98168,47.48898,-122.30175
98174,47.60477,-122.33528
98177,47.74237,-122.37085
98178,47.49921,-122.24735
98188,47.44754,-122.27398
98195,47.65466,-122.30752
98198,47.39469,-122.31111
98199,47.65139,-122.40223
98201,47.99373,-122.18563
98203,47.94236,-122.23651
98204,47.90105,-122.2586
98207,47.98793,-122.2229
98208,47.90072,-122.18852
98220,48.68526,-122.19678
98221,48.50401,-122.65435
98222,48.56085,-122.80263
98223,48.20994,-121.95081
98224,47.7357,-121.56859
98225,48.75461,-122.50307
98226,48.80064,-122.42299
98229,48.69615,-122.40979
98230,48.95688,-122.7084
98232,48.56531,-122.41498
98233,48.50309,-122.35102
98235,48.4602,-122.22846
98236,47.95804,-122.40468
98237,48.53272,-121.69748
98238,48.33563,-122.34444
98239,48.18926,-122.65756
98240,48.94711,-122.62061
98241,48.21425,-121.33219
98243,48.61512,-122.99882
98244,48.79423,-121.93557
98245,48.66241,-122.91616
98247,48.90459,-122.31732
98248,48.86494,-122.62211
98249,48.01888,-122.53947
98250,48.55264,-123.09631
98251,47.89812,-121.55752
98252,48.06173,-121.70939
98253,48.079,-122.57568
98255,48.52353,-121.99203
98256,47.82883,-121.41464
98257,48.415,-122.50879
98258,48.03252,-122.07762
98260,48.03074,-122.45106
98261,48.48381,-122.88302
98262,48.69317,-122.66406
98263,48.52281,-122.0657
98264,48.94972,-122.45672
98266,48.9576,-122.06189
98267,48.43756,-121.30841
98270,48.05952,-122.1443
98271,48.09373,-122.23559
98272,47.85834,-121.88457
98273,48.40522,-122.36841
98274,48.36013,-122.14346
98275,47.90994,-122.30113
98276,48.92765,-122.32096
98277,48.31688,-122.63152
98278,48.34388,-122.66491
98279,48.64474,-122.80602
98280,48.60866,-122.90554
98281,48.98817,-123.05767
98282,48.18719,-122.46966
98283,48.80137,-121.29997
98284,48.55211,-122.11763
98286,48.57262,-122.95712
98288,47.65204,-121.3574
98290,47.95141,-121.98421
98292,48.22455,-122.3032
98294,47.84431,-121.75822
98295,48.97163,-122.2213
98296,47.84266,-122.10199
98297,48.7005,-123.02834
98303,47.15783,-122.70387
98304,46.87036,-121.73985
98305,48.03148,-124.22934
98310,47.58939,-122.6175
98311,47.62829,-122.63793
98312,47.56435,-122.75706
98314,47.56243,-122.63893
98315,47.72263,-122.71444
98320,47.69861,-123.01742
98321,47.15564,-122.06576
98323,46.98059,-122.006
98325,47.96093,-122.77911
98326,48.17364,-124.45278
98327,47.10203,-122.66061
98328,46.86055,-122.17227
98329,47.37731,-122.72523
98330,46.75874,-122.15894
98331,47.77292,-124.1273
98332,47.36514,-122.59858
98333,47.24771,-122.62561
98335,47.29909,-122.61911
98336,46.56382,-122.10939
98337,47.56345,-122.63405
98338,47.01927,-122.28347
98339,48.02991,-122.74364
98340,47.90622,-122.56406
98342,47.75475,-122.51952
98345,47.69972,-122.62366
98346,47.82005,-122.53399
98349,47.26583,-122.77366
98350,47.90683,-124.62509
98351,47.20353,-122.76773
98353,47.53885,-122.49294
98354,47.25113,-122.31557
98355,46.69179,-122.03978
98356,46.57943,-122.26913
98357,48.33188,-124.62816
98358,48.05796,-122.70008
98359,47.43047,-122.57631
98360,47.03246,-122.1575
98361,46.62786,-121.56385
98362,48.01639,-123.31951
98363,48.03477,-123.76952
98364,47.85455,-122.58638
98365,47.89545,-122.70271
98366,47.53732,-122.58647
98367,47.46141,-122.67662
98368,48.03879,-122.84406
98370,47.75114,-122.62373
98371,47.19957,-122.32191
98372,47.2064,-122.26689
98373,47.14761,-122.32506
98374,47.12904,-122.26156
98375,47.10394,-122.32383
98376,47.8455,-122.85916
98377,46.50586,-121.81912
98380,47.5743,-122.90287
98381,48.28863,-124.45681
98382,48.0131,-123.07437
98383,47.66212,-122.71652
98385,47.13791,-122.09469
98387,47.0562,-122.39111
98388,47.19892,-122.66268
98390,47.21195,-122.22894
98391,47.17654,-122.17362
98392,47.73425,-122.5631
98394,47.32011,-122.77791
98396,47.10669,-122.01052
98402,47.25021,-122.44056
98403,47.26581,-122.45921
98404,47.20927,-122.41139
98405,47.24599,-122.47222
98406,47.26283,-122.50857
98407,47.28889,-122.5111
98408,47.19811,-122.44638
98409,47.21084,-122.48197
98416,47.26271,-122.48196
98418,47.22325,-122.44642
98421,47.25819,-122.40107
98422,47.28907,-122.39123
98424,47.2343,-122.3523
98430,47.11733,-122.56896
98433,47.09121,-122.60772
98438,47.13514,-122.49211
98439,47.13164,-122.49603
98443,47.20522,-122.37592
98444,47.15228,-122.44887
98445,47.13985,-122.40965
98446,47.12935,-122.37424
98447,47.14531,-122.44392
98465,47.24868,-122.53043
98466,47.22842,-122.53479
98467,47.2038,-122.5447
98498,47.16001,-122.55971
98499,47.16662,-122.50624
98501,46.9783,-122.86989
98502,47.08466,-123.02958
98503,47.02528,-122.799
98505,47.07321,-122.97358
98506,47.10286,-122.87307
98512,46.95326,-123.04259
98513,46.99074,-122.73298
98516,47.09647,-122.78265
98520,46.99478,-123.81054
98524,47.36703,-122.84548
98526,47.47749,-123.99227
98527,46.58917,-123.90939
98528,47.44605,-122.89618
98530,46.80519,-122.86804
98531,46.73646,-122.91364
98532,46.63628,-123.03444
98533,46.67304,-122.43115
98535,47.0994,-124.11973
98536,47.18939,-124.111
98537,46.81719,-123.59768
98538,46.47422,-123.15884
98539,46.63772,-123.27315
98541,47.06877,-123.40459
98542,46.5293,-122.73155
98544,46.73912,-123.02712
98546,47.32439,-122.92362
98547,46.78622,-124.01956
98548,47.47064,-123.29273
98550,47.14081,-123.90122
98552,47.3136,-123.9444
98555,47.54634,-123.06369
98556,46.88565,-123.1409
98557,47.04332,-123.2681
98558,46.93579,-122.55998
98559,46.95884,-123.32749
98560,47.30577,-123.43948
98562,47.23877,-124.20336
98563,47.2064,-123.60824
98564,46.45666,-122.43627
98565,46.57838,-122.90693
98566,47.39616,-123.95976
98568,46.86467,-123.30235
98569,47.00206,-124.15479
98570,46.63556,-122.63534
98571,47.20356,-124.19532
98572,46.55256,-123.32429
98575,47.43607,-123.79848
98576,46.84417,-122.64687
98577,46.6418,-123.60031
98579,46.79406,-123.11952
98580,46.9918,-122.50101
98581,46.35875,-123.06865
98582,46.51686,-122.62693
98583,47.00122,-123.4875
98584,47.24608,-123.16209
98585,46.55436,-122.5022
98586,46.55909,-123.8391
98587,47.32039,-124.1562
98588,47.43555,-123.02261
98589,46.84133,-122.82087
98590,46.71882,-124.00272
98591,46.44224,-122.74671
98592,47.32895,-123.07907
98593,46.40767,-123.00807
98595,46.88302,-124.1088
98596,46.49556,-122.95364
98597,46.85241,-122.49212
98601,45.93439,-122.43857
98602,45.8693,-121.27966
98603,46.04223,-122.42001
98604,45.80013,-122.5054
98605,45.77846,-121.6393
98606,45.72921,-122.45615
98607,45.64395,-122.38242
98609,46.0717,-122.86569
98610,45.77765,-122.01401
98611,46.30642,-122.90479
98612,46.23462,-123.31194
98613,45.7542,-120.97235
98614,46.29459,-123.9034
98616,46.06227,-122.14599
98617,45.64283,-121.14229
98619,45.97693,-121.26568
98620,45.87096,-120.77846
98621,46.4006,-123.54428
98623,45.79956,-121.49347
98624,46.3578,-123.94094
98625,46.10871,-122.56093
98626,46.15317,-122.78564
98628,45.85015,-121.09887
98629,45.88109,-122.6148
98631,46.37988,-124.02241
98632,46.21223,-123.06855
98635,45.74364,-121.20915
98638,46.4047,-123.73588
98639,45.64364,-121.96288
98640,46.5429,-124.04938
98641,46.56484,-124.03932
98642,45.80262,-122.7019
98643,46.30326,-123.62117
98644,46.32861,-124.04009
98645,46.32509,-122.77993
98647,46.32137,-123.4354
98648,45.70563,-121.9489
98649,46.31504,-122.53415
98650,45.97117,-121.52732
98651,45.73419,-121.58718
98660,45.6866,-122.73152
98661,45.63935,-122.62586
98662,45.68911,-122.57742
98663,45.65449,-122.66228
98664,45.61966,-122.57738
98665,45.68155,-122.65417
98670,45.86372,-121.14599
98671,45.61143,-122.24955
98672,45.81269,-121.47393
98673,45.67367,-120.98129
98674,45.94672,-122.65568
98675,45.86349,-122.33104
98682,45.67296,-122.48327
98683,45.6027,-122.50984
98684,45.6308,-122.51615
98685,45.71596,-122.69105
98686,45.7239,-122.62305
98801,47.43183,-120.34356
98802,47.49308,-120.16493
98811,47.73425,-120.37379
98812,48.13119,-119.80687
98813,48.01107,-119.61063
98814,48.21001,-120.22884
98815,47.52893,-120.48459
98816,48.0229,-120.34361
98817,47.79049,-119.99588
98819,48.59797,-119.82327
98821,47.55199,-120.56155
98822,47.86509,-120.47694
98823,47.33853,-119.63536
98824,47.06857,-119.86653
98826,47.78772,-120.85454
98827,48.86359,-119.76726
98828,47.30741,-120.1833
98829,48.31103,-119.80822
98830,47.88702,-119.52278
98831,47.93451,-120.12998
98832,47.34669,-119.02033
98833,48.77199,-120.49447
98834,48.11712,-120.08935
98836,47.47615,-120.42909
98837,47.14809,-119.3163
98840,48.27395,-119.51838
98841,48.37602,-119.29817
98843,47.73688,-120.08618
98844,48.91618,-119.24767
98845,47.43039,-119.90923
98846,48.03481,-119.97528
98847,47.42236,-120.62152
98848,47.17182,-119.84109
98849,48.54821,-119.40789
98850,47.40048,-120.03459
98851,47.42002,-119.43462
98852,48.32169,-120.63881
98853,47.44655,-119.28061
98855,48.67641,-119.25634
98856,48.37065,-120.22762
98857,46.98656,-119.03698
98858,47.67938,-119.87974
98859,48.81181,-118.90871
98860,47.46899,-119.12391
98862,48.58491,-120.22792
98901,46.66935,-120.33816
98902,46.59778,-120.53393
98903,46.54807,-120.90226
98908,46.62345,-120.70582
98921,46.43082,-120.31719
98922,47.25056,-120.8821
98923,46.66608,-120.71723
98925,47.28793,-121.28089
98926,46.99054,-120.34902
98930,46.26903,-119.8953
98932,46.33217,-120.16091
98933,46.4029,-120.63756
98934,46.98067,-120.41941
98935,46.13417,-120.06877
98936,46.53597,-120.15391
98937,46.77523,-121.17808
98938,46.38842,-120.09662
98939,46.50105,-120.47077
98940,47.39682,-121.06683
98941,47.22464,-121.00021
98942,46.80322,-120.67454
98943,47.18461,-120.96089
98944,46.49998,-119.66533
98946,47.06515,-120.76512
98947,46.68759,-120.80916
98948,46.23067,-120.37168
98950,46.84642,-119.9877
98951,46.46046,-120.51551
98952,46.34991,-120.81561
98953,46.44149,-120.23284
99001,47.63874,-117.58582
99003,47.91997,-117.27608
99004,47.40869,-117.63575
99005,47.84405,-117.36346
99006,47.95208,-117.51016
99008,47.50449,-117.93533
99009,48.0253,-117.24993
99011,47.61867,-117.64839
99012,47.38137,-117.19145
99013,47.88498,-117.83495
99014,47.56111,-117.59666
99016,47.6217,-117.14623
99017,47.1829,-117.87611
99018,47.2917,-117.15212
99019,47.64222,-117.07688
99020,47.56314,-117.49702
99021,47.84951,-117.18721
99022,47.60084,-117.70869
99023,47.56474,-117.14466
99025,47.78963,-117.08751
99026,47.80375,-117.625
99027,47.71107,-117.12795
99029,47.70639,-117.82406
99030,47.47782,-117.11302
99031,47.41973,-117.35991
99032,47.32405,-118.04613
99033,47.23061,-117.09782
99034,47.8862,-117.76245
99036,47.52005,-117.27197
99037,47.63734,-117.19756
99039,47.33808,-117.23131
99040,47.90355,-117.99885
99101,48.31889,-117.9483
99102,46.79218,-117.25029
99103,47.73041,-118.93171
99105,46.9213,-118.08264
99109,48.29787,-117.69852
99110,48.0083,-117.58112
99111,46.86281,-117.44132
99113,46.58628,-117.1935
99114,48.66067,-117.74333
99115,47.67326,-119.38965
99116,48.01429,-118.93063
99117,47.72818,-118.50108
99118,48.89746,-118.63797
99119,48.50946,-117.29994
99121,48.94382,-118.45568
99122,47.67615,-118.21774
99123,47.89738,-119.04017
99124,48.00284,-118.95243
99125,46.95223,-117.78556
99126,48.73574,-117.97447
99128,47.10045,-117.08523
99129,48.00281,-118.18342
99130,46.99917,-117.18556
99131,48.29511,-118.11731
99133,48.0067,-119.10613
99134,47.43793,-118.32347
99135,47.65658,-119.09608
99136,46.6747,-117.94889
99137,48.1659,-118.09992
99138,48.23093,-118.38876
99139,48.73161,-117.31371
99140,48.135,-118.68722
99141,48.72571,-118.17509
99143,46.74627,-117.85869
99144,47.3681,-118.49041
99146,48.95766,-118.29768
99147,47.83604,-118.43675
99148,48.10874,-117.57514
99149,47.225,-117.46794
99150,48.80622,-118.61071
99151,48.66443,-118.06125
99152,48.85066,-117.39748
99153,48.90951,-117.25229
99154,47.39132,-118.35576
99155,48.27737,-118.9618
99156,48.16211,-117.18826
99157,48.93007,-117.81753
99158,47.13305,-117.24008
99159,47.32872,-118.74338
99160,48.86895,-118.30122
99161,46.89496,-117.13169
99163,46.72798,-117.21654
99166,48.61033,-118.6715
99167,48.41307,-118.11733
99169,47.11875,-118.37424
99170,47.25132,-117.40203
99171,47.10485,-117.6495
99173,48.03702,-117.85708
99174,47.00719,-117.35682
99176,47.09221,-117.41224
99179,46.49239,-117.10762
99180,48.30925,-117.30663
99181,48.1456,-117.76526
99185,47.74014,-118.71697
99201,47.66271,-117.43609
99202,47.65709,-117.37854
99203,47.62945,-117.40291
99204,47.64726,-117.42665
99205,47.69657,-117.44609
99206,47.62755,-117.25448
99207,47.68941,-117.38911
99208,47.78071,-117.46135
99212,47.66504,-117.30914
99216,47.68142,-117.20826
99217,47.7406,-117.26241
99218,47.75894,-117.4087
99223,47.58876,-117.334
99224,47.64729,-117.53552
99251,47.75385,-117.41797
99258,47.66612,-117.40246
99301,46.39184,-118.93509
99320,46.32706,-119.52483
99321,46.86576,-119.88925
99322,45.93176,-120.14083
99323,46.18677,-118.85061
99324,46.04376,-118.38542
99326,46.66705,-118.83769
99328,46.26937,-117.87956
99329,46.13943,-118.14732
99330,46.49447,-119.03021
99333,46.68112,-118.15262
99335,46.65544,-118.47686
99336,46.21302,-119.17954
99337,46.06235,-119.09127
99338,46.17362,-119.27403
99341,46.90663,-118.64224
99343,46.59188,-119.17065
99344,46.82223,-119.17221
99345,45.93623,-119.65919
99346,46.02685,-119.306
99347,46.42531,-117.57128
99348,46.38681,-118.44731
99349,46.73078,-119.6996
99350,46.14477,-119.70944
99352,46.24199,-119.29067
99353,46.31747,-119.37942
99354,46.33153,-119.30106
99356,45.83459,-120.36258
99357,46.89295,-119.67902
99359,46.53325,-118.15697
99360,46.09044,-118.66745
99361,46.23691,-118.14333
99362,46.08727,-118.31269
99363,46.04821,-118.89575
99371,46.79144,-118.30614
99401,46.09041,-117.27336
99402,46.1868,-117.14922
99403,46.38114,-117.25974
99501,61.22005,-149.85872
99502,61.16323,-149.98644
99503,61.90744,-156.85203
99504,61.19195,-149.64255
99505,61.27512,-149.65197
99506,61.26505,-149.80067
99507,61.13336,-149.69001
99508,61.20145,-149.8146
99513,61.21477,-149.88566
99515,61.11733,-149.88894
99516,61.0726,-149.71812
99517,61.19018,-149.93676
99518,61.15949,-149.88479
99519,70.1006,-150.00014
99530,61.18465,-149.98356
99540,61.01464,-149.36859
99546,51.88145,-176.62962
99547,52.22888,-174.20613
99548,56.25468,-158.76004
99549,56.94253,-158.60474
99550,57.8758,-152.8737
99551,60.92101,-161.40212
99552,60.90614,-161.21223
99553,54.1475,-165.83687
99554,62.69018,-164.63054
99555,59.28859,-158.67996
99556,59.82955,-151.64298
99557,61.44142,-155.90217
99558,62.65411,-160.21396
99559,60.76487,-161.90671
99561,60.15504,-164.25495
99563,61.55009,-165.35813
99564,56.30032,-158.41315
99565,56.30415,-158.50039
99566,61.28176,-142.79338
99567,61.26625,-148.86933
99568,60.24952,-150.38501
99569,58.81714,-158.52914
99571,55.29661,-162.58634
99572,60.49348,-150.0567
99573,61.60036,-145.92446
99574,60.73927,-146.4061
99575,61.84391,-158.10825
99576,59.77339,-158.69309
99577,61.1824,-149.29229
99578,60.21644,-162.03311
99579,58.21813,-157.40364
99580,59.34619,-157.48607
99581,62.82476,-164.68692
99583,54.84305,-163.39945
99585,61.87532,-162.04873
99586,62.67463,-144.13884
99587,60.9103,-148.84466
99588,62.42192,-146.4813
99589,59.21186,-161.70123
99590,62.89978,-160.10782
99591,56.58075,-169.61599
99602,62.1868,-159.8198
99603,59.52364,-151.22855
99604,61.52613,-166.11458
99605,60.83286,-149.44797
99606,59.66803,-154.83362
99607,61.5416,-160.3337
99608,57.58454,-154.32545
99609,60.87848,-162.52725
99610,60.29172,-151.27167
99611,60.74777,-150.89
99612,55.08587,-162.2978
99613,59.13496,-155.42696
99614,59.9373,-164.06158
99615,57.57705,-153.39119
99620,63.03047,-163.553
99621,60.79781,-161.41469
99622,59.87667,-163.17154
99623,61.42919,-149.91226
99624,57.44866,-153.85811
99625,59.0683,-156.90093
99626,61.51633,-160.35564
99627,63.18657,-154.75609
99628,58.9033,-158.90867
99630,60.37041,-166.2672
99631,60.60673,-149.58071
99632,62.11232,-163.66455
99633,58.78297,-156.8984
99634,60.68682,-162.00737
99635,60.8062,-152.67734
99636,59.47618,-157.27099
99637,60.5333,-165.1557
99638,53.01329,-168.75359
99639,59.99602,-151.36177
99640,60.29813,-155.40518
99641,60.87722,-162.46152
99643,57.21669,-153.32658
99644,57.92512,-152.4231
99645,61.60763,-148.90394
99647,59.86411,-154.01511
99648,55.93137,-159.15598
99649,57.51501,-157.31076
99650,61.94255,-162.88467
99651,58.97803,-161.71853
99652,61.52621,-149.9616
99653,60.16884,-154.32328
99654,61.607,-149.41443
99655,59.74903,-161.89437
99656,61.86309,-157.41759
99657,61.78916,-161.42698
99658,62.0761,-163.28111
99659,63.4738,-162.12295
99660,57.17993,-170.27914
99661,55.27131,-160.67431
99662,61.84197,-165.58329
99663,59.39488,-151.62729
99664,60.13714,-149.47123
99665,62.66843,-159.56298
99666,62.45498,-165.09492
99667,61.85447,-151.82056
99668,61.65158,-157.12508
99669,60.41497,-151.00207
99670,58.66541,-156.98831
99671,63.47048,-162.25993
99672,60.55026,-150.77907
99674,61.69166,-147.81997
99675,62.98268,-156.08383
99676,62.49792,-149.65848
99677,60.89217,-146.67249
99678,59.20738,-160.52622
99679,61.10509,-160.94865
99680,60.34447,-162.66367
99681,60.57902,-165.20767
99682,61.17145,-151.16797
99683,62.45165,-150.425
99684,64.09938,-160.32776
99685,53.87869,-166.47125
99686,61.04886,-146.19038
99688,61.89412,-150.04749
99689,59.51819,-139.4869
99690,60.48738,-164.81953
99691,62.74385,-153.84293
99692,53.88393,-166.54498
99693,60.83738,-148.15024
99694,61.61854,-149.8255
99695,55.91828,-159.49335
99701,67.25435,-149.87754
99702,64.64835,-147.03879
99703,64.83542,-147.62612
99704,64.29023,-149.20423
99705,64.77356,-147.27055
99706,64.0281,-144.6331
99707,65.1551,-146.25238
99709,64.87402,-148.22458
99712,64.98311,-146.13946
99714,64.4368,-146.69689
99720,66.56395,-152.76395
99721,68.14999,-151.71616
99722,68.14208,-145.49557
99723,71.27434,-156.75394
99724,66.32218,-146.96636
99725,64.8612,-148.02387
99726,66.73615,-151.47757
99727,65.97654,-161.13918
99729,63.22686,-148.10122
99730,65.67807,-145.54055
99732,64.07945,-141.97039
99733,65.79284,-144.18282
99734,70.36201,-149.0021
99736,66.07222,-162.74349
99737,63.62717,-145.07539
99738,65.14953,-142.43307
99739,64.97626,-162.8397
99740,67.70759,-143.95132
99741,64.73808,-156.86351
99742,63.75375,-171.68811
99743,63.90955,-149.91736
99744,64.31361,-149.13217
99745,66.0472,-154.24096
99746,65.70013,-156.33856
99747,70.11882,-143.67029
99748,64.32229,-158.74356
99749,66.9786,-160.43178
99750,67.73299,-164.52122
99751,66.93103,-156.89386
99752,67.29316,-161.91744
99753,64.94112,-161.14536
99754,64.9008,-157.69462
99755,63.68849,-148.88742
99756,64.93645,-150.66654
99757,63.83208,-152.49481
99758,65.15175,-149.3724
99759,69.73723,-162.83741
99760,64.37035,-149.17513
99761,67.6004,-163.03459
99762,64.85078,-164.80261
99763,66.82801,-161.03735
99764,62.76664,-141.67447
99765,64.73066,-158.13108
99766,68.29104,-166.04257
99767,65.49664,-150.14393
99768,65.38635,-153.53826
99769,63.67965,-170.48309
99770,66.60708,-160.07136
99771,64.35764,-161.1989
99772,65.94811,-165.80122
99773,66.88053,-157.14993
99774,66.0232,-149.07982
99775,64.85744,-147.83483
99776,63.35232,-143.43181
99777,65.18392,-152.06673
99778,65.25309,-166.342
99780,63.46295,-142.1701
99781,67.32073,-145.98835
99782,70.63804,-159.97121
99783,65.61191,-168.07732
99784,64.682,-163.4067
99785,65.34151,-166.4942
99786,67.08971,-157.87253
99788,66.64629,-143.78137
99789,70.21348,-150.98966
99790,65.42642,-148.18738
99791,70.48101,-157.3835
99801,58.39785,-134.05472
99820,57.43552,-134.28926
99824,58.27234,-134.40082
99825,58.12864,-136.19507
99826,58.39816,-135.83456
99827,59.02659,-135.88483
99829,58.03502,-135.33856
99830,56.78305,-134.16688
99832,57.96611,-136.08265
99833,56.82952,-133.17986
99835,57.23891,-135.2633
99836,56.23558,-134.65333
99840,59.56297,-135.33626
99841,58.00866,-135.57397
99850,58.48821,-135.48432
99901,55.6227,-131.67157
99903,55.73414,-132.10669
99918,55.94605,-132.74233
99919,55.64983,-132.50337
99921,55.51989,-132.81656
99922,55.30218,-133.03264
99923,55.98043,-130.03803
99925,55.55398,-132.96276
99926,55.12617,-131.48928
99927,56.33305,-133.60044
99929,56.36089,-132.00635
